uid,namedLocation,domainID,siteID,plotID,trapID,setDate,collectDate,processingDate,etOHChangeDate,identifiedDate,sampleID,subsampleID,sampleType,taxonID,scientificName,taxonRank,identificationQualifier,scientificNameAuthorship,morphospeciesID,individualCount,identificationReferences,identifiedBy,recordedBy,remarks
"de2e9527-5887-4f98-9e99-d3cc1885f705","SERC_007.basePlot.bet","D02","SERC","SERC_007","S","2015-06-30","2015-07-14","2015-07-15","2015-08-24",,"SERC_007.S.20150714","VuceAg7yVycbihe2x8O8rFSkPdyrNl4JLgSgBZULVa8=","invert bycatch",,,,,,,,,,"wYCqaZcA+7slXlj5N/mM6vobrh4QDptp",
"23e5031a-8ed2-4e4d-9a55-09ac6c51f6c1","SERC_007.basePlot.bet","D02","SERC","SERC_007","S","2015-06-30","2015-07-14","2015-07-15","2015-08-24","2015-10-28","SERC_007.S.20150714","VuceAg7yVycbihe2x8O8rCSC9K9ghrHOlF4wKkgkNGE=","carabid","ANIRUS","Anisodactylus rusticus","species",,"Say",,6,"Noonan, G. R. 1973. The Anisodactylines (Insecta: Coleoptera: Carabidae: Harpalini): classification, evolution and zoogeography. Quaestiones Entomologicae 9:266-480.","wYCqaZcA+7slXlj5N/mM6vobrh4QDptp","wYCqaZcA+7slXlj5N/mM6vobrh4QDptp",
"418de2ec-14f8-4dfb-8942-8242816d05ba","SERC_015.basePlot.bet","D02","SERC","SERC_015","S","2015-06-30","2015-07-14","2015-07-15","2015-08-24","2015-08-24","SERC_015.S.20150714","oRHnGosYO5OVlOfh6UoAvgfTi+3DNIiHAh6Bpgkb6gY=","carabid","CHLAES","Chlaenius aestivus","species",,"Say",,4,"Ciegler, J. C. 2000. Ground beetles and wrinkled bark beetles of South Carolina (Coleoptera: Geadephaga: Carabidae and Rhysodidae). Biota of South Carolina. Vol. 1. Clemson, S. Clemson University.","wYCqaZcA+7slXlj5N/mM6vobrh4QDptp","wYCqaZcA+7slXlj5N/mM6vobrh4QDptp",
"8d41f87e-2f6d-49d9-9bcb-17b1582408cc","SERC_021.basePlot.bet","D02","SERC","SERC_021","S","2015-06-30","2015-07-14","2015-07-15","2015-08-24",,"SERC_021.S.20150714","abrvHFi/546vIGfJHdKpb3NQXebz9cPuDveSsQNSOkk=","invert bycatch",,,,,,,,,,"wYCqaZcA+7slXlj5N/mM6vobrh4QDptp",
"8fe4023a-8d2a-459c-961d-14c2efaccdc2","SERC_002.basePlot.bet","D02","SERC","SERC_002","S","2015-06-30","2015-07-14","2015-07-15","2015-08-24",,"SERC_002.S.20150714","YcnMnCZo63lkDrP/fuO0GRcsVVbmxOxF+8cwAggR2Jw=","invert bycatch",,,,,,,,,,"wYCqaZcA+7slXlj5N/mM6vobrh4QDptp",
"3de82043-64e3-4d0b-be15-e6d278899e7e","SERC_006.basePlot.bet","D02","SERC","SERC_006","S","2015-06-30","2015-07-14","2015-07-15","2015-08-24",,"SERC_006.S.20150714","ulDxSdgiTKIzGwTPWdjoLLRI7Waq0LhlHaP7IICtdS4=","invert bycatch",,,,,,,,,,"wYCqaZcA+7slXlj5N/mM6vobrh4QDptp",
"5269e8cf-bdef-4891-b9ce-b741905af6e1","SERC_021.basePlot.bet","D02","SERC","SERC_021","S","2015-06-30","2015-07-14","2015-07-15","2015-08-24","2015-08-24","SERC_021.S.20150714","abrvHFi/546vIGfJHdKpb45fZAS8KtVDiYGrVQEVCq4=","carabid","CHLAES","Chlaenius aestivus","species",,"Say",,1,"Ciegler, J. C. 2000. Ground beetles and wrinkled bark beetles of South Carolina (Coleoptera: Geadephaga: Carabidae and Rhysodidae). Biota of South Carolina. Vol. 1. Clemson, S. Clemson University.","wYCqaZcA+7slXlj5N/mM6vobrh4QDptp","wYCqaZcA+7slXlj5N/mM6vobrh4QDptp",
"ae6434e9-8e1a-4977-9d5e-ec70bce0f635","SERC_015.basePlot.bet","D02","SERC","SERC_015","S","2015-06-30","2015-07-14","2015-07-15","2015-08-24","2015-08-24","SERC_015.S.20150714","oRHnGosYO5OVlOfh6UoAvhNOEIgnmDyy4m+FacdIKTE=","carabid","DICFUR2","Dicaelus furvus furvus","subspecies",,"Dejean",,1,"Ciegler, J. C. 2000. Ground beetles and wrinkled bark beetles of South Carolina (Coleoptera: Geadephaga: Carabidae and Rhysodidae). Biota of South Carolina. Vol. 1. Clemson, S. Clemson University.","wYCqaZcA+7slXlj5N/mM6vobrh4QDptp","wYCqaZcA+7slXlj5N/mM6vobrh4QDptp",
"da78d9bd-8682-42e2-816f-8befb059341c","SERC_006.basePlot.bet","D02","SERC","SERC_006","S","2015-06-30","2015-07-14","2015-07-15","2015-08-24",,"SERC_006.S.20150714","ulDxSdgiTKIzGwTPWdjoLLRI7Waq0LhlLUnpDKze2Do=","invert bycatch",,,,,,,,,,"wYCqaZcA+7slXlj5N/mM6vobrh4QDptp",
"e42ccf1d-a35f-4bb6-bc94-f36531aec52a","SERC_006.basePlot.bet","D02","SERC","SERC_006","S","2015-06-30","2015-07-14","2015-07-15","2015-08-24","2015-08-24","SERC_006.S.20150714","ulDxSdgiTKIzGwTPWdjoLMwJ6O6bdF6wJ+I/z6+bqHs=","carabid","CHLAES","Chlaenius aestivus","species",,"Say",,1,"Ciegler, J. C. 2000. Ground beetles and wrinkled bark beetles of South Carolina (Coleoptera: Geadephaga: Carabidae and Rhysodidae). Biota of South Carolina. Vol. 1. Clemson, S. Clemson University.","wYCqaZcA+7slXlj5N/mM6vobrh4QDptp","wYCqaZcA+7slXlj5N/mM6vobrh4QDptp",
"2b88440d-5a25-4541-887c-a5826bb10256","SERC_006.basePlot.bet","D02","SERC","SERC_006","S","2015-06-30","2015-07-14","2015-07-15","2015-08-24","2015-08-24","SERC_006.S.20150714","ulDxSdgiTKIzGwTPWdjoLNVvuP9SGbjHltwH9VhPTGs=","carabid","CARSP14","Carabidae sp.","family",,"Latreille","D02.2015.MorphA",1,"Other","wYCqaZcA+7slXlj5N/mM6vobrh4QDptp","wYCqaZcA+7slXlj5N/mM6vobrh4QDptp","Pterostichus subgenus Abacidus. Doesn't key to any described species- prosternal process margined, ultimate tarsomeres glabrous, pronotal margin distinct to base, aedeagus simple."
"8bce6af2-a23b-427d-b7c8-d785c37a73da","SERC_001.basePlot.bet","D02","SERC","SERC_001","S","2015-06-30","2015-07-14","2015-07-15","2015-08-24",,"SERC_001.S.20150714","UaGVcrvVzDMTNP1CPcl/g46PgR+RvLqrwumY4AOqFKk=","invert bycatch",,,,,,,,,,"wYCqaZcA+7slXlj5N/mM6vobrh4QDptp",
"4bafe5cf-73b7-4434-b37b-20ea2e7a295c","SERC_001.basePlot.bet","D02","SERC","SERC_001","S","2015-06-30","2015-07-14","2015-07-15","2015-08-24","2015-08-24","SERC_001.S.20150714","UaGVcrvVzDMTNP1CPcl/g5WjEVgnqP+ZPPApfEW68ng=","carabid","CARSP14","Carabidae sp.","family",,"Latreille","D02.2015.MorphA",1,"Other","wYCqaZcA+7slXlj5N/mM6vobrh4QDptp","wYCqaZcA+7slXlj5N/mM6vobrh4QDptp","Pterostichus subgenus Abacidus. Doesn't key to any described species- prosternal process margined, ultimate tarsomeres glabrous, pronotal margin distinct to base, aedeagus simple."
"9daa90f6-6fc6-480d-b656-614b4a14de5c","SERC_006.basePlot.bet","D02","SERC","SERC_006","S","2015-06-30","2015-07-14","2015-07-15","2015-08-24","2015-08-24","SERC_006.S.20150714","ulDxSdgiTKIzGwTPWdjoLHTMpjRlNJLYuzlwrbwYthU=","carabid","SCASUB2","Scarites subterraneus","species",,"Fabricius",,1,"Other","wYCqaZcA+7slXlj5N/mM6vobrh4QDptp","wYCqaZcA+7slXlj5N/mM6vobrh4QDptp",
"52f96124-a0e9-4283-bf07-ad324d6d1a95","SERC_009.basePlot.bet","D02","SERC","SERC_009","S","2015-06-30","2015-07-14","2015-07-15","2015-08-24",,"SERC_009.S.20150714","tTNfz4yHzdmJFQIid5wgzp/iBliNBDh+vw1gggqsJK4=","invert bycatch",,,,,,,,,,"wYCqaZcA+7slXlj5N/mM6vobrh4QDptp",
"9796babc-9b59-4aec-a6fb-7bab2e1b6c1f","SERC_010.basePlot.bet","D02","SERC","SERC_010","S","2015-06-30","2015-07-14","2015-07-15","2015-08-24",,"SERC_010.S.20150714","zJWEWmQZoMNAenyerOxLOGsxyXpal1S52QhLr7uI5GI=","invert bycatch",,,,,,,,,,"wYCqaZcA+7slXlj5N/mM6vobrh4QDptp",
"86a997ca-ebf6-4d2c-8a4e-f22c794b7148","SERC_007.basePlot.bet","D02","SERC","SERC_007","S","2015-06-30","2015-07-14","2015-07-15","2015-08-24","2015-08-24","SERC_007.S.20150714","VuceAg7yVycbihe2x8O8rAc1HxID1k6i++KwFUtlkYU=","carabid","STEOCH","Stenolophus ochropezus","species",,"Say",,4,"Ciegler, J. C. 2000. Ground beetles and wrinkled bark beetles of South Carolina (Coleoptera: Geadephaga: Carabidae and Rhysodidae). Biota of South Carolina. Vol. 1. Clemson, S. Clemson University.","wYCqaZcA+7slXlj5N/mM6vobrh4QDptp","wYCqaZcA+7slXlj5N/mM6vobrh4QDptp",
"372de4ef-ecc4-4836-b7be-e397ad8debe6","SERC_007.basePlot.bet","D02","SERC","SERC_007","S","2015-06-30","2015-07-14","2015-07-15","2015-08-24","2015-11-30","SERC_007.S.20150714","VuceAg7yVycbihe2x8O8rMA6SOEag4umQY6PK4NyB2Y=","carabid","HARPEN","Harpalus pensylvanicus","species",,"DeGeer",,1,"Ball, G. E., and J. N. Anderson. 1962. The taxonomy and speciation of Pseudophonus (a subgenus of Harpalus: Haralini: Carabidae, known to occur in North America). The Catholic University of America Press, Washington 17, D. C.","wYCqaZcA+7slXlj5N/mM6vobrh4QDptp","wYCqaZcA+7slXlj5N/mM6vobrh4QDptp",
"d8528a32-396e-4ca7-a2b5-406f468ec87a","SERC_010.basePlot.bet","D02","SERC","SERC_010","S","2015-06-30","2015-07-14","2015-07-15","2015-08-24",,"SERC_010.S.20150714","zJWEWmQZoMNAenyerOxLOGsxyXpal1S5+2uHRYRJqao=","invert bycatch",,,,,,,,,,"wYCqaZcA+7slXlj5N/mM6vobrh4QDptp",
"bf3e734b-cbdb-4430-b466-260cb0b5fe22","SERC_001.basePlot.bet","D02","SERC","SERC_001","S","2015-06-30","2015-07-14","2015-07-15","2015-08-24",,"SERC_001.S.20150714","UaGVcrvVzDMTNP1CPcl/g46PgR+RvLqrClcWP9bpvHk=","invert bycatch",,,,,,,,,,"wYCqaZcA+7slXlj5N/mM6vobrh4QDptp",
"676aa897-d23f-4dff-9924-5b8bc26e5bfc","SERC_003.basePlot.bet","D02","SERC","SERC_003","S","2015-06-30","2015-07-14","2015-07-15","2015-08-24",,"SERC_003.S.20150714","CC7oYVgiCpCbybsEGlEH1uKFcBIj5fL/72kDzZ9ihJI=","invert bycatch",,,,,,,,,,"wYCqaZcA+7slXlj5N/mM6vobrh4QDptp",
"49f55166-ff5b-4e9e-9341-4e81ff874027","SERC_009.basePlot.bet","D02","SERC","SERC_009","S","2015-06-30","2015-07-14","2015-07-15","2015-08-24","2015-08-24","SERC_009.S.20150714","tTNfz4yHzdmJFQIid5wgzkkIhua88UJwXXbfzukL7s0=","carabid","PTESTY","Pterostichus stygicus","species",,"Say",,1,"Bousquet, Y. 2010b. Illustrated Identification Guide to Adults and Larvae of Northeastern North American Ground Beetles (Coleoptera: Carabidae). 1st Ed. Pensoft Publishers, Sofia, Bulgaria.","wYCqaZcA+7slXlj5N/mM6vobrh4QDptp","wYCqaZcA+7slXlj5N/mM6vobrh4QDptp",
"7ce41b98-33f4-4a63-a5d7-de47dca75d3f","SERC_021.basePlot.bet","D02","SERC","SERC_021","S","2015-06-30","2015-07-14","2015-07-15","2015-08-24",,"SERC_021.S.20150714","abrvHFi/546vIGfJHdKpb3NQXebz9cPuFv3EySfgZ7A=","invert bycatch",,,,,,,,,,"wYCqaZcA+7slXlj5N/mM6vobrh4QDptp",
"c40b4972-b14a-4bab-b0d4-5932d434c689","SERC_016.basePlot.bet","D02","SERC","SERC_016","S","2015-06-30","2015-07-14","2015-07-15","2015-08-24",,"SERC_016.S.20150714","YVGGTAS4Nw/QDCDcWJyuGbXQdk0F2UWhIip39dkHZfY=","invert bycatch",,,,,,,,,,"wYCqaZcA+7slXlj5N/mM6vobrh4QDptp",
"c54564d9-ae57-4947-86f1-b9ab517ff71d","SERC_015.basePlot.bet","D02","SERC","SERC_015","S","2015-06-30","2015-07-14","2015-07-15","2015-08-24",,"SERC_015.S.20150714","oRHnGosYO5OVlOfh6UoAvrMZ73fagtPzbmLzoNPzvgk=","invert bycatch",,,,,,,,,,"wYCqaZcA+7slXlj5N/mM6vobrh4QDptp",
"1de25870-8c0b-4943-a423-63f34370a995","SERC_009.basePlot.bet","D02","SERC","SERC_009","S","2015-06-30","2015-07-14","2015-07-15","2015-08-24",,"SERC_009.S.20150714","tTNfz4yHzdmJFQIid5wgzp/iBliNBDh+JA3I6SAn1Oc=","invert bycatch",,,,,,,,,,"wYCqaZcA+7slXlj5N/mM6vobrh4QDptp",
"c10a4541-1271-45cf-b560-a669fa19b0b0","SERC_021.basePlot.bet","D02","SERC","SERC_021","W","2015-06-30","2015-07-14","2015-07-15","2015-08-24",,"SERC_021.W.20150714","abrvHFi/544imcyfF+kn4n+EQapTv5hn1D7A+1dU8go=","invert bycatch",,,,,,,,,,"wYCqaZcA+7slXlj5N/mM6vobrh4QDptp",
"594f0770-c9ff-4f49-9f59-4413401038ed","SERC_010.basePlot.bet","D02","SERC","SERC_010","W","2015-06-30","2015-07-14","2015-07-15","2015-08-24",,"SERC_010.W.20150714","zJWEWmQZoMPpaU7oGDbswfxR4SJa2pDUEzXcadO53z8=","invert bycatch",,,,,,,,,,"wYCqaZcA+7slXlj5N/mM6vobrh4QDptp",
"57e88a19-fb1e-42e3-a150-a3ff16594f3c","SERC_009.basePlot.bet","D02","SERC","SERC_009","W","2015-06-30","2015-07-14","2015-07-15","2015-08-24",,"SERC_009.W.20150714","tTNfz4yHzdkOCKlCL4y8mjVHGcry/qJCjyEot6w4aF4=","invert bycatch",,,,,,,,,,"wYCqaZcA+7slXlj5N/mM6vobrh4QDptp",
"0efba2bf-739b-4d33-98d6-d647b541ffac","SERC_010.basePlot.bet","D02","SERC","SERC_010","E","2015-06-30","2015-07-14","2015-07-15","2015-08-24","2015-08-24","SERC_010.E.20150714","zJWEWmQZoMNVr+IzuVmAIkDkQAWOlyM6EKRMGJ7yoCw=","carabid","CARSP14","Carabidae sp.","family",,"Latreille","D02.2015.MorphA",1,"Other","wYCqaZcA+7slXlj5N/mM6vobrh4QDptp","wYCqaZcA+7slXlj5N/mM6vobrh4QDptp","Pterostichus subgenus Abacidus. Doesn't key to any described species- prosternal process margined, ultimate tarsomeres glabrous, pronotal margin distinct to base, aedeagus simple."
"c82c067b-0d62-48a0-bde7-e6545cbeb040","SERC_003.basePlot.bet","D02","SERC","SERC_003","E","2015-06-30","2015-07-14","2015-07-15","2015-08-24","2015-08-24","SERC_003.E.20150714","CC7oYVgiCpATUy6WPFyiJpCqyxPHgMv/GXDvXorqzeg=","carabid","CARSP14","Carabidae sp.","family",,"Latreille","D02.2015.MorphA",1,"Other","wYCqaZcA+7slXlj5N/mM6vobrh4QDptp","wYCqaZcA+7slXlj5N/mM6vobrh4QDptp","Pterostichus subgenus Abacidus. Doesn't key to any described species- prosternal process margined, ultimate tarsomeres glabrous, pronotal margin distinct to base, aedeagus simple."
"9a6b440f-10ee-45bb-a854-896e120e7056","SERC_009.basePlot.bet","D02","SERC","SERC_009","E","2015-06-30","2015-07-14","2015-07-15","2015-08-24",,"SERC_009.E.20150714","tTNfz4yHzdlGJ3KeWgihN0lWbGSOr0YbjDyoz/6cp04=","invert bycatch",,,,,,,,,,"wYCqaZcA+7slXlj5N/mM6vobrh4QDptp",
"a4933a4f-7414-49d9-9b05-82eed3f835cc","SERC_009.basePlot.bet","D02","SERC","SERC_009","E","2015-06-30","2015-07-14","2015-07-15","2015-08-24",,"SERC_009.E.20150714","tTNfz4yHzdlGJ3KeWgihN0lWbGSOr0YbYHl3KfU0g5Q=","invert bycatch",,,,,,,,,,"wYCqaZcA+7slXlj5N/mM6vobrh4QDptp",
"b3c6875b-00e2-4c99-91f9-01719f874920","SERC_001.basePlot.bet","D02","SERC","SERC_001","E","2015-06-30","2015-07-14","2015-07-15","2015-08-24",,"SERC_001.E.20150714","UaGVcrvVzDNwkOl+brc1rJFIogcK7SvkZIiqQ/xJFM0=","invert bycatch",,,,,,,,,,"wYCqaZcA+7slXlj5N/mM6vobrh4QDptp",
"885b2e63-e0e6-4b8e-899e-3cbc2fcab03d","SERC_006.basePlot.bet","D02","SERC","SERC_006","E","2015-06-30","2015-07-14","2015-07-15","2015-08-24","2015-08-24","SERC_006.E.20150714","ulDxSdgiTKKsykPM3MpMLGXAQQD1ZEGtrFS0CsNCrf8=","carabid","CARSP14","Carabidae sp.","family",,"Latreille","D02.2015.MorphA",1,"Other","wYCqaZcA+7slXlj5N/mM6vobrh4QDptp","wYCqaZcA+7slXlj5N/mM6vobrh4QDptp","Pterostichus subgenus Abacidus. Doesn't key to any described species- prosternal process margined, ultimate tarsomeres glabrous, pronotal margin distinct to base, aedeagus simple."
"881f21ab-c60d-4045-ac9d-72610b8dbe00","SERC_006.basePlot.bet","D02","SERC","SERC_006","E","2015-06-30","2015-07-14","2015-07-15","2015-08-24",,"SERC_006.E.20150714","ulDxSdgiTKKsykPM3MpMLGun0WXe22fCiIeQCNxBsVQ=","invert bycatch",,,,,,,,,,"wYCqaZcA+7slXlj5N/mM6vobrh4QDptp",
"dd72bb0e-fb17-4f3b-a191-a5214b7556c2","SERC_010.basePlot.bet","D02","SERC","SERC_010","E","2015-06-30","2015-07-14","2015-07-15","2015-08-24",,"SERC_010.E.20150714","zJWEWmQZoMNVr+IzuVmAIkT+eYMLbGXhvrkrR7BxHF0=","invert bycatch",,,,,,,,,,"wYCqaZcA+7slXlj5N/mM6vobrh4QDptp",
"8d908326-6f8d-46ea-9d48-680153ccc877","SERC_001.basePlot.bet","D02","SERC","SERC_001","E","2015-06-30","2015-07-14","2015-07-15","2015-08-24",,"SERC_001.E.20150714","UaGVcrvVzDNwkOl+brc1rJFIogcK7Svky9j1+KSbp04=","invert bycatch",,,,,,,,,,"wYCqaZcA+7slXlj5N/mM6vobrh4QDptp",
"dc6e53c8-c714-452d-b15a-e782732d4725","SERC_016.basePlot.bet","D02","SERC","SERC_016","E","2015-06-30","2015-07-14","2015-07-15","2015-08-24","2015-08-24","SERC_016.E.20150714","YVGGTAS4Nw9I7wcGu/Kj84+g/nCxJMgnTp5mJizqd70=","carabid","CHLAES","Chlaenius aestivus","species",,"Say",,1,"Ciegler, J. C. 2000. Ground beetles and wrinkled bark beetles of South Carolina (Coleoptera: Geadephaga: Carabidae and Rhysodidae). Biota of South Carolina. Vol. 1. Clemson, S. Clemson University.","wYCqaZcA+7slXlj5N/mM6vobrh4QDptp","wYCqaZcA+7slXlj5N/mM6vobrh4QDptp",
"2be255d1-0c11-4a95-a947-77275521c307","SERC_015.basePlot.bet","D02","SERC","SERC_015","E","2015-06-30","2015-07-14","2015-07-15","2015-08-24",,"SERC_015.E.20150714","oRHnGosYO5NZrKCHiCE5r1bGjbzFsh5JgIkU9YMKzQA=","invert bycatch",,,,,,,,,,"wYCqaZcA+7slXlj5N/mM6vobrh4QDptp",
"68fb090c-4ccd-42bc-8bd8-dd04f7aa14fa","SERC_021.basePlot.bet","D02","SERC","SERC_021","E","2015-06-30","2015-07-14","2015-07-15","2015-08-24",,"SERC_021.E.20150714","abrvHFi/544rIYvVrnVG5qr30Z27cd2LPnMiYe5f3Rg=","invert bycatch",,,,,,,,,,"wYCqaZcA+7slXlj5N/mM6vobrh4QDptp",
"bcd8d30b-ecc7-41cc-b88f-dd3a1a66267a","SERC_016.basePlot.bet","D02","SERC","SERC_016","E","2015-06-30","2015-07-14","2015-07-15","2015-08-24",,"SERC_016.E.20150714","YVGGTAS4Nw9I7wcGu/Kj8xQcsbjMfoSdObi3xxEl/rI=","invert bycatch",,,,,,,,,,"wYCqaZcA+7slXlj5N/mM6vobrh4QDptp",
"00208836-3b21-463b-a5c0-f0a78bf26b35","SERC_002.basePlot.bet","D02","SERC","SERC_002","E","2015-06-30","2015-07-14","2015-07-15","2015-08-24","2015-08-24","SERC_002.E.20150714","YcnMnCZo63n4X9d+wTtLlP/0Kp2AUD8moq4a+Yl/ejU=","carabid","MYACOR","Myas coracinus","species",,"Say",,1,"Ciegler, J. C. 2000. Ground beetles and wrinkled bark beetles of South Carolina (Coleoptera: Geadephaga: Carabidae and Rhysodidae). Biota of South Carolina. Vol. 1. Clemson, S. Clemson University.","wYCqaZcA+7slXlj5N/mM6vobrh4QDptp","wYCqaZcA+7slXlj5N/mM6vobrh4QDptp",
"552929e1-e61e-472c-a619-1691630bf590","SERC_002.basePlot.bet","D02","SERC","SERC_002","E","2015-06-30","2015-07-14","2015-07-15","2015-08-24","2015-08-24","SERC_002.E.20150714","YcnMnCZo63n4X9d+wTtLlGgDrtIu6jlrq4mvWeBHPqQ=","carabid","CARSP14","Carabidae sp.","family",,"Latreille","D02.2015.MorphA",2,"Other","wYCqaZcA+7slXlj5N/mM6vobrh4QDptp","wYCqaZcA+7slXlj5N/mM6vobrh4QDptp","Pterostichus subgenus Abacidus. Doesn't key to any described species- prosternal process margined, ultimate tarsomeres glabrous, pronotal margin distinct to base, aedeagus simple."
"b1a2474f-d987-4f4d-b283-cdc4ad74896b","SERC_007.basePlot.bet","D02","SERC","SERC_007","W","2015-06-30","2015-07-14","2015-07-15","2015-08-24","2015-08-24","SERC_007.W.20150714","VuceAg7yVycN8DaQWzDzg6fVT30hriWhaeTqt+NV1A4=","carabid","SCASUB2","Scarites subterraneus","species",,"Fabricius",,5,"Other","wYCqaZcA+7slXlj5N/mM6vobrh4QDptp","wYCqaZcA+7slXlj5N/mM6vobrh4QDptp",
"1d75eb86-656e-4452-aefc-d60152068795","SERC_016.basePlot.bet","D02","SERC","SERC_016","W","2015-06-30","2015-07-14","2015-07-15","2015-08-24","2015-08-24","SERC_016.W.20150714","YVGGTAS4Nw9LB+ZV7esb33XHhBTsxIEeJiw0ytULRsQ=","carabid","CHLAES","Chlaenius aestivus","species",,"Say",,1,"Ciegler, J. C. 2000. Ground beetles and wrinkled bark beetles of South Carolina (Coleoptera: Geadephaga: Carabidae and Rhysodidae). Biota of South Carolina. Vol. 1. Clemson, S. Clemson University.","wYCqaZcA+7slXlj5N/mM6vobrh4QDptp","wYCqaZcA+7slXlj5N/mM6vobrh4QDptp",
"aecf8a04-13a9-4467-b029-0c6579085de1","SERC_016.basePlot.bet","D02","SERC","SERC_016","W","2015-06-30","2015-07-14","2015-07-15","2015-08-24",,"SERC_016.W.20150714","YVGGTAS4Nw9LB+ZV7esb3zgwExpjjTjlMfjbqkkQ4xc=","invert bycatch",,,,,,,,,,"wYCqaZcA+7slXlj5N/mM6vobrh4QDptp",
"e16fc9e6-55ee-4d2c-9249-97a3c630c6ef","SERC_021.basePlot.bet","D02","SERC","SERC_021","W","2015-06-30","2015-07-14","2015-07-15","2015-08-24","2015-08-24","SERC_021.W.20150714","abrvHFi/544imcyfF+kn4osA2IZGXmM3xX5adLyQPyU=","carabid","DICPOL","Dicaelus politus","species",,"Dejean",,1,"Ciegler, J. C. 2000. Ground beetles and wrinkled bark beetles of South Carolina (Coleoptera: Geadephaga: Carabidae and Rhysodidae). Biota of South Carolina. Vol. 1. Clemson, S. Clemson University.","wYCqaZcA+7slXlj5N/mM6vobrh4QDptp","wYCqaZcA+7slXlj5N/mM6vobrh4QDptp",
"c9bbce3e-aa6b-4d41-8d5b-479602f07ec9","SERC_002.basePlot.bet","D02","SERC","SERC_002","W","2015-06-30","2015-07-14","2015-07-15","2015-08-24",,"SERC_002.W.20150714","YcnMnCZo63lEMCEtrcXtsbc1sdzn+OEX83S+DYKUBc0=","invert bycatch",,,,,,,,,,"wYCqaZcA+7slXlj5N/mM6vobrh4QDptp",
"95266e8f-cfd0-4eed-8c46-6f47686eff6f","SERC_021.basePlot.bet","D02","SERC","SERC_021","W","2015-06-30","2015-07-14","2015-07-15","2015-08-24",,"SERC_021.W.20150714","abrvHFi/544imcyfF+kn4n+EQapTv5hn438oiYBfDT0=","invert bycatch",,,,,,,,,,"wYCqaZcA+7slXlj5N/mM6vobrh4QDptp",
"c865807b-c202-404c-8f84-39540bd532d1","SERC_021.basePlot.bet","D02","SERC","SERC_021","W","2015-06-30","2015-07-14","2015-07-15","2015-08-24","2015-08-24","SERC_021.W.20150714","abrvHFi/544imcyfF+kn4pXkov+InAp6REC5Q2Fzi3Y=","carabid","DICFUR2","Dicaelus furvus furvus","subspecies",,"Dejean",,1,"Ciegler, J. C. 2000. Ground beetles and wrinkled bark beetles of South Carolina (Coleoptera: Geadephaga: Carabidae and Rhysodidae). Biota of South Carolina. Vol. 1. Clemson, S. Clemson University.","wYCqaZcA+7slXlj5N/mM6vobrh4QDptp","wYCqaZcA+7slXlj5N/mM6vobrh4QDptp",
"76878c36-7132-4fac-baac-88b516472735","SERC_006.basePlot.bet","D02","SERC","SERC_006","W","2015-06-30","2015-07-14","2015-07-15","2015-08-24","2015-08-24","SERC_006.W.20150714","ulDxSdgiTKLdBAsavAcEZcGVs4pDgyV6K4n+iMJUI+I=","carabid","CHLIMP","Chlaenius impunctifrons","species",,"Say",,1,"Ciegler, J. C. 2000. Ground beetles and wrinkled bark beetles of South Carolina (Coleoptera: Geadephaga: Carabidae and Rhysodidae). Biota of South Carolina. Vol. 1. Clemson, S. Clemson University.","wYCqaZcA+7slXlj5N/mM6vobrh4QDptp","wYCqaZcA+7slXlj5N/mM6vobrh4QDptp",
"654a2a4c-9cf5-4d20-a935-92db9e1b8825","SERC_015.basePlot.bet","D02","SERC","SERC_015","W","2015-06-30","2015-07-14","2015-07-15","2015-08-24",,"SERC_015.W.20150714","oRHnGosYO5NRgt2nTfYmTofQx435wZ221EftqTqI9SU=","invert bycatch",,,,,,,,,,"wYCqaZcA+7slXlj5N/mM6vobrh4QDptp",
"f869dbe8-e561-4d84-a59e-1ada7b56040c","SERC_006.basePlot.bet","D02","SERC","SERC_006","W","2015-06-30","2015-07-14","2015-07-15","2015-08-24","2015-08-24","SERC_006.W.20150714","ulDxSdgiTKLdBAsavAcEZVBIbmkNx3XHeqJvT+AsBek=","carabid","PTESTY","Pterostichus stygicus","species",,"Say",,1,"Bousquet, Y. 2010b. Illustrated Identification Guide to Adults and Larvae of Northeastern North American Ground Beetles (Coleoptera: Carabidae). 1st Ed. Pensoft Publishers, Sofia, Bulgaria.","wYCqaZcA+7slXlj5N/mM6vobrh4QDptp","wYCqaZcA+7slXlj5N/mM6vobrh4QDptp",
"18c7f4a6-ed09-493c-92dc-bc93a0659f45","SERC_010.basePlot.bet","D02","SERC","SERC_010","W","2015-06-30","2015-07-14","2015-07-15","2015-08-24","2015-08-24","SERC_010.W.20150714","zJWEWmQZoMPpaU7oGDbswZQt+7wi4e8YcorvCgN9HwA=","carabid","PTESTY","Pterostichus stygicus","species",,"Say",,1,"Bousquet, Y. 2010b. Illustrated Identification Guide to Adults and Larvae of Northeastern North American Ground Beetles (Coleoptera: Carabidae). 1st Ed. Pensoft Publishers, Sofia, Bulgaria.","wYCqaZcA+7slXlj5N/mM6vobrh4QDptp","wYCqaZcA+7slXlj5N/mM6vobrh4QDptp",
"d18f41da-3a7b-4b6f-af3e-f0b8467627e6","SERC_010.basePlot.bet","D02","SERC","SERC_010","W","2015-06-30","2015-07-14","2015-07-15","2015-08-24","2015-08-24","SERC_010.W.20150714","zJWEWmQZoMPpaU7oGDbswTP9MfhIpNJPG6v4x2D0hUc=","carabid","GALBIC","Galerita bicolor","species",,"Drury",,1,"Ciegler, J. C. 2000. Ground beetles and wrinkled bark beetles of South Carolina (Coleoptera: Geadephaga: Carabidae and Rhysodidae). Biota of South Carolina. Vol. 1. Clemson, S. Clemson University.","wYCqaZcA+7slXlj5N/mM6vobrh4QDptp","wYCqaZcA+7slXlj5N/mM6vobrh4QDptp",
"db93599a-1978-4dfe-9a8a-5c33405e3d08","SERC_001.basePlot.bet","D02","SERC","SERC_001","W","2015-06-30","2015-07-14","2015-07-15","2015-08-24",,"SERC_001.W.20150714","UaGVcrvVzDOutGB3sFAIca3x89TyNr7sSBZg6h67dnU=","invert bycatch",,,,,,,,,,"wYCqaZcA+7slXlj5N/mM6vobrh4QDptp",
"0f97408b-a733-4cf6-bb13-9d98cf33b6a7","SERC_010.basePlot.bet","D02","SERC","SERC_010","W","2015-06-30","2015-07-14","2015-07-15","2015-08-24","2015-08-24","SERC_010.W.20150714","zJWEWmQZoMPpaU7oGDbswQ2x3dIn9AwzDbWZa1/orFo=","carabid","CARSP14","Carabidae sp.","family",,"Latreille","D02.2015.MorphA",1,"Other","wYCqaZcA+7slXlj5N/mM6vobrh4QDptp","wYCqaZcA+7slXlj5N/mM6vobrh4QDptp","Pterostichus subgenus Abacidus. Doesn't key to any described species- prosternal process margined, ultimate tarsomeres glabrous, pronotal margin distinct to base, aedeagus simple."
"9702b87f-2b9c-45d1-b51d-172a626578e8","SERC_009.basePlot.bet","D02","SERC","SERC_009","W","2015-06-30","2015-07-14","2015-07-15","2015-08-24",,"SERC_009.W.20150714","tTNfz4yHzdkOCKlCL4y8mjVHGcry/qJCOvF9OoRCDXU=","invert bycatch",,,,,,,,,,"wYCqaZcA+7slXlj5N/mM6vobrh4QDptp",
"f5d1ee0c-2e3a-4881-9bb9-44cc71b25aab","SERC_009.basePlot.bet","D02","SERC","SERC_009","W","2015-06-30","2015-07-14","2015-07-15","2015-08-24",,"SERC_009.W.20150714","tTNfz4yHzdkOCKlCL4y8mjVHGcry/qJCpvjGgNHH6f4=","invert bycatch",,,,,,,,,,"wYCqaZcA+7slXlj5N/mM6vobrh4QDptp",
"2b858ea4-67e2-4e2c-ad33-d6fbb6716904","SERC_007.basePlot.bet","D02","SERC","SERC_007","W","2015-06-30","2015-07-14","2015-07-15","2015-08-24",,"SERC_007.W.20150714","VuceAg7yVycN8DaQWzDzgxWRU+jeQNFhvjjouKLGndg=","invert bycatch",,,,,,,,,,"wYCqaZcA+7slXlj5N/mM6vobrh4QDptp",
"0eb43a17-f2e4-4a4f-b9ea-b04dc30746a8","SERC_009.basePlot.bet","D02","SERC","SERC_009","W","2015-06-30","2015-07-14","2015-07-15","2015-08-24","2015-08-24","SERC_009.W.20150714","tTNfz4yHzdkOCKlCL4y8mrlEzRowFlAavTezsGUfQMI=","carabid","CHLAES","Chlaenius aestivus","species",,"Say",,2,"Ciegler, J. C. 2000. Ground beetles and wrinkled bark beetles of South Carolina (Coleoptera: Geadephaga: Carabidae and Rhysodidae). Biota of South Carolina. Vol. 1. Clemson, S. Clemson University.","wYCqaZcA+7slXlj5N/mM6vobrh4QDptp","wYCqaZcA+7slXlj5N/mM6vobrh4QDptp",
"d6a27b8f-8542-4bcf-8574-5127017963d9","SERC_010.basePlot.bet","D02","SERC","SERC_010","W","2015-06-30","2015-07-14","2015-07-15","2015-08-24","2015-08-24","SERC_010.W.20150714","zJWEWmQZoMPpaU7oGDbswRSry8U90kpzBwC2qHbFzlc=","carabid","CHLAES","Chlaenius aestivus","species",,"Say",,9,"Ciegler, J. C. 2000. Ground beetles and wrinkled bark beetles of South Carolina (Coleoptera: Geadephaga: Carabidae and Rhysodidae). Biota of South Carolina. Vol. 1. Clemson, S. Clemson University.","wYCqaZcA+7slXlj5N/mM6vobrh4QDptp","wYCqaZcA+7slXlj5N/mM6vobrh4QDptp",
"912a290b-95b8-4c3e-95a2-13c0a5fbeb18","SERC_007.basePlot.bet","D02","SERC","SERC_007","W","2015-06-30","2015-07-14","2015-07-15","2015-08-24","2015-08-24","SERC_007.W.20150714","VuceAg7yVycN8DaQWzDzgyacpjHv3yjVF+2lDb8zlE4=","carabid","STEOCH","Stenolophus ochropezus","species",,"Say",,6,"Ciegler, J. C. 2000. Ground beetles and wrinkled bark beetles of South Carolina (Coleoptera: Geadephaga: Carabidae and Rhysodidae). Biota of South Carolina. Vol. 1. Clemson, S. Clemson University.","wYCqaZcA+7slXlj5N/mM6vobrh4QDptp","wYCqaZcA+7slXlj5N/mM6vobrh4QDptp",
"5974ba26-49a1-4505-a6c4-493b834197d7","SERC_003.basePlot.bet","D02","SERC","SERC_003","W","2015-06-30","2015-07-14","2015-07-15","2015-08-24",,"SERC_003.W.20150714","CC7oYVgiCpAMTHWtAUJFjjZpY3jdHlgfIJJV8/p4FqI=","invert bycatch",,,,,,,,,,"wYCqaZcA+7slXlj5N/mM6vobrh4QDptp",
"5cdfd4d8-cf00-4968-b60b-5523f3722a38","SERC_006.basePlot.bet","D02","SERC","SERC_006","W","2015-06-30","2015-07-14","2015-07-15","2015-08-24",,"SERC_006.W.20150714","ulDxSdgiTKLdBAsavAcEZcWQ0nPkssrejuNL2dSIHYU=","invert bycatch",,,,,,,,,,"wYCqaZcA+7slXlj5N/mM6vobrh4QDptp",
"8b310b38-d135-4366-8e73-87b6e102048d","SERC_006.basePlot.bet","D02","SERC","SERC_006","W","2015-06-30","2015-07-14","2015-07-15","2015-08-24","2015-08-24","SERC_006.W.20150714","ulDxSdgiTKLdBAsavAcEZb/FQlgHbhLi5+SKnLebtAg=","carabid","CHLAES","Chlaenius aestivus","species",,"Say",,4,"Ciegler, J. C. 2000. Ground beetles and wrinkled bark beetles of South Carolina (Coleoptera: Geadephaga: Carabidae and Rhysodidae). Biota of South Carolina. Vol. 1. Clemson, S. Clemson University.","wYCqaZcA+7slXlj5N/mM6vobrh4QDptp","wYCqaZcA+7slXlj5N/mM6vobrh4QDptp",
"d788f0aa-d992-432e-b0ff-07d10c19da99","SERC_010.basePlot.bet","D02","SERC","SERC_010","W","2015-06-30","2015-07-14","2015-07-15","2015-08-24","2015-08-24","SERC_010.W.20150714","zJWEWmQZoMPpaU7oGDbswXHVM/kUaLf3wgjnZ7FGt5c=","carabid","DICDIL1","Dicaelus dilatatus dilatatus","subspecies",,"Say",,1,"Ciegler, J. C. 2000. Ground beetles and wrinkled bark beetles of South Carolina (Coleoptera: Geadephaga: Carabidae and Rhysodidae). Biota of South Carolina. Vol. 1. Clemson, S. Clemson University.","wYCqaZcA+7slXlj5N/mM6vobrh4QDptp","wYCqaZcA+7slXlj5N/mM6vobrh4QDptp",
"2a5fb669-1d01-4341-9804-efb58ad52a1f","SERC_001.basePlot.bet","D02","SERC","SERC_001","W","2015-06-30","2015-07-14","2015-07-15","2015-08-24",,"SERC_001.W.20150714","UaGVcrvVzDOutGB3sFAIca3x89TyNr7sojwJKYxI3AA=","invert bycatch",,,,,,,,,,"wYCqaZcA+7slXlj5N/mM6vobrh4QDptp",
"c69fa39e-e5c3-43bb-b9ed-e27c9206cf31","SERC_010.basePlot.bet","D02","SERC","SERC_010","W","2015-06-30","2015-07-14","2015-07-15","2015-08-24",,"SERC_010.W.20150714","zJWEWmQZoMPpaU7oGDbswfxR4SJa2pDU9flA28dDcP8=","invert bycatch",,,,,,,,,,"wYCqaZcA+7slXlj5N/mM6vobrh4QDptp",
"62c10cb2-dd9d-456f-b6b8-c56f3d1611fa","SERC_021.basePlot.bet","D02","SERC","SERC_021","W","2015-06-30","2015-07-14","2015-07-15","2015-08-24","2015-08-24","SERC_021.W.20150714","abrvHFi/544imcyfF+kn4omOOz/Lvq0GaLrPT9A6NYc=","carabid","CARGOR","Carabus goryi","species",,"Dejean",,1,"Ciegler, J. C. 2000. Ground beetles and wrinkled bark beetles of South Carolina (Coleoptera: Geadephaga: Carabidae and Rhysodidae). Biota of South Carolina. Vol. 1. Clemson, S. Clemson University.","wYCqaZcA+7slXlj5N/mM6vobrh4QDptp","wYCqaZcA+7slXlj5N/mM6vobrh4QDptp",
"6a113a47-d52e-4d24-b83b-ae9bfb31fb2d","SERC_006.basePlot.bet","D02","SERC","SERC_006","W","2015-06-30","2015-07-14","2015-07-15","2015-08-24",,"SERC_006.W.20150714","ulDxSdgiTKLdBAsavAcEZcWQ0nPkssreF3Jokss+xmM=","invert bycatch",,,,,,,,,,"wYCqaZcA+7slXlj5N/mM6vobrh4QDptp",
"eb469312-cab4-46fe-a091-5f0dee17c418","SERC_006.basePlot.bet","D02","SERC","SERC_006","W","2015-06-30","2015-07-14","2015-07-15","2015-08-24","2015-08-24","SERC_006.W.20150714","ulDxSdgiTKLdBAsavAcEZd6I5QG11FB4Y9XDnhxPQao=","carabid","CARSP14","Carabidae sp.","family",,"Latreille","D02.2015.MorphA",2,"Other","wYCqaZcA+7slXlj5N/mM6vobrh4QDptp","wYCqaZcA+7slXlj5N/mM6vobrh4QDptp","Pterostichus subgenus Abacidus. Doesn't key to any described species- prosternal process margined, ultimate tarsomeres glabrous, pronotal margin distinct to base, aedeagus simple."
"02e29bf0-bf63-417d-9af8-4a651114a863","SERC_021.basePlot.bet","D02","SERC","SERC_021","E","2015-06-30","2015-07-14","2015-07-15","2015-08-24",,"SERC_021.E.20150714","abrvHFi/544rIYvVrnVG5qr30Z27cd2LIQSB9bF9Wtk=","invert bycatch",,,,,,,,,,"wYCqaZcA+7slXlj5N/mM6vobrh4QDptp",
"f528aab2-28b4-44d8-89cf-133ba96c65db","SERC_006.basePlot.bet","D02","SERC","SERC_006","E","2015-06-30","2015-07-14","2015-07-15","2015-08-24",,"SERC_006.E.20150714","ulDxSdgiTKKsykPM3MpMLGun0WXe22fC6QEkZ+WoKYo=","invert bycatch",,,,,,,,,,"wYCqaZcA+7slXlj5N/mM6vobrh4QDptp",
"2f71356f-ff3d-4e09-a299-5f07b1d0cccd","SERC_002.basePlot.bet","D02","SERC","SERC_002","E","2015-06-30","2015-07-14","2015-07-15","2015-08-24",,"SERC_002.E.20150714","YcnMnCZo63n4X9d+wTtLlOVc6qfiwmRdCqUhM3EeD50=","invert bycatch",,,,,,,,,,"wYCqaZcA+7slXlj5N/mM6vobrh4QDptp",
"89c403cb-1212-482c-80ce-50d17ec78843","SERC_002.basePlot.bet","D02","SERC","SERC_002","E","2015-06-30","2015-07-14","2015-07-15","2015-08-24","2015-08-24","SERC_002.E.20150714","YcnMnCZo63n4X9d+wTtLlE5wB8qFfQBqJTVhibNbY2o=","carabid","CHLAES","Chlaenius aestivus","species",,"Say",,3,"Ciegler, J. C. 2000. Ground beetles and wrinkled bark beetles of South Carolina (Coleoptera: Geadephaga: Carabidae and Rhysodidae). Biota of South Carolina. Vol. 1. Clemson, S. Clemson University.","wYCqaZcA+7slXlj5N/mM6vobrh4QDptp","wYCqaZcA+7slXlj5N/mM6vobrh4QDptp",
"8392a876-0f3e-4a56-94fa-10d9469a8001","SERC_010.basePlot.bet","D02","SERC","SERC_010","E","2015-06-30","2015-07-14","2015-07-15","2015-08-24",,"SERC_010.E.20150714","zJWEWmQZoMNVr+IzuVmAIkT+eYMLbGXheq9HKt6cauw=","invert bycatch",,,,,,,,,,"wYCqaZcA+7slXlj5N/mM6vobrh4QDptp",
"5fc85642-9432-48f8-9293-2a4ad7d32793","SERC_010.basePlot.bet","D02","SERC","SERC_010","E","2015-06-30","2015-07-14","2015-07-15","2015-08-24","2015-08-24","SERC_010.E.20150714","zJWEWmQZoMNVr+IzuVmAInqZT0tBWWKxk7BxL5E7eYs=","carabid","POLLAE","Polyderis laeva","species",,"Say",,1,"Ciegler, J. C. 2000. Ground beetles and wrinkled bark beetles of South Carolina (Coleoptera: Geadephaga: Carabidae and Rhysodidae). Biota of South Carolina. Vol. 1. Clemson, S. Clemson University.","wYCqaZcA+7slXlj5N/mM6vobrh4QDptp","wYCqaZcA+7slXlj5N/mM6vobrh4QDptp",
"929bd58c-2904-4049-8826-f1b01258b678","SERC_003.basePlot.bet","D02","SERC","SERC_003","E","2015-06-30","2015-07-14","2015-07-15","2015-08-24",,"SERC_003.E.20150714","CC7oYVgiCpATUy6WPFyiJrbeJDBCAmp1UFHx6fDYLzg=","invert bycatch",,,,,,,,,,"wYCqaZcA+7slXlj5N/mM6vobrh4QDptp",
"7171d733-9368-4af7-b9cc-19c4b391de87","SERC_009.basePlot.bet","D02","SERC","SERC_009","E","2015-06-30","2015-07-14","2015-07-15","2015-08-24",,"SERC_009.E.20150714","tTNfz4yHzdlGJ3KeWgihN0lWbGSOr0YbOsnr81wtKQ4=","invert bycatch",,,,,,,,,,"wYCqaZcA+7slXlj5N/mM6vobrh4QDptp",
"423fe92b-db44-4a2d-a8f3-1c8eccef16cd","SERC_006.basePlot.bet","D02","SERC","SERC_006","N","2015-06-30","2015-07-14","2015-07-15","2015-08-24","2015-08-24","SERC_006.N.20150714","ulDxSdgiTKJShrRoRejxxs0tEOlldIRJCKw6AdtSg/g=","carabid","CHLAES","Chlaenius aestivus","species",,"Say",,6,"Ciegler, J. C. 2000. Ground beetles and wrinkled bark beetles of South Carolina (Coleoptera: Geadephaga: Carabidae and Rhysodidae). Biota of South Carolina. Vol. 1. Clemson, S. Clemson University.","wYCqaZcA+7slXlj5N/mM6vobrh4QDptp","wYCqaZcA+7slXlj5N/mM6vobrh4QDptp",
"4cc5a030-ef31-42d5-a4da-1e9e9a44ca34","SERC_006.basePlot.bet","D02","SERC","SERC_006","N","2015-06-30","2015-07-14","2015-07-15","2015-08-24",,"SERC_006.N.20150714","ulDxSdgiTKJShrRoRejxxq5K4ZxuuGEhXT0RTziD1V8=","invert bycatch",,,,,,,,,,"wYCqaZcA+7slXlj5N/mM6vobrh4QDptp",
"941e6366-3aba-48ff-bc77-9292f8a20a01","SERC_001.basePlot.bet","D02","SERC","SERC_001","N","2015-06-30","2015-07-14","2015-07-15","2015-08-24",,"SERC_001.N.20150714","UaGVcrvVzDP2WW+JNy3ovWN+eBpr7Act5PeS+9OIxLY=","invert bycatch",,,,,,,,,,"wYCqaZcA+7slXlj5N/mM6vobrh4QDptp",
"3ec8d86c-eb13-47fd-97f4-0348c2a8a1c9","SERC_006.basePlot.bet","D02","SERC","SERC_006","N","2015-06-30","2015-07-14","2015-07-15","2015-08-24","2015-08-24","SERC_006.N.20150714","ulDxSdgiTKJShrRoRejxxvlswpTX00ljRYPZ/F3LDJA=","carabid","PTESTY","Pterostichus stygicus","species",,"Say",,1,"Bousquet, Y. 2010b. Illustrated Identification Guide to Adults and Larvae of Northeastern North American Ground Beetles (Coleoptera: Carabidae). 1st Ed. Pensoft Publishers, Sofia, Bulgaria.","wYCqaZcA+7slXlj5N/mM6vobrh4QDptp","wYCqaZcA+7slXlj5N/mM6vobrh4QDptp",
"964dff36-42d6-4ab6-8fed-761ecf176ebe","SERC_006.basePlot.bet","D02","SERC","SERC_006","N","2015-06-30","2015-07-14","2015-07-15","2015-08-24",,"SERC_006.N.20150714","ulDxSdgiTKJShrRoRejxxq5K4ZxuuGEhiA1aYmuQ6Jc=","invert bycatch",,,,,,,,,,"wYCqaZcA+7slXlj5N/mM6vobrh4QDptp",
"40d52078-d28e-41f0-8189-ea3095330830","SERC_002.basePlot.bet","D02","SERC","SERC_002","N","2015-06-30","2015-07-14","2015-07-15","2015-08-24",,"SERC_002.N.20150714","YcnMnCZo63lrLwHfMM6HvSmgn6Fw+TGgJzdxBgWhGyE=","invert bycatch",,,,,,,,,,"wYCqaZcA+7slXlj5N/mM6vobrh4QDptp",
"b7b05fbf-5c9f-468c-ad14-ffbbbd68b2c1","SERC_010.basePlot.bet","D02","SERC","SERC_010","N","2015-06-30","2015-07-14","2015-07-15","2015-08-24",,"SERC_010.N.20150714","zJWEWmQZoMOE5uQVqsDQWmCBztZpZMyjMX2TboEkxZs=","invert bycatch",,,,,,,,,,"wYCqaZcA+7slXlj5N/mM6vobrh4QDptp",
"0c8c7514-25dd-4f3c-9f1c-86e1985010cc","SERC_010.basePlot.bet","D02","SERC","SERC_010","N","2015-06-30","2015-07-14","2015-07-15","2015-08-24","2015-08-24","SERC_010.N.20150714","zJWEWmQZoMOE5uQVqsDQWpw5nMWjYM0DN3N4wjAfI2I=","carabid","CARVIN","Carabus vinctus","species",,"Weber",,1,"Ciegler, J. C. 2000. Ground beetles and wrinkled bark beetles of South Carolina (Coleoptera: Geadephaga: Carabidae and Rhysodidae). Biota of South Carolina. Vol. 1. Clemson, S. Clemson University.","wYCqaZcA+7slXlj5N/mM6vobrh4QDptp","wYCqaZcA+7slXlj5N/mM6vobrh4QDptp",
"61f70dad-ad45-46a6-ba52-713da5b4f14d","SERC_007.basePlot.bet","D02","SERC","SERC_007","N","2015-06-30","2015-07-14","2015-07-15","2015-08-24","2015-08-24","SERC_007.N.20150714","VuceAg7yVyd8iwrZjSXXrRlXf4RbsPh52DsuIwMvZCc=","carabid","POECHA","Poecilus chalcites","species",,"Say",,1,"Ciegler, J. C. 2000. Ground beetles and wrinkled bark beetles of South Carolina (Coleoptera: Geadephaga: Carabidae and Rhysodidae). Biota of South Carolina. Vol. 1. Clemson, S. Clemson University.","wYCqaZcA+7slXlj5N/mM6vobrh4QDptp","wYCqaZcA+7slXlj5N/mM6vobrh4QDptp",
"7d6c59dd-b909-4e5e-b9e6-3ef1e008317a","SERC_009.basePlot.bet","D02","SERC","SERC_009","N","2015-06-30","2015-07-14","2015-07-15","2015-08-24",,"SERC_009.N.20150714","tTNfz4yHzdkwSEnQtNH8bXUenR4iC9CtBb5RNrxmeoI=","invert bycatch",,,,,,,,,,"wYCqaZcA+7slXlj5N/mM6vobrh4QDptp",
"7f809e96-6547-4319-ad03-6fdbb6ef86b8","SERC_009.basePlot.bet","D02","SERC","SERC_009","N","2015-06-30","2015-07-14","2015-07-15","2015-08-24","2015-08-24","SERC_009.N.20150714","tTNfz4yHzdkwSEnQtNH8bVB1TaMGhKeiLCMYM//e0GI=","carabid","PTESTY","Pterostichus stygicus","species",,"Say",,1,"Bousquet, Y. 2010b. Illustrated Identification Guide to Adults and Larvae of Northeastern North American Ground Beetles (Coleoptera: Carabidae). 1st Ed. Pensoft Publishers, Sofia, Bulgaria.","wYCqaZcA+7slXlj5N/mM6vobrh4QDptp","wYCqaZcA+7slXlj5N/mM6vobrh4QDptp",
"c809d1e4-deb4-4723-8ddb-f88ab69c6464","SERC_010.basePlot.bet","D02","SERC","SERC_010","N","2015-06-30","2015-07-14","2015-07-15","2015-08-24","2015-08-24","SERC_010.N.20150714","zJWEWmQZoMOE5uQVqsDQWj7gEGlwYVo1nULlNAbrknI=","carabid","OODBRE","Oodes brevis","species",,"Lindroth",,1,"Ciegler, J. C. 2000. Ground beetles and wrinkled bark beetles of South Carolina (Coleoptera: Geadephaga: Carabidae and Rhysodidae). Biota of South Carolina. Vol. 1. Clemson, S. Clemson University.","wYCqaZcA+7slXlj5N/mM6vobrh4QDptp","wYCqaZcA+7slXlj5N/mM6vobrh4QDptp",
"9150c57c-b0a8-4bb8-b265-dc5614f38a3a","SERC_001.basePlot.bet","D02","SERC","SERC_001","N","2015-06-30","2015-07-14","2015-07-15","2015-08-24","2015-08-24","SERC_001.N.20150714","UaGVcrvVzDP2WW+JNy3ovRNk3A3g8SyZ/lcS6FRjqus=","carabid","CHLAES","Chlaenius aestivus","species",,"Say",,1,"Ciegler, J. C. 2000. Ground beetles and wrinkled bark beetles of South Carolina (Coleoptera: Geadephaga: Carabidae and Rhysodidae). Biota of South Carolina. Vol. 1. Clemson, S. Clemson University.","wYCqaZcA+7slXlj5N/mM6vobrh4QDptp","wYCqaZcA+7slXlj5N/mM6vobrh4QDptp",
"9398f640-f773-4550-b657-f05bdc78708d","SERC_001.basePlot.bet","D02","SERC","SERC_001","N","2015-06-30","2015-07-14","2015-07-15","2015-08-24","2015-08-24","SERC_001.N.20150714","UaGVcrvVzDP2WW+JNy3ovXDXIzNaVgh+D6ZDTGVOo5k=","carabid","PTESTY","Pterostichus stygicus","species",,"Say",,1,"Bousquet, Y. 2010b. Illustrated Identification Guide to Adults and Larvae of Northeastern North American Ground Beetles (Coleoptera: Carabidae). 1st Ed. Pensoft Publishers, Sofia, Bulgaria.","wYCqaZcA+7slXlj5N/mM6vobrh4QDptp","wYCqaZcA+7slXlj5N/mM6vobrh4QDptp",
"af04f963-a13e-4836-9462-f80f44c971c5","SERC_007.basePlot.bet","D02","SERC","SERC_007","N","2015-06-30","2015-07-14","2015-07-15","2015-08-24",,"SERC_007.N.20150714","VuceAg7yVyd8iwrZjSXXrYkj8i+LLAYhyJZ7xDHNWgI=","invert bycatch",,,,,,,,,,"wYCqaZcA+7slXlj5N/mM6vobrh4QDptp",
"0ba6f7d3-029f-4f7a-8a6f-bcfcd21a1af0","SERC_007.basePlot.bet","D02","SERC","SERC_007","N","2015-06-30","2015-07-14","2015-07-15","2015-08-24","2015-08-24","SERC_007.N.20150714","VuceAg7yVyd8iwrZjSXXrUeNJaXeCy7dGkOf0oXnb8s=","carabid","SCASUB2","Scarites subterraneus","species",,"Fabricius",,5,"Other","wYCqaZcA+7slXlj5N/mM6vobrh4QDptp","wYCqaZcA+7slXlj5N/mM6vobrh4QDptp",
"9738a7d5-3a01-44c5-be76-163abd162412","SERC_007.basePlot.bet","D02","SERC","SERC_007","N","2015-06-30","2015-07-14","2015-07-15","2015-08-24","2015-08-24","SERC_007.N.20150714","VuceAg7yVyd8iwrZjSXXrdbVG6iAFXh30muuV1HmmP0=","carabid","AGOOCT","Agonum octopunctatum","species",,"Fabricius",,1,"Ciegler, J. C. 2000. Ground beetles and wrinkled bark beetles of South Carolina (Coleoptera: Geadephaga: Carabidae and Rhysodidae). Biota of South Carolina. Vol. 1. Clemson, S. Clemson University.","wYCqaZcA+7slXlj5N/mM6vobrh4QDptp","wYCqaZcA+7slXlj5N/mM6vobrh4QDptp",
"85e75b41-ca2c-4481-9066-4756af107afd","SERC_009.basePlot.bet","D02","SERC","SERC_009","N","2015-06-30","2015-07-14","2015-07-15","2015-08-24",,"SERC_009.N.20150714","tTNfz4yHzdkwSEnQtNH8bXUenR4iC9CtQaPLrFus36A=","invert bycatch",,,,,,,,,,"wYCqaZcA+7slXlj5N/mM6vobrh4QDptp",
"4e1a539e-2541-47cf-9a71-a425cb7f8127","SERC_009.basePlot.bet","D02","SERC","SERC_009","N","2015-06-30","2015-07-14","2015-07-15","2015-08-24",,"SERC_009.N.20150714","tTNfz4yHzdkwSEnQtNH8bXUenR4iC9CtkFDBY2B4Uxg=","invert bycatch",,,,,,,,,,"wYCqaZcA+7slXlj5N/mM6vobrh4QDptp",
"aa6fe43d-df05-4ae8-8d17-03f8c73d4af1","SERC_010.basePlot.bet","D02","SERC","SERC_010","N","2015-06-30","2015-07-14","2015-07-15","2015-08-24",,"SERC_010.N.20150714","zJWEWmQZoMOE5uQVqsDQWmCBztZpZMyj2M8QO4qqe4k=","invert bycatch",,,,,,,,,,"wYCqaZcA+7slXlj5N/mM6vobrh4QDptp",
"cfb28126-ad2e-4e1d-b2e0-06fe56fe8742","SERC_001.basePlot.bet","D02","SERC","SERC_001","N","2015-06-30","2015-07-14","2015-07-15","2015-08-24",,"SERC_001.N.20150714","UaGVcrvVzDP2WW+JNy3ovWN+eBpr7ActBPb5l6pfw48=","invert bycatch",,,,,,,,,,"wYCqaZcA+7slXlj5N/mM6vobrh4QDptp",
"9b0b4b72-7e56-4017-ac74-2f0607f304a0","SERC_021.basePlot.bet","D02","SERC","SERC_021","N","2015-06-30","2015-07-14","2015-07-15","2015-08-24",,"SERC_021.N.20150714","abrvHFi/547quzRJ4XXPwOVWMDOxLUJaPgNt3zNxJls=","invert bycatch",,,,,,,,,,"wYCqaZcA+7slXlj5N/mM6vobrh4QDptp",
"4e25bfb0-a802-45eb-b9b7-c21a0fcecb49","SERC_021.basePlot.bet","D02","SERC","SERC_021","N","2015-06-30","2015-07-14","2015-07-15","2015-08-24",,"SERC_021.N.20150714","abrvHFi/547quzRJ4XXPwOVWMDOxLUJaSvlsc+hu0e0=","invert bycatch",,,,,,,,,,"wYCqaZcA+7slXlj5N/mM6vobrh4QDptp",
"203f625e-c9ad-4f9a-89f9-2c33f7fc533f","SERC_016.basePlot.bet","D02","SERC","SERC_016","N","2015-06-30","2015-07-14","2015-07-15","2015-08-24",,"SERC_016.N.20150714","YVGGTAS4Nw9Xozif4tWppjU2ZeHHFNGembei2/kDyIQ=","invert bycatch",,,,,,,,,,"wYCqaZcA+7slXlj5N/mM6vobrh4QDptp",
"171b2063-774f-48f9-b9ce-e6908ffe4d05","SERC_009.basePlot.bet","D02","SERC","SERC_009","S","2015-06-30","2015-07-14","2015-07-15","2015-08-24",,"SERC_009.S.20150714","tTNfz4yHzdmJFQIid5wgzp/iBliNBDh+6oMDaJ4AXMA=","invert bycatch",,,,,,,,,,"wYCqaZcA+7slXlj5N/mM6vobrh4QDptp",
"b70cb939-a280-4e62-bad2-b6f38249cf9f","SERC_007.basePlot.bet","D02","SERC","SERC_007","S","2015-06-30","2015-07-14","2015-07-15","2015-08-24","2015-08-24","SERC_007.S.20150714","VuceAg7yVycbihe2x8O8rLOJJP7MvbOcmeiNTEfNDuA=","carabid","SCASUB2","Scarites subterraneus","species",,"Fabricius",,12,"Other","wYCqaZcA+7slXlj5N/mM6vobrh4QDptp","wYCqaZcA+7slXlj5N/mM6vobrh4QDptp",
"5b857b0e-48a8-4108-bc48-7ac17b83d151","SERC_007.basePlot.bet","D02","SERC","SERC_007","S","2015-06-30","2015-07-14","2015-07-15","2015-08-24","2015-08-24","SERC_007.S.20150714","VuceAg7yVycbihe2x8O8rLfGVB5FadmJBPhbC/FzrKo=","carabid","POECHA","Poecilus chalcites","species",,"Say",,27,"Ciegler, J. C. 2000. Ground beetles and wrinkled bark beetles of South Carolina (Coleoptera: Geadephaga: Carabidae and Rhysodidae). Biota of South Carolina. Vol. 1. Clemson, S. Clemson University.","wYCqaZcA+7slXlj5N/mM6vobrh4QDptp","wYCqaZcA+7slXlj5N/mM6vobrh4QDptp",
"6f3c181f-20e8-4dd7-815c-b2333bda8bae","SERC_010.basePlot.bet","D02","SERC","SERC_010","S","2015-07-14","2015-07-28","2015-07-29","2015-08-31","2015-08-31","SERC_010.S.20150728","zJWEWmQZoMNAenyerOxLOEsnz1/Nafrw7z4zB0rn+i8=","carabid","CHLAES","Chlaenius aestivus","species",,"Say",,1,"Ciegler, J. C. 2000. Ground beetles and wrinkled bark beetles of South Carolina (Coleoptera: Geadephaga: Carabidae and Rhysodidae). Biota of South Carolina. Vol. 1. Clemson, S. Clemson University.","wYCqaZcA+7slXlj5N/mM6vobrh4QDptp","wYCqaZcA+7slXlj5N/mM6vobrh4QDptp",
"565dda40-9c21-4452-875e-e1b42c833490","SERC_010.basePlot.bet","D02","SERC","SERC_010","S","2015-07-14","2015-07-28","2015-07-29","2015-08-31","2015-08-31","SERC_010.S.20150728","zJWEWmQZoMNAenyerOxLOAqhxZzCC/TARvJ4ztewiFM=","carabid","CARGOR","Carabus goryi","species",,"Dejean",,1,"Ciegler, J. C. 2000. Ground beetles and wrinkled bark beetles of South Carolina (Coleoptera: Geadephaga: Carabidae and Rhysodidae). Biota of South Carolina. Vol. 1. Clemson, S. Clemson University.","wYCqaZcA+7slXlj5N/mM6vobrh4QDptp","wYCqaZcA+7slXlj5N/mM6vobrh4QDptp",
"01efa838-f719-4d35-950f-75ba64838ead","SERC_015.basePlot.bet","D02","SERC","SERC_015","S","2015-07-14","2015-07-28","2015-07-29","2015-09-01","2015-09-01","SERC_015.S.20150728","oRHnGosYO5OVlOfh6UoAvkRMswGFzN4qhFD8D9xgsEM=","carabid","DICFUR2","Dicaelus furvus furvus","subspecies",,"Dejean",,1,"Ciegler, J. C. 2000. Ground beetles and wrinkled bark beetles of South Carolina (Coleoptera: Geadephaga: Carabidae and Rhysodidae). Biota of South Carolina. Vol. 1. Clemson, S. Clemson University.","wYCqaZcA+7slXlj5N/mM6vobrh4QDptp","wYCqaZcA+7slXlj5N/mM6vobrh4QDptp",
"786fec7c-4a84-45b4-a29b-cb0ae75a8887","SERC_021.basePlot.bet","D02","SERC","SERC_021","S","2015-07-14","2015-07-28","2015-07-29","2015-08-31","2015-08-31","SERC_021.S.20150728","abrvHFi/546vIGfJHdKpb3WNCsit3RDVvMXOCFJ/Kzs=","carabid","DICDIL1","Dicaelus dilatatus dilatatus","subspecies",,"Say",,1,"Ciegler, J. C. 2000. Ground beetles and wrinkled bark beetles of South Carolina (Coleoptera: Geadephaga: Carabidae and Rhysodidae). Biota of South Carolina. Vol. 1. Clemson, S. Clemson University.","wYCqaZcA+7slXlj5N/mM6vobrh4QDptp","wYCqaZcA+7slXlj5N/mM6vobrh4QDptp",
"9ecc5b3e-dd26-480f-a781-d5c74cdf4fc1","SERC_021.basePlot.bet","D02","SERC","SERC_021","S","2015-07-14","2015-07-28","2015-07-29","2015-08-31","2015-08-31","SERC_021.S.20150728","abrvHFi/546vIGfJHdKpb2mkAIJ1zuP3fYIBej/dUlc=","carabid","CYCSIG","Cyclotrachelus sigillatus","species",,"Say",,1,"Freitag, R. 1969. A revision of the species of the genus Evarthrus LeConte. Quaestiones Entomologicae 5:89-212.","wYCqaZcA+7slXlj5N/mM6vobrh4QDptp","wYCqaZcA+7slXlj5N/mM6vobrh4QDptp",
"afe40a24-f4c6-4fba-bbc5-6e5f3d5dd40b","SERC_016.basePlot.bet","D02","SERC","SERC_016","S","2015-07-14","2015-07-28","2015-07-29","2015-09-01",,"SERC_016.S.20150728","YVGGTAS4Nw/QDCDcWJyuGan7+p2hZ1PbHIVU091+9Jk=","invert bycatch",,,,,,,,,,"wYCqaZcA+7slXlj5N/mM6vobrh4QDptp",
"c25f9e67-2f9f-45d1-a8c8-32d82f50492e","SERC_006.basePlot.bet","D02","SERC","SERC_006","S","2015-07-14","2015-07-28","2015-07-29","2015-08-31","2015-08-31","SERC_006.S.20150728","ulDxSdgiTKIzGwTPWdjoLLaIRSuzAWJNJfUE6th9zbE=","carabid","CHLAES","Chlaenius aestivus","species",,"Say",,1,"Ciegler, J. C. 2000. Ground beetles and wrinkled bark beetles of South Carolina (Coleoptera: Geadephaga: Carabidae and Rhysodidae). Biota of South Carolina. Vol. 1. Clemson, S. Clemson University.","wYCqaZcA+7slXlj5N/mM6vobrh4QDptp","wYCqaZcA+7slXlj5N/mM6vobrh4QDptp",
"994b1120-e201-47d8-9071-175157a7999c","SERC_007.basePlot.bet","D02","SERC","SERC_007","S","2015-07-14","2015-07-28","2015-07-29","2015-09-01","2015-09-01","SERC_007.S.20150728","VuceAg7yVycbihe2x8O8rPd89zk50wm/WnMYXN7Iq0A=","carabid","POECHA","Poecilus chalcites","species",,"Say",,11,"Ciegler, J. C. 2000. Ground beetles and wrinkled bark beetles of South Carolina (Coleoptera: Geadephaga: Carabidae and Rhysodidae). Biota of South Carolina. Vol. 1. Clemson, S. Clemson University.","wYCqaZcA+7slXlj5N/mM6vobrh4QDptp","wYCqaZcA+7slXlj5N/mM6vobrh4QDptp",
"83550ccf-83f8-49a0-8f71-2734e1d4a1cc","SERC_006.basePlot.bet","D02","SERC","SERC_006","S","2015-07-14","2015-07-28","2015-07-29","2015-08-31","2015-08-31","SERC_006.S.20150728","ulDxSdgiTKIzGwTPWdjoLBCeIbMtmb7XZJyt4Hf4XW4=","carabid","DICELO","Dicaelus elongatus","species",,"Bonelli",,1,"Ciegler, J. C. 2000. Ground beetles and wrinkled bark beetles of South Carolina (Coleoptera: Geadephaga: Carabidae and Rhysodidae). Biota of South Carolina. Vol. 1. Clemson, S. Clemson University.","wYCqaZcA+7slXlj5N/mM6vobrh4QDptp","wYCqaZcA+7slXlj5N/mM6vobrh4QDptp",
"ebd4eb50-0508-4498-9be0-cc9c3cbd899a","SERC_001.basePlot.bet","D02","SERC","SERC_001","S","2015-07-14","2015-07-28","2015-07-29","2015-09-01",,"SERC_001.S.20150728","UaGVcrvVzDMTNP1CPcl/gxTLdPkO1uuwAgHyqrSQdyY=","invert bycatch",,,,,,,,,,"wYCqaZcA+7slXlj5N/mM6vobrh4QDptp",
"b6633001-c486-4c2c-a732-6918f38d4471","SERC_021.basePlot.bet","D02","SERC","SERC_021","S","2015-07-14","2015-07-28","2015-07-29","2015-08-31",,"SERC_021.S.20150728","abrvHFi/546vIGfJHdKpbyQUt+48yYA2r1JdncxRIqw=","invert bycatch",,,,,,,,,,"wYCqaZcA+7slXlj5N/mM6vobrh4QDptp",
"1c195b01-1bd0-4cf2-9c56-3299eb5f5697","SERC_002.basePlot.bet","D02","SERC","SERC_002","S","2015-07-14","2015-07-28","2015-07-29","2015-08-31",,"SERC_002.S.20150728","YcnMnCZo63lkDrP/fuO0GVNpGHOtkkOlXjTsGDs3cqA=","invert bycatch",,,,,,,,,,"wYCqaZcA+7slXlj5N/mM6vobrh4QDptp",
"72759798-cb6a-4c89-bc08-8d8c231acefe","SERC_007.basePlot.bet","D02","SERC","SERC_007","S","2015-07-14","2015-07-28","2015-07-29","2015-09-01","2015-09-14","SERC_007.S.20150728","VuceAg7yVycbihe2x8O8rCbScaLVlhR0fAzlJq26+GE=","carabid","ELAINC","Elaphropus incurvus","species",,"Say",,2,"Bousquet, Y. 2010b. Illustrated Identification Guide to Adults and Larvae of Northeastern North American Ground Beetles (Coleoptera: Carabidae). 1st Ed. Pensoft Publishers, Sofia, Bulgaria.","wYCqaZcA+7slXlj5N/mM6vobrh4QDptp","wYCqaZcA+7slXlj5N/mM6vobrh4QDptp",
"81eedd4b-20c9-4a94-8533-bc614d2c120d","SERC_009.basePlot.bet","D02","SERC","SERC_009","S","2015-07-14","2015-07-28","2015-07-29","2015-09-01",,"SERC_009.S.20150728","tTNfz4yHzdmJFQIid5wgzs5uxNSHKNzxorn7vfTLwfU=","invert bycatch",,,,,,,,,,"wYCqaZcA+7slXlj5N/mM6vobrh4QDptp",
"708e8fc0-9023-4069-bf3d-8e1644709d34","SERC_007.basePlot.bet","D02","SERC","SERC_007","S","2015-07-14","2015-07-28","2015-07-29","2015-09-01","2015-09-01","SERC_007.S.20150728","VuceAg7yVycbihe2x8O8rOI4PdBhL3gvHDbVq+7Ze3w=","carabid","ANIRUS","Anisodactylus rusticus","species",,"Say",,2,"Noonan, G. R. 1973. The Anisodactylines (Insecta: Coleoptera: Carabidae: Harpalini): classification, evolution and zoogeography. Quaestiones Entomologicae 9:266-480.","wYCqaZcA+7slXlj5N/mM6vobrh4QDptp","wYCqaZcA+7slXlj5N/mM6vobrh4QDptp",
"9618df34-5c32-4676-9135-e2108d71e6d1","SERC_007.basePlot.bet","D02","SERC","SERC_007","S","2015-07-14","2015-07-28","2015-07-29","2015-09-01","2015-09-01","SERC_007.S.20150728","VuceAg7yVycbihe2x8O8rBqthCRb1Q+OUA7ecf4SVe4=","carabid","SCASUB2","Scarites subterraneus","species",,"Fabricius",,5,"Other","wYCqaZcA+7slXlj5N/mM6vobrh4QDptp","wYCqaZcA+7slXlj5N/mM6vobrh4QDptp",
"b7df4c6e-6669-4620-9d32-e09bb08a79fe","SERC_007.basePlot.bet","D02","SERC","SERC_007","S","2015-07-14","2015-07-28","2015-07-29","2015-09-01","2015-09-14","SERC_007.S.20150728","VuceAg7yVycbihe2x8O8rNbHgUCZ0h178+g+DmzD3YY=","carabid","ELAXAN","Elaphropus xanthopus","species",,"Dejean",,32,"Bousquet, Y. 2010b. Illustrated Identification Guide to Adults and Larvae of Northeastern North American Ground Beetles (Coleoptera: Carabidae). 1st Ed. Pensoft Publishers, Sofia, Bulgaria.","wYCqaZcA+7slXlj5N/mM6vobrh4QDptp","wYCqaZcA+7slXlj5N/mM6vobrh4QDptp",
"19c3b383-83ea-4f73-b7db-fcdc5c474479","SERC_007.basePlot.bet","D02","SERC","SERC_007","S","2015-07-14","2015-07-28","2015-07-29","2015-09-01","2015-09-01","SERC_007.S.20150728","VuceAg7yVycbihe2x8O8rPsfWBp7r5sMofH4h8SIyrQ=","carabid","AGOROT1","Agonoleptus rotundatus","species",,"LeConte",,1,"Bousquet, Y., and P. W. Messer. 2010. Redescription of Stenolophus thoracicus Casey (Coleoptera, Carabidae, Harpalini), a valid species. ZooKeys 53:25-31.","wYCqaZcA+7slXlj5N/mM6vobrh4QDptp","wYCqaZcA+7slXlj5N/mM6vobrh4QDptp",
"89cb095f-11cd-45e9-a473-a26c3cf47841","SERC_007.basePlot.bet","D02","SERC","SERC_007","S","2015-07-14","2015-07-28","2015-07-29","2015-09-01","2015-09-01","SERC_007.S.20150728","VuceAg7yVycbihe2x8O8rIfeKvJGxieOhUAkKx9plMQ=","carabid","HARPEN","Harpalus pensylvanicus","species",,"DeGeer",,6,"Ball, G. E., and J. N. Anderson. 1962. The taxonomy and speciation of Pseudophonus (a subgenus of Harpalus: Haralini: Carabidae, known to occur in North America). The Catholic University of America Press, Washington 17, D. C.","wYCqaZcA+7slXlj5N/mM6vobrh4QDptp","wYCqaZcA+7slXlj5N/mM6vobrh4QDptp",
"446e1b7e-db4e-4e21-9558-cf7184687611","SERC_007.basePlot.bet","D02","SERC","SERC_007","S","2015-07-14","2015-07-28","2015-07-29","2015-09-01","2015-09-01","SERC_007.S.20150728","VuceAg7yVycbihe2x8O8rJwJDfuIhfdvhEuK1aTxWyA=","carabid","STEOCH","Stenolophus ochropezus","species",,"Say",,3,"Bousquet, Y. 2010b. Illustrated Identification Guide to Adults and Larvae of Northeastern North American Ground Beetles (Coleoptera: Carabidae). 1st Ed. Pensoft Publishers, Sofia, Bulgaria.","wYCqaZcA+7slXlj5N/mM6vobrh4QDptp","wYCqaZcA+7slXlj5N/mM6vobrh4QDptp",
"2edd4883-e517-4890-84e6-1d24ecc3f76e","SERC_006.basePlot.bet","D02","SERC","SERC_006","S","2015-07-14","2015-07-28","2015-07-29","2015-08-31",,"SERC_006.S.20150728","ulDxSdgiTKIzGwTPWdjoLM+2frCW7/r3TEqqRedSdGU=","invert bycatch",,,,,,,,,,"wYCqaZcA+7slXlj5N/mM6vobrh4QDptp",
"5ffcfbe2-34d0-454f-aa0f-76ef5c2c96ef","SERC_006.basePlot.bet","D02","SERC","SERC_006","S","2015-07-14","2015-07-28","2015-07-29","2015-08-31","2015-08-31","SERC_006.S.20150728","ulDxSdgiTKIzGwTPWdjoLCLU85xKKZsjl8wGJJRoWIk=","carabid","CARSP14","Carabidae sp.","family",,"Latreille","D02.2015.MorphA",3,"Other","wYCqaZcA+7slXlj5N/mM6vobrh4QDptp","wYCqaZcA+7slXlj5N/mM6vobrh4QDptp","Pterostichus subgenus Abacidus. Doesn't key to any described species- prosternal process margined, ultimate tarsomeres glabrous, pronotal margin distinct to base, aedeagus simple"
"926b106c-1de2-4b1c-b4bc-07be80db3c98","SERC_021.basePlot.bet","D02","SERC","SERC_021","S","2015-07-14","2015-07-28","2015-07-29","2015-08-31","2015-08-31","SERC_021.S.20150728","abrvHFi/546vIGfJHdKpb+6AnFI6iLkIkgybPoOO6eI=","carabid","DICFUR2","Dicaelus furvus furvus","subspecies",,"Dejean",,1,"Ciegler, J. C. 2000. Ground beetles and wrinkled bark beetles of South Carolina (Coleoptera: Geadephaga: Carabidae and Rhysodidae). Biota of South Carolina. Vol. 1. Clemson, S. Clemson University.","wYCqaZcA+7slXlj5N/mM6vobrh4QDptp","wYCqaZcA+7slXlj5N/mM6vobrh4QDptp",
"7441f695-7799-4b9c-88f1-d78754086393","SERC_015.basePlot.bet","D02","SERC","SERC_015","S","2015-07-14","2015-07-28","2015-07-29","2015-09-01",,"SERC_015.S.20150728","oRHnGosYO5OVlOfh6UoAvl/nHQwMMboe9N5uc05cORE=","invert bycatch",,,,,,,,,,"wYCqaZcA+7slXlj5N/mM6vobrh4QDptp",
"7be4c583-2131-4738-b011-191a849d9268","SERC_007.basePlot.bet","D02","SERC","SERC_007","W","2015-07-14","2015-07-28","2015-07-29","2015-09-01","2015-09-01","SERC_007.W.20150728","VuceAg7yVycN8DaQWzDzg1eFNHYQLs4izq98oC2KvEE=","carabid","CHLTOM","Chlaenius tomentosus","species",,"Say",,2,"Bousquet, Y. 2010b. Illustrated Identification Guide to Adults and Larvae of Northeastern North American Ground Beetles (Coleoptera: Carabidae). 1st Ed. Pensoft Publishers, Sofia, Bulgaria.","wYCqaZcA+7slXlj5N/mM6vobrh4QDptp","wYCqaZcA+7slXlj5N/mM6vobrh4QDptp",
"f78e5cd8-7110-4682-b548-f71b9adc3f84","SERC_009.basePlot.bet","D02","SERC","SERC_009","W","2015-07-14","2015-07-28","2015-07-29","2015-09-01",,"SERC_009.W.20150728","tTNfz4yHzdkOCKlCL4y8mkWg7LnSH8k2gqwxxnj9L70=","invert bycatch",,,,,,,,,,"wYCqaZcA+7slXlj5N/mM6vobrh4QDptp",
"6771d6b6-3aa5-4028-81cd-b70a05627daf","SERC_009.basePlot.bet","D02","SERC","SERC_009","W","2015-07-14","2015-07-28","2015-07-29","2015-09-01","2015-09-01","SERC_009.W.20150728","tTNfz4yHzdkOCKlCL4y8mgK9l351upQs08gRyP+2puE=","carabid","CHLAES","Chlaenius aestivus","species",,"Say",,1,"Ciegler, J. C. 2000. Ground beetles and wrinkled bark beetles of South Carolina (Coleoptera: Geadephaga: Carabidae and Rhysodidae). Biota of South Carolina. Vol. 1. Clemson, S. Clemson University.","wYCqaZcA+7slXlj5N/mM6vobrh4QDptp","wYCqaZcA+7slXlj5N/mM6vobrh4QDptp",
"9d5e6180-9ea9-4406-bb99-451ed9a65f39","SERC_007.basePlot.bet","D02","SERC","SERC_007","W","2015-07-14","2015-07-28","2015-07-29","2015-09-01","2015-09-01","SERC_007.W.20150728","VuceAg7yVycN8DaQWzDzgw5YafsQt7p70Ai2U1bzncs=","carabid","STECOM","Stenolophus comma","species",,"Fabricius",,1,"Bousquet, Y. 2010b. Illustrated Identification Guide to Adults and Larvae of Northeastern North American Ground Beetles (Coleoptera: Carabidae). 1st Ed. Pensoft Publishers, Sofia, Bulgaria.","wYCqaZcA+7slXlj5N/mM6vobrh4QDptp","wYCqaZcA+7slXlj5N/mM6vobrh4QDptp",
"0685d7dd-658c-44dc-9185-1725c5bc5427","SERC_007.basePlot.bet","D02","SERC","SERC_007","W","2015-07-14","2015-07-28","2015-07-29","2015-09-01","2015-09-01","SERC_007.W.20150728","VuceAg7yVycN8DaQWzDzgzGcSJX47LlEZKwscb8ez78=","carabid","SCASUB2","Scarites subterraneus","species",,"Fabricius",,8,"Other","wYCqaZcA+7slXlj5N/mM6vobrh4QDptp","wYCqaZcA+7slXlj5N/mM6vobrh4QDptp",
"b8722d1b-c832-4c89-af25-99b970b0fb58","SERC_021.basePlot.bet","D02","SERC","SERC_021","W","2015-07-14","2015-07-28","2015-07-29","2015-08-31","2015-08-31","SERC_021.W.20150728","abrvHFi/544imcyfF+kn4oqc1Q3aRBs7fYbLn7ZUTwQ=","carabid","CHLAES","Chlaenius aestivus","species",,"Say",,1,"Ciegler, J. C. 2000. Ground beetles and wrinkled bark beetles of South Carolina (Coleoptera: Geadephaga: Carabidae and Rhysodidae). Biota of South Carolina. Vol. 1. Clemson, S. Clemson University.","wYCqaZcA+7slXlj5N/mM6vobrh4QDptp","wYCqaZcA+7slXlj5N/mM6vobrh4QDptp",
"f627fe8a-5ed1-400b-afcb-4523b5d102bc","SERC_006.basePlot.bet","D02","SERC","SERC_006","W","2015-07-14","2015-07-28","2015-07-29","2015-08-31",,"SERC_006.W.20150728","ulDxSdgiTKLdBAsavAcEZd73ic7ynJYIYAeGzBkmp8I=","invert bycatch",,,,,,,,,,"wYCqaZcA+7slXlj5N/mM6vobrh4QDptp",
"b52cdb0e-8834-42bd-8b20-1f2ee4f91981","SERC_001.basePlot.bet","D02","SERC","SERC_001","W","2015-07-14","2015-07-28","2015-07-29","2015-09-01",,"SERC_001.W.20150728","UaGVcrvVzDOutGB3sFAIcX6N2W62RuSTYBHSILW486I=","invert bycatch",,,,,,,,,,"wYCqaZcA+7slXlj5N/mM6vobrh4QDptp",
"4bc46467-b373-4960-9047-14d4699501a3","SERC_009.basePlot.bet","D02","SERC","SERC_009","W","2015-07-14","2015-07-28","2015-07-29","2015-09-01","2015-09-01","SERC_009.W.20150728","tTNfz4yHzdkOCKlCL4y8mvl1SFryzIFwUWjeVIAlhVQ=","carabid","CARVIN","Carabus vinctus","species",,"Weber",,1,"Ciegler, J. C. 2000. Ground beetles and wrinkled bark beetles of South Carolina (Coleoptera: Geadephaga: Carabidae and Rhysodidae). Biota of South Carolina. Vol. 1. Clemson, S. Clemson University.","wYCqaZcA+7slXlj5N/mM6vobrh4QDptp","wYCqaZcA+7slXlj5N/mM6vobrh4QDptp",
"927358f3-f12d-4062-bf65-f54fd1182ed7","SERC_016.basePlot.bet","D02","SERC","SERC_016","W","2015-07-14","2015-07-28","2015-07-29","2015-09-01",,"SERC_016.W.20150728","YVGGTAS4Nw9LB+ZV7esb38D338uJFkxmpXoN+ZC+Rdo=","invert bycatch",,,,,,,,,,"wYCqaZcA+7slXlj5N/mM6vobrh4QDptp",
"0f5d1b46-266a-4c6d-aae7-6ddbe6f905c9","SERC_021.basePlot.bet","D02","SERC","SERC_021","W","2015-07-14","2015-07-28","2015-07-29","2015-08-31","2015-08-31","SERC_021.W.20150728","abrvHFi/544imcyfF+kn4qQ5sBcQYgvk2Qeht+CFOjU=","carabid","DICAMB","Dicaelus ambiguus","species",,"LaFerte-Senectere",,1,"Ciegler, J. C. 2000. Ground beetles and wrinkled bark beetles of South Carolina (Coleoptera: Geadephaga: Carabidae and Rhysodidae). Biota of South Carolina. Vol. 1. Clemson, S. Clemson University.","wYCqaZcA+7slXlj5N/mM6vobrh4QDptp","wYCqaZcA+7slXlj5N/mM6vobrh4QDptp",
"dc15dcc3-e3e8-4c7a-8a4c-a18a0d043ef5","SERC_021.basePlot.bet","D02","SERC","SERC_021","W","2015-07-14","2015-07-28","2015-07-29","2015-08-31",,"SERC_021.W.20150728","abrvHFi/544imcyfF+kn4lYQPIdZYFm5JPfz0EKGYw0=","invert bycatch",,,,,,,,,,"wYCqaZcA+7slXlj5N/mM6vobrh4QDptp",
"4aa2a9bb-b167-4bfd-9de2-79ad46e67dea","SERC_002.basePlot.bet","D02","SERC","SERC_002","W","2015-07-14","2015-07-28","2015-07-29","2015-08-31",,"SERC_002.W.20150728","YcnMnCZo63lEMCEtrcXtsVn0PuJPl2TxwammNmXzs3g=","invert bycatch",,,,,,,,,,"wYCqaZcA+7slXlj5N/mM6vobrh4QDptp",
"42feaa8c-70ce-4723-9e88-8d736258a2cf","SERC_006.basePlot.bet","D02","SERC","SERC_006","W","2015-07-14","2015-07-28","2015-07-29","2015-08-31","2015-08-31","SERC_006.W.20150728","ulDxSdgiTKLdBAsavAcEZWjtUtzfZDbrugflp1Ayd18=","carabid","CARSP14","Carabidae sp.","family",,"Latreille","D02.2015.MorphA",4,"Other","wYCqaZcA+7slXlj5N/mM6vobrh4QDptp","wYCqaZcA+7slXlj5N/mM6vobrh4QDptp","Pterostichus subgenus Abacidus. Doesn't key to any described species- prosternal process margined, ultimate tarsomeres glabrous, pronotal margin distinct to base, aedeagus simple."
"d89fa04b-9a96-43eb-8ce9-9c38692bccde","SERC_009.basePlot.bet","D02","SERC","SERC_009","W","2015-07-14","2015-07-28","2015-07-29","2015-09-01","2015-09-01","SERC_009.W.20150728","tTNfz4yHzdkOCKlCL4y8mgTzGpNO4GMwhiGu4v3gtPY=","carabid","DICFUR2","Dicaelus furvus furvus","subspecies",,"Dejean",,1,"Ciegler, J. C. 2000. Ground beetles and wrinkled bark beetles of South Carolina (Coleoptera: Geadephaga: Carabidae and Rhysodidae). Biota of South Carolina. Vol. 1. Clemson, S. Clemson University.","wYCqaZcA+7slXlj5N/mM6vobrh4QDptp","wYCqaZcA+7slXlj5N/mM6vobrh4QDptp",
"ff926b10-9c86-4204-ad05-0ae5b4a2db11","SERC_007.basePlot.bet","D02","SERC","SERC_007","W","2015-07-14","2015-07-28","2015-07-29","2015-09-01",,"SERC_007.W.20150728","VuceAg7yVycN8DaQWzDzg4oYEwgUgCWqTiAUxELgYvI=","invert bycatch",,,,,,,,,,"wYCqaZcA+7slXlj5N/mM6vobrh4QDptp",
"65cb0785-70bb-4c59-bb0e-6b311144369a","SERC_003.basePlot.bet","D02","SERC","SERC_003","W","2015-07-14","2015-07-28","2015-07-29","2015-08-31","2015-08-31","SERC_003.W.20150728","CC7oYVgiCpAMTHWtAUJFjrEg0dgmwfk6m4XqRye33kY=","carabid","MYACOR","Myas coracinus","species",,"Say",,1,"Ciegler, J. C. 2000. Ground beetles and wrinkled bark beetles of South Carolina (Coleoptera: Geadephaga: Carabidae and Rhysodidae). Biota of South Carolina. Vol. 1. Clemson, S. Clemson University.","wYCqaZcA+7slXlj5N/mM6vobrh4QDptp","wYCqaZcA+7slXlj5N/mM6vobrh4QDptp",
"b788acdc-3198-4f67-9d9f-0361cbc604e5","SERC_007.basePlot.bet","D02","SERC","SERC_007","W","2015-07-14","2015-07-28","2015-07-29","2015-09-01","2015-09-01","SERC_007.W.20150728","VuceAg7yVycN8DaQWzDzg7jB3DebADu9h2TZKgzntFA=","carabid","POECHA","Poecilus chalcites","species",,"Say",,2,"Ciegler, J. C. 2000. Ground beetles and wrinkled bark beetles of South Carolina (Coleoptera: Geadephaga: Carabidae and Rhysodidae). Biota of South Carolina. Vol. 1. Clemson, S. Clemson University.","wYCqaZcA+7slXlj5N/mM6vobrh4QDptp","wYCqaZcA+7slXlj5N/mM6vobrh4QDptp",
"84446bf4-edd7-475a-8511-df8ed5949c8d","SERC_007.basePlot.bet","D02","SERC","SERC_007","W","2015-07-14","2015-07-28","2015-07-29","2015-09-01","2015-11-05","SERC_007.W.20150728","VuceAg7yVycN8DaQWzDzgztfkybruPQ3cTjUNU5xadY=","carabid","HARPEN","Harpalus pensylvanicus","species",,"DeGeer",,2,"Ball, G. E., and J. N. Anderson. 1962. The taxonomy and speciation of Pseudophonus (a subgenus of Harpalus: Haralini: Carabidae, known to occur in North America). The Catholic University of America Press, Washington 17, D. C.","wYCqaZcA+7slXlj5N/mM6vobrh4QDptp","wYCqaZcA+7slXlj5N/mM6vobrh4QDptp",
"959b088a-14c6-46ce-b320-220f10664745","SERC_007.basePlot.bet","D02","SERC","SERC_007","W","2015-07-14","2015-07-28","2015-07-29","2015-09-01","2015-09-14","SERC_007.W.20150728","VuceAg7yVycN8DaQWzDzg9SaEi+cBX41GVEcZT5sv0M=","carabid","ELAXAN","Elaphropus xanthopus","species",,"Dejean",,35,"Bousquet, Y. 2010b. Illustrated Identification Guide to Adults and Larvae of Northeastern North American Ground Beetles (Coleoptera: Carabidae). 1st Ed. Pensoft Publishers, Sofia, Bulgaria.","wYCqaZcA+7slXlj5N/mM6vobrh4QDptp","wYCqaZcA+7slXlj5N/mM6vobrh4QDptp",
"60811ac4-76e8-4948-ba61-d025f2ea2335","SERC_007.basePlot.bet","D02","SERC","SERC_007","W","2015-07-14","2015-07-28","2015-07-29","2015-09-01","2015-09-01","SERC_007.W.20150728","VuceAg7yVycN8DaQWzDzgx1ozxM86kwPEMNUZpSG0pk=","carabid","STEOCH","Stenolophus ochropezus","species",,"Say",,1,"Bousquet, Y. 2010b. Illustrated Identification Guide to Adults and Larvae of Northeastern North American Ground Beetles (Coleoptera: Carabidae). 1st Ed. Pensoft Publishers, Sofia, Bulgaria.","wYCqaZcA+7slXlj5N/mM6vobrh4QDptp","wYCqaZcA+7slXlj5N/mM6vobrh4QDptp",
"bdb9010b-2e5c-4aa3-9b8d-e0f62e2274b7","SERC_010.basePlot.bet","D02","SERC","SERC_010","W","2015-07-14","2015-07-28","2015-07-29","2015-08-31",,"SERC_010.W.20150728","zJWEWmQZoMPpaU7oGDbswThQ8pOfiMeFcXcpReSwDqE=","invert bycatch",,,,,,,,,,"wYCqaZcA+7slXlj5N/mM6vobrh4QDptp",
"3b7a56a5-83c6-45c7-a6e1-bf2f9e8d46b4","SERC_009.basePlot.bet","D02","SERC","SERC_009","W","2015-07-14","2015-07-28","2015-07-29","2015-09-01",,"SERC_009.W.20150728","tTNfz4yHzdkOCKlCL4y8mkWg7LnSH8k2dcaYOC8aLU8=","invert bycatch",,,,,,,,,,"wYCqaZcA+7slXlj5N/mM6vobrh4QDptp",
"9f50a1d1-3539-4e0c-822c-052f0d6c4461","SERC_003.basePlot.bet","D02","SERC","SERC_003","W","2015-07-14","2015-07-28","2015-07-29","2015-08-31",,"SERC_003.W.20150728","CC7oYVgiCpAMTHWtAUJFjrJLafZVfZYEyYZqpap63Ak=","invert bycatch",,,,,,,,,,"wYCqaZcA+7slXlj5N/mM6vobrh4QDptp",
"f0496a4d-616a-41e2-9fcf-3d46db9e1ead","SERC_007.basePlot.bet","D02","SERC","SERC_007","W","2015-07-14","2015-07-28","2015-07-29","2015-09-01","2015-10-28","SERC_007.W.20150728","VuceAg7yVycN8DaQWzDzg+w8BjqFutn0TmMOODz/hOI=","carabid","ANIDUL","Anisodactylus dulcicollis","species",,"LaFerte-Senectere",,1,"Noonan, G. R. 1973. The Anisodactylines (Insecta: Coleoptera: Carabidae: Harpalini): classification, evolution and zoogeography. Quaestiones Entomologicae 9:266-480.","wYCqaZcA+7slXlj5N/mM6vobrh4QDptp","wYCqaZcA+7slXlj5N/mM6vobrh4QDptp",
"086d8cdb-cf98-4da0-8e18-bc39f1fbaec9","SERC_007.basePlot.bet","D02","SERC","SERC_007","E","2015-07-14","2015-07-28","2015-07-29","2015-09-01","2015-09-01","SERC_007.E.20150728","VuceAg7yVydSuT/FC6hzouTqrv/cGjImhYRyL4Vh89g=","carabid","CICPUN1","Cicindela punctulata punctulata","subspecies",,"Olivier",,1,"Ciegler, J. C. 2000. Ground beetles and wrinkled bark beetles of South Carolina (Coleoptera: Geadephaga: Carabidae and Rhysodidae). Biota of South Carolina. Vol. 1. Clemson, S. Clemson University.","wYCqaZcA+7slXlj5N/mM6vobrh4QDptp","wYCqaZcA+7slXlj5N/mM6vobrh4QDptp",
"924e726a-9212-4259-ad04-5286c489b0fb","SERC_009.basePlot.bet","D02","SERC","SERC_009","E","2015-07-14","2015-07-28","2015-07-29","2015-09-01",,"SERC_009.E.20150728","tTNfz4yHzdlGJ3KeWgihN6Vg8tuSBg+q5Vd0balhufU=","invert bycatch",,,,,,,,,,"wYCqaZcA+7slXlj5N/mM6vobrh4QDptp",
"de8ef622-53b5-42c6-97a4-2b5973b79e99","SERC_010.basePlot.bet","D02","SERC","SERC_010","E","2015-07-14","2015-07-28","2015-07-29","2015-08-31",,"SERC_010.E.20150728","zJWEWmQZoMNVr+IzuVmAIjV8mzMNmcryuqz6gawzJqs=","invert bycatch",,,,,,,,,,"wYCqaZcA+7slXlj5N/mM6vobrh4QDptp",
"868d58e9-9640-4e63-9c55-c758daf0f0d1","SERC_009.basePlot.bet","D02","SERC","SERC_009","E","2015-07-14","2015-07-28","2015-07-29","2015-09-01","2015-09-01","SERC_009.E.20150728","tTNfz4yHzdlGJ3KeWgihN7JB5mEynvH3ozHe8YUxw24=","carabid","DICDIL1","Dicaelus dilatatus dilatatus","subspecies",,"Say",,1,"Ciegler, J. C. 2000. Ground beetles and wrinkled bark beetles of South Carolina (Coleoptera: Geadephaga: Carabidae and Rhysodidae). Biota of South Carolina. Vol. 1. Clemson, S. Clemson University.","wYCqaZcA+7slXlj5N/mM6vobrh4QDptp","wYCqaZcA+7slXlj5N/mM6vobrh4QDptp",
"e7cffd5c-e7a7-4dc8-bf21-ea606099317b","SERC_007.basePlot.bet","D02","SERC","SERC_007","E","2015-07-14","2015-07-28","2015-07-29","2015-09-01","2015-09-01","SERC_007.E.20150728","VuceAg7yVydSuT/FC6hzomyTQ1MKgjNZ+dKqN4eWCfM=","carabid","STEOCH","Stenolophus ochropezus","species",,"Say",,1,"Bousquet, Y. 2010b. Illustrated Identification Guide to Adults and Larvae of Northeastern North American Ground Beetles (Coleoptera: Carabidae). 1st Ed. Pensoft Publishers, Sofia, Bulgaria.","wYCqaZcA+7slXlj5N/mM6vobrh4QDptp","wYCqaZcA+7slXlj5N/mM6vobrh4QDptp",
"ccd1b2e7-f587-4727-9f05-b9d9f7c76759","SERC_007.basePlot.bet","D02","SERC","SERC_007","E","2015-07-14","2015-07-28","2015-07-29","2015-09-01","2015-09-14","SERC_007.E.20150728","VuceAg7yVydSuT/FC6hzovjyT2FzhqWM4VbvpEseurs=","carabid","ELAXAN","Elaphropus xanthopus","species",,"Dejean",,7,"Bousquet, Y. 2010b. Illustrated Identification Guide to Adults and Larvae of Northeastern North American Ground Beetles (Coleoptera: Carabidae). 1st Ed. Pensoft Publishers, Sofia, Bulgaria.","wYCqaZcA+7slXlj5N/mM6vobrh4QDptp","wYCqaZcA+7slXlj5N/mM6vobrh4QDptp",
"b2b8a228-a81e-4263-b5aa-a4d457f08497","SERC_002.basePlot.bet","D02","SERC","SERC_002","E","2015-07-14","2015-07-28","2015-07-29","2015-08-31","2015-08-31","SERC_002.E.20150728","YcnMnCZo63n4X9d+wTtLlOc8+nFKzJDgea5HZ3HUw/U=","carabid","CHLAES","Chlaenius aestivus","species",,"Say",,1,"Ciegler, J. C. 2000. Ground beetles and wrinkled bark beetles of South Carolina (Coleoptera: Geadephaga: Carabidae and Rhysodidae). Biota of South Carolina. Vol. 1. Clemson, S. Clemson University.","wYCqaZcA+7slXlj5N/mM6vobrh4QDptp","wYCqaZcA+7slXlj5N/mM6vobrh4QDptp",
"dce9c6f9-7947-4428-bdf0-54bdef1984fc","SERC_001.basePlot.bet","D02","SERC","SERC_001","E","2015-07-14","2015-07-28","2015-07-29","2015-09-01","2015-09-01","SERC_001.E.20150728","UaGVcrvVzDNwkOl+brc1rH4/gcDW8iGUwwj2wAsPBUY=","carabid","CHLEMA","Chlaenius emarginatus","species",,"Say",,1,"Ciegler, J. C. 2000. Ground beetles and wrinkled bark beetles of South Carolina (Coleoptera: Geadephaga: Carabidae and Rhysodidae). Biota of South Carolina. Vol. 1. Clemson, S. Clemson University.","wYCqaZcA+7slXlj5N/mM6vobrh4QDptp","wYCqaZcA+7slXlj5N/mM6vobrh4QDptp",
"50200d87-44f2-4c05-b290-219c988b2404","SERC_001.basePlot.bet","D02","SERC","SERC_001","E","2015-07-14","2015-07-28","2015-07-29","2015-09-01",,"SERC_001.E.20150728","UaGVcrvVzDNwkOl+brc1rGFz7InOst4XE5wdwg6jEOU=","invert bycatch",,,,,,,,,,"wYCqaZcA+7slXlj5N/mM6vobrh4QDptp",
"bb9f852c-e3f6-4201-b2e9-c8f8d0aea72f","SERC_003.basePlot.bet","D02","SERC","SERC_003","E","2015-07-14","2015-07-28","2015-07-29","2015-08-31",,"SERC_003.E.20150728","CC7oYVgiCpATUy6WPFyiJiy/E/UGgZh4ZwcZS8cQJVM=","invert bycatch",,,,,,,,,,"wYCqaZcA+7slXlj5N/mM6vobrh4QDptp",
"83612313-92c0-45bd-9ab8-24fefdb057e5","SERC_016.basePlot.bet","D02","SERC","SERC_016","E","2015-07-14","2015-07-28","2015-07-29","2015-09-01",,"SERC_016.E.20150728","YVGGTAS4Nw9I7wcGu/Kj8/vZxz2H5ElNgN52T7J6E48=","invert bycatch",,,,,,,,,,"wYCqaZcA+7slXlj5N/mM6vobrh4QDptp",
"9a6462ee-2005-4f7e-a45c-0c9af56f332b","SERC_002.basePlot.bet","D02","SERC","SERC_002","E","2015-07-14","2015-07-28","2015-07-29","2015-08-31","2015-08-31","SERC_002.E.20150728","YcnMnCZo63n4X9d+wTtLlMQlv89EFAcgi44C2iz7Ql8=","carabid","DICFUR2","Dicaelus furvus furvus","subspecies",,"Dejean",,1,"Ciegler, J. C. 2000. Ground beetles and wrinkled bark beetles of South Carolina (Coleoptera: Geadephaga: Carabidae and Rhysodidae). Biota of South Carolina. Vol. 1. Clemson, S. Clemson University.","wYCqaZcA+7slXlj5N/mM6vobrh4QDptp","wYCqaZcA+7slXlj5N/mM6vobrh4QDptp",
"f850b77c-37a7-43ae-8de4-2af700f01b59","SERC_021.basePlot.bet","D02","SERC","SERC_021","E","2015-07-14","2015-07-28","2015-07-29","2015-08-31","2015-08-31","SERC_021.E.20150728","abrvHFi/544rIYvVrnVG5qiS4uFFpBcqzLfTyX5g9Lk=","carabid","DICFUR2","Dicaelus furvus furvus","subspecies",,"Dejean",,1,"Ciegler, J. C. 2000. Ground beetles and wrinkled bark beetles of South Carolina (Coleoptera: Geadephaga: Carabidae and Rhysodidae). Biota of South Carolina. Vol. 1. Clemson, S. Clemson University.","wYCqaZcA+7slXlj5N/mM6vobrh4QDptp","wYCqaZcA+7slXlj5N/mM6vobrh4QDptp",
"30b1d1e7-7391-4fef-8602-01821954c501","SERC_002.basePlot.bet","D02","SERC","SERC_002","E","2015-07-14","2015-07-28","2015-07-29","2015-08-31",,"SERC_002.E.20150728","YcnMnCZo63n4X9d+wTtLlNqRaLmFYQaiQOmxWpjiUxE=","invert bycatch",,,,,,,,,,"wYCqaZcA+7slXlj5N/mM6vobrh4QDptp",
"8b50e922-c7e3-4dc3-b9d7-462bf9cd5f9a","SERC_021.basePlot.bet","D02","SERC","SERC_021","E","2015-07-14","2015-07-28","2015-07-29","2015-08-31","2015-08-31","SERC_021.E.20150728","abrvHFi/544rIYvVrnVG5lW4jlGz0YyAoVg75n3yH+A=","carabid","CHLAES","Chlaenius aestivus","species",,"Say",,2,"Ciegler, J. C. 2000. Ground beetles and wrinkled bark beetles of South Carolina (Coleoptera: Geadephaga: Carabidae and Rhysodidae). Biota of South Carolina. Vol. 1. Clemson, S. Clemson University.","wYCqaZcA+7slXlj5N/mM6vobrh4QDptp","wYCqaZcA+7slXlj5N/mM6vobrh4QDptp",
"fcff8ee5-fbc4-4b23-b9c5-b70ccbd5ffd1","SERC_021.basePlot.bet","D02","SERC","SERC_021","E","2015-07-14","2015-07-28","2015-07-29","2015-08-31",,"SERC_021.E.20150728","abrvHFi/544rIYvVrnVG5jHc+qNtOYKEEH6YIzmQqGg=","invert bycatch",,,,,,,,,,"wYCqaZcA+7slXlj5N/mM6vobrh4QDptp",
"645416b7-3be2-4739-a931-804c14d7e7cf","SERC_001.basePlot.bet","D02","SERC","SERC_001","E","2015-07-14","2015-07-28","2015-07-29","2015-09-01","2015-09-01","SERC_001.E.20150728","UaGVcrvVzDNwkOl+brc1rPMnigamQEl42wl/nZRnQ3E=","carabid","TRIAUT","Trichotichnus autumnalis","species",,"Say",,1,"Ciegler, J. C. 2000. Ground beetles and wrinkled bark beetles of South Carolina (Coleoptera: Geadephaga: Carabidae and Rhysodidae). Biota of South Carolina. Vol. 1. Clemson, S. Clemson University.","wYCqaZcA+7slXlj5N/mM6vobrh4QDptp","wYCqaZcA+7slXlj5N/mM6vobrh4QDptp",
"5dbd66ce-fbf8-421f-8a11-90d5a5b81ba2","SERC_006.basePlot.bet","D02","SERC","SERC_006","E","2015-07-14","2015-07-28","2015-07-29","2015-08-31",,"SERC_006.E.20150728","ulDxSdgiTKKsykPM3MpMLF3aDgXVToN/GMap3oWJo/w=","invert bycatch",,,,,,,,,,"wYCqaZcA+7slXlj5N/mM6vobrh4QDptp",
"8c44bba6-ac74-49fc-bb82-82ce8e1e8db9","SERC_006.basePlot.bet","D02","SERC","SERC_006","E","2015-07-14","2015-07-28","2015-07-29","2015-08-31","2015-08-31","SERC_006.E.20150728","ulDxSdgiTKKsykPM3MpMLDNfMrbpXIG+ZcnpU+29K20=","carabid","PTESTY","Pterostichus stygicus","species",,"Say",,1,"Bousquet, Y. 2010b. Illustrated Identification Guide to Adults and Larvae of Northeastern North American Ground Beetles (Coleoptera: Carabidae). 1st Ed. Pensoft Publishers, Sofia, Bulgaria.","wYCqaZcA+7slXlj5N/mM6vobrh4QDptp","wYCqaZcA+7slXlj5N/mM6vobrh4QDptp",
"b720615e-ca6e-4029-a30a-73913656c911","SERC_007.basePlot.bet","D02","SERC","SERC_007","E","2015-07-14","2015-07-28","2015-07-29","2015-09-01","2015-09-14","SERC_007.E.20150728","VuceAg7yVydSuT/FC6hzotDy7hMs12cIesTeL/+kJkE=","carabid","ELAINC","Elaphropus incurvus","species",,"Say",,4,"Bousquet, Y. 2010b. Illustrated Identification Guide to Adults and Larvae of Northeastern North American Ground Beetles (Coleoptera: Carabidae). 1st Ed. Pensoft Publishers, Sofia, Bulgaria.","wYCqaZcA+7slXlj5N/mM6vobrh4QDptp","wYCqaZcA+7slXlj5N/mM6vobrh4QDptp",
"fc882e65-2148-45ae-80e4-70032bc1fdde","SERC_009.basePlot.bet","D02","SERC","SERC_009","E","2015-07-14","2015-07-28","2015-07-29","2015-09-01","2015-09-01","SERC_009.E.20150728","tTNfz4yHzdlGJ3KeWgihN8lg3I2q9f+1jkUIshBjJs0=","carabid","CHLAES","Chlaenius aestivus","species",,"Say",,2,"Ciegler, J. C. 2000. Ground beetles and wrinkled bark beetles of South Carolina (Coleoptera: Geadephaga: Carabidae and Rhysodidae). Biota of South Carolina. Vol. 1. Clemson, S. Clemson University.","wYCqaZcA+7slXlj5N/mM6vobrh4QDptp","wYCqaZcA+7slXlj5N/mM6vobrh4QDptp",
"d08314d1-0da8-48ee-884d-8abd654cf07e","SERC_007.basePlot.bet","D02","SERC","SERC_007","E","2015-07-14","2015-07-28","2015-07-29","2015-09-01","2015-09-01","SERC_007.E.20150728","VuceAg7yVydSuT/FC6hzoikzXOELgWtecNYSsi78cRc=","carabid","SCASUB2","Scarites subterraneus","species",,"Fabricius",,1,"Other","wYCqaZcA+7slXlj5N/mM6vobrh4QDptp","wYCqaZcA+7slXlj5N/mM6vobrh4QDptp",
"c92094b3-21e5-4c68-8628-56e0cb33bc20","SERC_007.basePlot.bet","D02","SERC","SERC_007","E","2015-07-14","2015-07-28","2015-07-29","2015-09-01",,"SERC_007.E.20150728","VuceAg7yVydSuT/FC6hzov1Kbhb1Ct0o5fz0TN/mf0Y=","invert bycatch",,,,,,,,,,"wYCqaZcA+7slXlj5N/mM6vobrh4QDptp",
"042417bf-0f8e-4a17-b560-bdc0cbef2bb6","SERC_007.basePlot.bet","D02","SERC","SERC_007","E","2015-07-14","2015-07-28","2015-07-29","2015-09-01","2015-11-04","SERC_007.E.20150728","VuceAg7yVydSuT/FC6hzok5g4gNfZrO1UDDu1l22z3I=","carabid","ACUIND","Acupalpus indistinctus","species",,"Dejean",,1,"Lindroth, C. H. 1969. The ground-beetles (Carabidae, excl. Cicindelinae) of Canada and Alaska, parts 1-6. Opuscula E. Entomoligiska Sallskapet.","wYCqaZcA+7slXlj5N/mM6vobrh4QDptp","wYCqaZcA+7slXlj5N/mM6vobrh4QDptp",
"155ba841-7f27-4fc1-8b04-939835526416","SERC_007.basePlot.bet","D02","SERC","SERC_007","E","2015-07-14","2015-07-28","2015-07-29","2015-09-01","2015-09-01","SERC_007.E.20150728","VuceAg7yVydSuT/FC6hzolP6BK7Ym+nf/Ck97jPi3aA=","carabid","TETVIR","Tetracha virginica","species",,"Linnaeus",,1,"Ciegler, J. C. 2000. Ground beetles and wrinkled bark beetles of South Carolina (Coleoptera: Geadephaga: Carabidae and Rhysodidae). Biota of South Carolina. Vol. 1. Clemson, S. Clemson University.","wYCqaZcA+7slXlj5N/mM6vobrh4QDptp","wYCqaZcA+7slXlj5N/mM6vobrh4QDptp",
"ad6f9d07-f957-4825-8bb7-5b95ed82df54","SERC_009.basePlot.bet","D02","SERC","SERC_009","E","2015-07-14","2015-07-28","2015-07-29","2015-09-01",,"SERC_009.E.20150728","tTNfz4yHzdlGJ3KeWgihN6Vg8tuSBg+qq2cgYgkUOXo=","invert bycatch",,,,,,,,,,"wYCqaZcA+7slXlj5N/mM6vobrh4QDptp",
"1f4061ac-cf71-4cb5-afff-74778c340bbc","SERC_003.basePlot.bet","D02","SERC","SERC_003","N","2015-07-14","2015-07-28","2015-07-29","2015-08-31","2015-11-30","SERC_003.N.20150728","CC7oYVgiCpCG6sExBGzz/Mp4MKJZ/5zuVVO8umtRsmQ=","carabid","BRAALT","Brachinus alternans","species",,"Dejean",,1,"Erwin, T. L. 1970a. A Reclassification of Bombardier Beetles and a Taxonomic Revision of the North and Middle American Species (Carabidae: Brachinida). Quaestiones Entomologicae 6:4-215.","wYCqaZcA+7slXlj5N/mM6vobrh4QDptp","wYCqaZcA+7slXlj5N/mM6vobrh4QDptp",
"fc128bbb-e5aa-490c-8867-b4315628c0f4","SERC_007.basePlot.bet","D02","SERC","SERC_007","N","2015-07-14","2015-07-28","2015-07-29","2015-09-01","2015-09-01","SERC_007.N.20150728","VuceAg7yVyd8iwrZjSXXrTDZKGvgV/1NDcfmHzKKdb8=","carabid","HARPEN","Harpalus pensylvanicus","species",,"DeGeer",,2,"Ball, G. E., and J. N. Anderson. 1962. The taxonomy and speciation of Pseudophonus (a subgenus of Harpalus: Haralini: Carabidae, known to occur in North America). The Catholic University of America Press, Washington 17, D. C.","wYCqaZcA+7slXlj5N/mM6vobrh4QDptp","wYCqaZcA+7slXlj5N/mM6vobrh4QDptp",
"3963ae39-6b06-4dd5-9972-e00980306e69","SERC_009.basePlot.bet","D02","SERC","SERC_009","N","2015-07-14","2015-07-28","2015-07-29","2015-09-01","2015-09-01","SERC_009.N.20150728","tTNfz4yHzdkwSEnQtNH8bYNf8K4fBUpeYZDREV7Ej3k=","carabid","CARGOR","Carabus goryi","species",,"Dejean",,1,"Ciegler, J. C. 2000. Ground beetles and wrinkled bark beetles of South Carolina (Coleoptera: Geadephaga: Carabidae and Rhysodidae). Biota of South Carolina. Vol. 1. Clemson, S. Clemson University.","wYCqaZcA+7slXlj5N/mM6vobrh4QDptp","wYCqaZcA+7slXlj5N/mM6vobrh4QDptp",
"17b08f5e-b68f-454e-8a28-9ba300f993e6","SERC_010.basePlot.bet","D02","SERC","SERC_010","N","2015-07-14","2015-07-28","2015-07-29","2015-08-31","2015-08-31","SERC_010.N.20150728","zJWEWmQZoMOE5uQVqsDQWsJRWfVJlMLJksg/hwgMeqs=","carabid","DICELO","Dicaelus elongatus","species",,"Bonelli",,1,"Ciegler, J. C. 2000. Ground beetles and wrinkled bark beetles of South Carolina (Coleoptera: Geadephaga: Carabidae and Rhysodidae). Biota of South Carolina. Vol. 1. Clemson, S. Clemson University.","wYCqaZcA+7slXlj5N/mM6vobrh4QDptp","wYCqaZcA+7slXlj5N/mM6vobrh4QDptp",
"a5497d22-f020-476a-a35e-4f2e18fc976e","SERC_001.basePlot.bet","D02","SERC","SERC_001","N","2015-07-14","2015-07-28","2015-07-29","2015-09-01","2015-09-01","SERC_001.N.20150728","UaGVcrvVzDP2WW+JNy3ovetv2BNvD3nmHOFdicmNneo=","carabid","CHLAES","Chlaenius aestivus","species",,"Say",,1,"Ciegler, J. C. 2000. Ground beetles and wrinkled bark beetles of South Carolina (Coleoptera: Geadephaga: Carabidae and Rhysodidae). Biota of South Carolina. Vol. 1. Clemson, S. Clemson University.","wYCqaZcA+7slXlj5N/mM6vobrh4QDptp","wYCqaZcA+7slXlj5N/mM6vobrh4QDptp",
"d82f9363-779a-46a7-a54c-f40044aef31b","SERC_006.basePlot.bet","D02","SERC","SERC_006","N","2015-07-14","2015-07-28","2015-07-29","2015-08-31","2015-08-31","SERC_006.N.20150728","ulDxSdgiTKJShrRoRejxxnFky5BqkRGvsrbwultln3w=","carabid","PTESTY","Pterostichus stygicus","species",,"Say",,1,"Bousquet, Y. 2010b. Illustrated Identification Guide to Adults and Larvae of Northeastern North American Ground Beetles (Coleoptera: Carabidae). 1st Ed. Pensoft Publishers, Sofia, Bulgaria.","wYCqaZcA+7slXlj5N/mM6vobrh4QDptp","wYCqaZcA+7slXlj5N/mM6vobrh4QDptp",
"38eb6c1e-ce6e-4672-8226-f49d4242a8f5","SERC_006.basePlot.bet","D02","SERC","SERC_006","N","2015-07-14","2015-07-28","2015-07-29","2015-08-31",,"SERC_006.N.20150728","ulDxSdgiTKJShrRoRejxxoKrLO7nh7C97X9U11T7zSw=","invert bycatch",,,,,,,,,,"wYCqaZcA+7slXlj5N/mM6vobrh4QDptp",
"4c138f69-b51c-4866-869b-970a4b965f03","SERC_021.basePlot.bet","D02","SERC","SERC_021","N","2015-07-14","2015-07-28","2015-07-29","2015-08-31","2015-08-31","SERC_021.N.20150728","abrvHFi/547quzRJ4XXPwHGrP4/s3sL7rTMMRc7yeCY=","carabid","DICFUR2","Dicaelus furvus furvus","subspecies",,"Dejean",,1,"Ciegler, J. C. 2000. Ground beetles and wrinkled bark beetles of South Carolina (Coleoptera: Geadephaga: Carabidae and Rhysodidae). Biota of South Carolina. Vol. 1. Clemson, S. Clemson University.","wYCqaZcA+7slXlj5N/mM6vobrh4QDptp","wYCqaZcA+7slXlj5N/mM6vobrh4QDptp",
"f4f8381c-fdd5-4e69-8f0c-30e822fc30c6","SERC_002.basePlot.bet","D02","SERC","SERC_002","N","2015-07-14","2015-07-28","2015-07-29","2015-08-31","2015-08-31","SERC_002.N.20150728","YcnMnCZo63lrLwHfMM6HvR3F0yDQEPV6v+8hTF5Ao7I=","carabid","POLLAE","Polyderis laeva","species",,"Say",,1,"Ciegler, J. C. 2000. Ground beetles and wrinkled bark beetles of South Carolina (Coleoptera: Geadephaga: Carabidae and Rhysodidae). Biota of South Carolina. Vol. 1. Clemson, S. Clemson University.","wYCqaZcA+7slXlj5N/mM6vobrh4QDptp","wYCqaZcA+7slXlj5N/mM6vobrh4QDptp",
"e572890c-5916-439a-9279-336a860e2e1c","SERC_016.basePlot.bet","D02","SERC","SERC_016","N","2015-07-14","2015-07-28","2015-07-29","2015-09-01",,"SERC_016.N.20150728","YVGGTAS4Nw9Xozif4tWppu1P8IKBjwvTrsbq6T76J5s=","invert bycatch",,,,,,,,,,"wYCqaZcA+7slXlj5N/mM6vobrh4QDptp",
"282cad80-efd9-4a5d-8abf-5d24ecad740e","SERC_001.basePlot.bet","D02","SERC","SERC_001","N","2015-07-14","2015-07-28","2015-07-29","2015-09-01",,"SERC_001.N.20150728","UaGVcrvVzDP2WW+JNy3ovaa0O4MkQCkzH5bl61q7qUg=","invert bycatch",,,,,,,,,,"wYCqaZcA+7slXlj5N/mM6vobrh4QDptp",
"cccd8f61-4b51-4322-a3a8-289088824a79","SERC_002.basePlot.bet","D02","SERC","SERC_002","N","2015-07-14","2015-07-28","2015-07-29","2015-08-31",,"SERC_002.N.20150728","YcnMnCZo63lrLwHfMM6HvQj4DiVWCn4w1Zn1QmqgRWw=","invert bycatch",,,,,,,,,,"wYCqaZcA+7slXlj5N/mM6vobrh4QDptp",
"faaef7ac-b002-453e-9301-cb03aaf8cb6b","SERC_003.basePlot.bet","D02","SERC","SERC_003","N","2015-07-14","2015-07-28","2015-07-29","2015-08-31","2015-08-31","SERC_003.N.20150728","CC7oYVgiCpCG6sExBGzz/BLjtQOXsMjAYF8SIu1U0uk=","carabid","CARSP14","Carabidae sp.","family",,"Latreille","D02.2015.MorphA",1,"Other","wYCqaZcA+7slXlj5N/mM6vobrh4QDptp","wYCqaZcA+7slXlj5N/mM6vobrh4QDptp","Pterostichus subgenus Abacidus. Doesn't key to any described species- prosternal process margined, ultimate tarsomeres glabrous, pronotal margin distinct to base, aedeagus simple."
"4eda9d22-c351-489c-9524-20804531a953","SERC_007.basePlot.bet","D02","SERC","SERC_007","N","2015-07-14","2015-07-28","2015-07-29","2015-09-01","2015-09-14","SERC_007.N.20150728","VuceAg7yVyd8iwrZjSXXrUQPTFS1Y6+O3j5fFDYK52c=","carabid","ELAXAN","Elaphropus xanthopus","species",,"Dejean",,2,"Bousquet, Y. 2010b. Illustrated Identification Guide to Adults and Larvae of Northeastern North American Ground Beetles (Coleoptera: Carabidae). 1st Ed. Pensoft Publishers, Sofia, Bulgaria.","wYCqaZcA+7slXlj5N/mM6vobrh4QDptp","wYCqaZcA+7slXlj5N/mM6vobrh4QDptp",
"718ac3c1-2619-43dc-bc9a-89a50373a7dc","SERC_007.basePlot.bet","D02","SERC","SERC_007","N","2015-07-14","2015-07-28","2015-07-29","2015-09-01","2015-09-14","SERC_007.N.20150728","VuceAg7yVyd8iwrZjSXXrTSKCAO4HteURUPzWSvHtns=","carabid","ELAINC","Elaphropus incurvus","species",,"Say",,3,"Bousquet, Y. 2010b. Illustrated Identification Guide to Adults and Larvae of Northeastern North American Ground Beetles (Coleoptera: Carabidae). 1st Ed. Pensoft Publishers, Sofia, Bulgaria.","wYCqaZcA+7slXlj5N/mM6vobrh4QDptp","wYCqaZcA+7slXlj5N/mM6vobrh4QDptp",
"54575e2f-2f02-41f4-ae7d-b16b89fa1f67","SERC_007.basePlot.bet","D02","SERC","SERC_007","N","2015-07-14","2015-07-28","2015-07-29","2015-09-01",,"SERC_007.N.20150728","VuceAg7yVyd8iwrZjSXXreeTVJqhjZkAUH4zG65icw8=","invert bycatch",,,,,,,,,,"wYCqaZcA+7slXlj5N/mM6vobrh4QDptp",
"95c189a8-6f6f-4997-80d5-e8497bb81707","SERC_007.basePlot.bet","D02","SERC","SERC_007","N","2015-07-14","2015-07-28","2015-07-29","2015-09-01","2015-09-01","SERC_007.N.20150728","VuceAg7yVyd8iwrZjSXXra+fcQDJWrTQ1c31nwI3qHU=","carabid","ANIRUS","Anisodactylus rusticus","species",,"Say",,1,"Noonan, G. R. 1973. The Anisodactylines (Insecta: Coleoptera: Carabidae: Harpalini): classification, evolution and zoogeography. Quaestiones Entomologicae 9:266-480.","wYCqaZcA+7slXlj5N/mM6vobrh4QDptp","wYCqaZcA+7slXlj5N/mM6vobrh4QDptp",
"5cc9a06c-b489-48b1-9e58-3b799a8d322e","SERC_010.basePlot.bet","D02","SERC","SERC_010","N","2015-07-14","2015-07-28","2015-07-29","2015-08-31","2015-08-31","SERC_010.N.20150728","zJWEWmQZoMOE5uQVqsDQWlGlPuj200GX1BJPvsuPWfE=","carabid","CYCSIG","Cyclotrachelus sigillatus","species",,"Say",,1,"Freitag, R. 1969. A revision of the species of the genus Evarthrus LeConte. Quaestiones Entomologicae 5:89-212.","wYCqaZcA+7slXlj5N/mM6vobrh4QDptp","wYCqaZcA+7slXlj5N/mM6vobrh4QDptp",
"9a91e916-3e40-4dc3-b2f2-41292e3a5183","SERC_009.basePlot.bet","D02","SERC","SERC_009","N","2015-07-14","2015-07-28","2015-07-29","2015-09-01",,"SERC_009.N.20150728","tTNfz4yHzdkwSEnQtNH8bcKS4Te5DzON/GrAfYnSySQ=","invert bycatch",,,,,,,,,,"wYCqaZcA+7slXlj5N/mM6vobrh4QDptp",
"055fb82d-7d78-4250-bb67-1b37dcb29e7b","SERC_009.basePlot.bet","D02","SERC","SERC_009","N","2015-07-14","2015-07-28","2015-07-29","2015-09-01",,"SERC_009.N.20150728","tTNfz4yHzdkwSEnQtNH8bcKS4Te5DzONiv80N9wsi/Q=","invert bycatch",,,,,,,,,,"wYCqaZcA+7slXlj5N/mM6vobrh4QDptp",
"2fd89ffe-4556-46dc-a611-42cd494bcc54","SERC_021.basePlot.bet","D02","SERC","SERC_021","N","2015-07-14","2015-07-28","2015-07-29","2015-08-31",,"SERC_021.N.20150728","abrvHFi/547quzRJ4XXPwHI9Lao0cQ36NYCuYSiXeWk=","invert bycatch",,,,,,,,,,"wYCqaZcA+7slXlj5N/mM6vobrh4QDptp",
"7d9a30b3-ed70-4c86-9469-44e5f9dde6e9","SERC_006.basePlot.bet","D02","SERC","SERC_006","N","2015-07-14","2015-07-28","2015-07-29","2015-08-31","2015-08-31","SERC_006.N.20150728","ulDxSdgiTKJShrRoRejxxtX8rEHNHfi0v+P2KXxJZcs=","carabid","CHLAES","Chlaenius aestivus","species",,"Say",,2,"Ciegler, J. C. 2000. Ground beetles and wrinkled bark beetles of South Carolina (Coleoptera: Geadephaga: Carabidae and Rhysodidae). Biota of South Carolina. Vol. 1. Clemson, S. Clemson University.","wYCqaZcA+7slXlj5N/mM6vobrh4QDptp","wYCqaZcA+7slXlj5N/mM6vobrh4QDptp",
"4f8ec7a1-8ced-490a-a15c-c0664b05f82b","SERC_006.basePlot.bet","D02","SERC","SERC_006","N","2015-07-14","2015-07-28","2015-07-29","2015-08-31","2015-08-31","SERC_006.N.20150728","ulDxSdgiTKJShrRoRejxxofjZ5gp0gOtc0JLRittDPE=","carabid","POELUC","Poecilus lucublandus","species",,"Say",,1,"Ciegler, J. C. 2000. Ground beetles and wrinkled bark beetles of South Carolina (Coleoptera: Geadephaga: Carabidae and Rhysodidae). Biota of South Carolina. Vol. 1. Clemson, S. Clemson University.","wYCqaZcA+7slXlj5N/mM6vobrh4QDptp","wYCqaZcA+7slXlj5N/mM6vobrh4QDptp",
"c96b8d04-8cab-47f1-af5a-cc6b2b6ad805","SERC_015.basePlot.bet","D02","SERC","SERC_015","N","2015-07-14","2015-07-28","2015-07-29","2015-09-01",,"SERC_015.N.20150728","oRHnGosYO5NlS7xve2attlFoQ1VSL4FsYVlnSTaAazU=","invert bycatch",,,,,,,,,,"wYCqaZcA+7slXlj5N/mM6vobrh4QDptp",
"e58230c4-d91c-461a-bbcb-f77b02acb5b9","SERC_015.basePlot.bet","D02","SERC","SERC_015","N","2015-07-14","2015-07-28","2015-07-29","2015-09-01","2015-09-01","SERC_015.N.20150728","oRHnGosYO5NlS7xve2attruNy0LUrHz4ATSiA5MtqSw=","carabid","BEMAFF","Bembidion affine","species",,"Say",,1,"Bousquet, Y. 2010b. Illustrated Identification Guide to Adults and Larvae of Northeastern North American Ground Beetles (Coleoptera: Carabidae). 1st Ed. Pensoft Publishers, Sofia, Bulgaria.","wYCqaZcA+7slXlj5N/mM6vobrh4QDptp","wYCqaZcA+7slXlj5N/mM6vobrh4QDptp",
"3e5a3f49-7de2-4537-bde3-5390e20f124e","SERC_016.basePlot.bet","D02","SERC","SERC_016","N","2015-07-14","2015-07-28","2015-07-29","2015-09-01","2015-09-01","SERC_016.N.20150728","YVGGTAS4Nw9Xozif4tWpprwTA5P59pWBe2eFxNA4W8Y=","carabid","DICFUR2","Dicaelus furvus furvus","subspecies",,"Dejean",,1,"Ciegler, J. C. 2000. Ground beetles and wrinkled bark beetles of South Carolina (Coleoptera: Geadephaga: Carabidae and Rhysodidae). Biota of South Carolina. Vol. 1. Clemson, S. Clemson University.","wYCqaZcA+7slXlj5N/mM6vobrh4QDptp","wYCqaZcA+7slXlj5N/mM6vobrh4QDptp",
"cbfa236c-16f1-424c-b267-a076091816aa","SERC_010.basePlot.bet","D02","SERC","SERC_010","N","2015-07-14","2015-07-28","2015-07-29","2015-08-31",,"SERC_010.N.20150728","zJWEWmQZoMOE5uQVqsDQWj6EtiRip37c2NR2YfzC/Bw=","invert bycatch",,,,,,,,,,"wYCqaZcA+7slXlj5N/mM6vobrh4QDptp",
"2f6ce6d9-9ef9-462b-bb5d-cb8d7879759b","SERC_009.basePlot.bet","D02","SERC","SERC_009","N","2015-07-14","2015-07-28","2015-07-29","2015-09-01","2015-09-01","SERC_009.N.20150728","tTNfz4yHzdkwSEnQtNH8bd+EqPu0DskUqkbBOL7Iiyg=","carabid","CHLAES","Chlaenius aestivus","species",,"Say",,1,"Ciegler, J. C. 2000. Ground beetles and wrinkled bark beetles of South Carolina (Coleoptera: Geadephaga: Carabidae and Rhysodidae). Biota of South Carolina. Vol. 1. Clemson, S. Clemson University.","wYCqaZcA+7slXlj5N/mM6vobrh4QDptp","wYCqaZcA+7slXlj5N/mM6vobrh4QDptp",
"917891db-771d-42ed-8f19-1849483bc8e8","SERC_001.basePlot.bet","D02","SERC","SERC_001","N","2015-07-14","2015-07-28","2015-07-29","2015-09-01","2015-09-01","SERC_001.N.20150728","UaGVcrvVzDP2WW+JNy3ovaEvKFfRRPJRs3NZO4NQurg=","carabid","CHLEMA","Chlaenius emarginatus","species",,"Say",,1,"Ciegler, J. C. 2000. Ground beetles and wrinkled bark beetles of South Carolina (Coleoptera: Geadephaga: Carabidae and Rhysodidae). Biota of South Carolina. Vol. 1. Clemson, S. Clemson University.","wYCqaZcA+7slXlj5N/mM6vobrh4QDptp","wYCqaZcA+7slXlj5N/mM6vobrh4QDptp",
"fdff53bc-a4fb-4bbd-9e65-f3424d41bb27","SERC_006.basePlot.bet","D02","SERC","SERC_006","N","2015-07-14","2015-07-28","2015-07-29","2015-08-31","2015-08-31","SERC_006.N.20150728","ulDxSdgiTKJShrRoRejxxsupi4HnPtgnbLFkxiYMakA=","carabid","CARSP14","Carabidae sp.","family",,"Latreille","D02.2015.MorphA",1,"Other","wYCqaZcA+7slXlj5N/mM6vobrh4QDptp","wYCqaZcA+7slXlj5N/mM6vobrh4QDptp","Pterostichus subgenus Abacidus. Doesn't key to any described species- prosternal process margined, ultimate tarsomeres glabrous, pronotal margin distinct to base, aedeagus simple."
"5c08f19b-a6cd-423a-9b32-1f27d7f58e5b","SERC_007.basePlot.bet","D02","SERC","SERC_007","N","2015-07-14","2015-07-28","2015-07-29","2015-09-01","2015-09-01","SERC_007.N.20150728","VuceAg7yVyd8iwrZjSXXreUNYdQv4r9c0P+q57hP8ms=","carabid","STEOCH","Stenolophus ochropezus","species",,"Say",,1,"Bousquet, Y. 2010b. Illustrated Identification Guide to Adults and Larvae of Northeastern North American Ground Beetles (Coleoptera: Carabidae). 1st Ed. Pensoft Publishers, Sofia, Bulgaria.","wYCqaZcA+7slXlj5N/mM6vobrh4QDptp","wYCqaZcA+7slXlj5N/mM6vobrh4QDptp",
"399a199b-c7d6-422e-803c-8b23936cd9d0","SERC_007.basePlot.bet","D02","SERC","SERC_007","N","2015-07-14","2015-07-28","2015-07-29","2015-09-01","2015-09-01","SERC_007.N.20150728","VuceAg7yVyd8iwrZjSXXrfJhwJJEgph0eWEEzW/GpoQ=","carabid","SCASUB2","Scarites subterraneus","species",,"Fabricius",,5,"Other","wYCqaZcA+7slXlj5N/mM6vobrh4QDptp","wYCqaZcA+7slXlj5N/mM6vobrh4QDptp",
"ef6e29cd-0a1b-4e41-8343-377e8b3bb18e","SERC_003.basePlot.bet","D02","SERC","SERC_003","N","2015-07-14","2015-07-28","2015-07-29","2015-08-31",,"SERC_003.N.20150728","CC7oYVgiCpCG6sExBGzz/Fzbo7t6ghnLcXX08kCTkqw=","invert bycatch",,,,,,,,,"wYCqaZcA+7slXlj5N/mM6vobrh4QDptp","wYCqaZcA+7slXlj5N/mM6vobrh4QDptp",
"1b0ab22e-be6c-48d0-8cef-f6591c4bd257","SERC_007.basePlot.bet","D02","SERC","SERC_007","S","2015-07-14","2015-07-28","2015-07-29","2015-09-01",,"SERC_007.S.20150728","VuceAg7yVycbihe2x8O8rAY5cb0GaJFXfJFWIEXRyZE=","invert bycatch",,,,,,,,,,"wYCqaZcA+7slXlj5N/mM6vobrh4QDptp",
"f88224ac-ba1d-4a3e-96c6-8f0f4025d6c4","SERC_003.basePlot.bet","D02","SERC","SERC_003","S","2015-07-14","2015-07-28","2015-07-29","2015-08-31",,"SERC_003.S.20150728","CC7oYVgiCpCbybsEGlEH1uzb2vDnW8rmjRCEQmmWXJI=","invert bycatch",,,,,,,,,,"wYCqaZcA+7slXlj5N/mM6vobrh4QDptp",
"65615c4d-b8e5-41bf-8df5-0dbb2bf7fac3","SERC_009.basePlot.bet","D02","SERC","SERC_009","S","2015-07-14","2015-07-28","2015-07-29","2015-09-01",,"SERC_009.S.20150728","tTNfz4yHzdmJFQIid5wgzs5uxNSHKNzx/xUBH/PPqfk=","invert bycatch",,,,,,,,,,"wYCqaZcA+7slXlj5N/mM6vobrh4QDptp",
"dc416e39-9a97-4aad-a7a8-e23da135b325","SERC_009.basePlot.bet","D02","SERC","SERC_009","S","2015-07-14","2015-07-28","2015-07-29","2015-09-01","2015-09-01","SERC_009.S.20150728","tTNfz4yHzdmJFQIid5wgzkLXDFrjxvi1WchOP5S5BHk=","carabid","CHLAES","Chlaenius aestivus","species",,"Say",,1,"Ciegler, J. C. 2000. Ground beetles and wrinkled bark beetles of South Carolina (Coleoptera: Geadephaga: Carabidae and Rhysodidae). Biota of South Carolina. Vol. 1. Clemson, S. Clemson University.","wYCqaZcA+7slXlj5N/mM6vobrh4QDptp","wYCqaZcA+7slXlj5N/mM6vobrh4QDptp",
"74850726-285c-43b6-8925-68a85ec31bc9","SERC_010.basePlot.bet","D02","SERC","SERC_010","S","2015-07-14","2015-07-28","2015-07-29","2015-08-31",,"SERC_010.S.20150728","zJWEWmQZoMNAenyerOxLOOmdwO81nXjC9ngf/M+oYUM=","invert bycatch",,,,,,,,,,"wYCqaZcA+7slXlj5N/mM6vobrh4QDptp",
