uid,namedLocation,domainID,siteID,plotID,trapID,setDate,collectDate,processingDate,etOHChangeDate,identifiedDate,sampleID,subsampleID,sampleType,taxonID,scientificName,taxonRank,identificationQualifier,scientificNameAuthorship,morphospeciesID,individualCount,identificationReferences,identifiedBy,recordedBy,remarks
"284c47e2-45d7-47e5-a6f6-4fd259b2800b","ORNL_029.basePlot.bet","D07","ORNL","ORNL_029","N","2016-04-26","2016-05-10","2016-05-11","2016-06-02",,"ORNL_029.N.20160510","7LdWMHVTMyQRYRk3VzlIA7sPt2Z8SmVaTb1nlqtgzmU=","invert bycatch",,,,,,,,,,"NckVeUTSUP6LXotw5DdWvfxzK/VJHqS5",
"534f4435-a28c-44b3-ae2b-4d49b4ddfcd3","ORNL_003.basePlot.bet","D07","ORNL","ORNL_003","W","2016-04-26","2016-05-10","2016-05-11","2016-06-02",,"ORNL_003.W.20160510","952sL8sB3/gTFn9DMXctOGy9VIYQSlMlnV0xyPFISFA=","invert bycatch",,,,,,,,,,"NckVeUTSUP6LXotw5DdWvfxzK/VJHqS5",
"0154a84a-a7d2-412b-b1d7-e6bd86a18096","ORNL_003.basePlot.bet","D07","ORNL","ORNL_003","N","2016-04-26","2016-05-10","2016-05-11","2016-11-18","2016-11-18","ORNL_003.N.20160510","952sL8sB3/gDwOwaqyWUuAmAptWUq6+9p6ofq976OWQ=","carabid","DICDIL2","Dicaelus dilatatus sinuatus","subspecies",,"Ball",,2,"Ciegler, J. C. 2000. Ground beetles and wrinkled bark beetles of South Carolina (Coleoptera: Geadephaga: Carabidae and Rhysodidae). Biota of South Carolina. Vol. 1. Clemson, S. Clemson University.","zAuTdQ8TLTOCAVE+XhtWnklq56XAz8bt","NckVeUTSUP6LXotw5DdWvfxzK/VJHqS5",
"779800c0-280e-4f9e-8ab1-d40a7c4b7410","ORNL_003.basePlot.bet","D07","ORNL","ORNL_003","N","2016-04-26","2016-05-10","2016-05-11","2016-06-02",,"ORNL_003.N.20160510","952sL8sB3/gDwOwaqyWUuOYaM4a6Lz7V+u/phNGvE0E=","invert bycatch",,,,,,,,,,"NckVeUTSUP6LXotw5DdWvfxzK/VJHqS5",
"130ca70e-ad49-461e-9092-b0a715626dd8","ORNL_003.basePlot.bet","D07","ORNL","ORNL_003","N","2016-04-26","2016-05-10","2016-05-11","2016-09-13","2016-09-13","ORNL_003.N.20160510","952sL8sB3/gDwOwaqyWUuG+/YNV99OQJftFs1iq2DZE=","carabid","CYCFUC","Cyclotrachelus fucatus","species",,"Freitag",,1,"Freitag, R. 1969. A revision of the species of the genus Evarthrus LeConte. Quaestiones Entomologicae 5:89-212.","C/RpfPKb8HTaiQJE7Yod+06R2cjuJOBA","NckVeUTSUP6LXotw5DdWvfxzK/VJHqS5",
"c0a4d790-110c-4ae9-9acd-0d401a8ba9fa","ORNL_032.basePlot.bet","D07","ORNL","ORNL_032","E","2016-04-26","2016-05-10","2016-05-11","2016-09-13","2016-09-13","ORNL_032.E.20160510","DcTblkLRhld365l7uBXeaeAjJfJu504CyNSxaKk1TZc=","carabid","CYCFUC","Cyclotrachelus fucatus","species",,"Freitag",,1,"Freitag, R. 1969. A revision of the species of the genus Evarthrus LeConte. Quaestiones Entomologicae 5:89-212.","C/RpfPKb8HTaiQJE7Yod+06R2cjuJOBA","hMeIr0r1D+O0r0KddsZuUbKn5xsaChU1",
"b2abbce7-7cd6-47ca-b6c9-fd5a4368a9e4","ORNL_003.basePlot.bet","D07","ORNL","ORNL_003","S","2016-04-26","2016-05-10","2016-05-11","2016-09-13","2016-09-13","ORNL_003.S.20160510","952sL8sB3/i/BuvpX5+pAVhXXxkIpg5MCFtfX1nqSFM=","carabid","CYCFUC","Cyclotrachelus fucatus","species",,"Freitag",,1,"Freitag, R. 1969. A revision of the species of the genus Evarthrus LeConte. Quaestiones Entomologicae 5:89-212.","C/RpfPKb8HTaiQJE7Yod+06R2cjuJOBA","NckVeUTSUP6LXotw5DdWvfxzK/VJHqS5",
"ae21b9cf-6d4e-4a23-9b9f-7a69f1d3cecc","ORNL_003.basePlot.bet","D07","ORNL","ORNL_003","S","2016-04-26","2016-05-10","2016-05-11","2016-06-02",,"ORNL_003.S.20160510","952sL8sB3/i/BuvpX5+pAWT8cJ+UhPftZTuDNiRn71g=","invert bycatch",,,,,,,,,,"NckVeUTSUP6LXotw5DdWvfxzK/VJHqS5",
"9cef6574-48b2-4c30-9645-5670dadfb5e9","ORNL_002.basePlot.bet","D07","ORNL","ORNL_002","N","2016-04-26","2016-05-10","2016-05-11","2016-09-13","2016-09-13","ORNL_002.N.20160510","FcwZvbWDjdh4gaIydInsZqAXgS35ohzn0f054tUJfwc=","carabid","DICPOL","Dicaelus politus","species",,"Dejean",,1,"Ball, G. E. 1992. The Tribe Licinini (Coleoptera: Carabidae): A Review of the Genus-Groups and of the Species of Selected Genera. Journal of the New York Entomological Society 100:325-380.","C/RpfPKb8HTaiQJE7Yod+06R2cjuJOBA","hMeIr0r1D+O0r0KddsZuUbKn5xsaChU1",
"e71fb02c-d7a9-4acf-b703-fd10aa85f378","ORNL_002.basePlot.bet","D07","ORNL","ORNL_002","N","2016-04-26","2016-05-10","2016-05-11","2016-06-13",,"ORNL_002.N.20160510","FcwZvbWDjdh4gaIydInsZtKch1fZvjtJAEYADybp0EY=","invert bycatch",,,,,,,,,,"hMeIr0r1D+O0r0KddsZuUbKn5xsaChU1",
"29e6e6ce-a4b4-469a-ba4c-d74a31b3fa11","ORNL_002.basePlot.bet","D07","ORNL","ORNL_002","S","2016-04-26","2016-05-10","2016-05-11","2016-09-13","2016-09-13","ORNL_002.S.20160510","FcwZvbWDjdiZOENX8biTkdwG/Roc6ssXF7vPiEi8YvE=","carabid","CYCFUC","Cyclotrachelus fucatus","species",,"Freitag",,1,"Freitag, R. 1969. A revision of the species of the genus Evarthrus LeConte. Quaestiones Entomologicae 5:89-212.","C/RpfPKb8HTaiQJE7Yod+06R2cjuJOBA","hMeIr0r1D+O0r0KddsZuUbKn5xsaChU1",
"aa8ade09-f4c6-424d-93f4-9a6ac5a76af2","ORNL_002.basePlot.bet","D07","ORNL","ORNL_002","W","2016-04-26","2016-05-10","2016-05-11","2016-09-13","2016-09-13","ORNL_002.W.20160510","FcwZvbWDjdgPnznj/VRiJ7HmSbaYAd7USs2W4wQNo+E=","carabid","CYCFUC","Cyclotrachelus fucatus","species",,"Freitag",,2,"Freitag, R. 1969. A revision of the species of the genus Evarthrus LeConte. Quaestiones Entomologicae 5:89-212.","C/RpfPKb8HTaiQJE7Yod+06R2cjuJOBA","hMeIr0r1D+O0r0KddsZuUbKn5xsaChU1",
"525a8d09-24cc-474c-a5c4-5e70d2466518","ORNL_002.basePlot.bet","D07","ORNL","ORNL_002","S","2016-04-26","2016-05-10","2016-05-11","2016-06-13",,"ORNL_002.S.20160510","FcwZvbWDjdiZOENX8biTkaseyoZj9uOokAn0KNSYeBY=","invert bycatch",,,,,,,,,,"hMeIr0r1D+O0r0KddsZuUbKn5xsaChU1",
"10010d35-fa6e-48ab-be2e-e94927fa0d44","ORNL_002.basePlot.bet","D07","ORNL","ORNL_002","W","2016-04-26","2016-05-10","2016-05-11","2016-06-13",,"ORNL_002.W.20160510","FcwZvbWDjdgPnznj/VRiJ4b+0WUVNXHbA2zlW9lgmJI=","invert bycatch",,,,,,,,,,"hMeIr0r1D+O0r0KddsZuUbKn5xsaChU1",
"20363686-64ae-451f-a406-cd68dbefccb0","ORNL_002.basePlot.bet","D07","ORNL","ORNL_002","N","2016-04-26","2016-05-10","2016-05-11","2016-09-13","2016-09-13","ORNL_002.N.20160510","FcwZvbWDjdh4gaIydInsZrYvrs6N8A2XMNlqpvqD+xY=","carabid","SPHSTE1","Sphaeroderus stenostomus lecontei","subspecies",,"Dejean",,1,"Barr Jr., T. C. 1974a. Key to species and subspecies of Sphaeroderus Dejean.","C/RpfPKb8HTaiQJE7Yod+06R2cjuJOBA","hMeIr0r1D+O0r0KddsZuUbKn5xsaChU1",
"de62919a-ef40-4bcd-ae88-74ac426d2989","ORNL_027.basePlot.bet","D07","ORNL","ORNL_027","E","2016-04-26","2016-05-10","2016-05-11","2016-09-13","2016-09-13","ORNL_027.E.20160510","di/gYcSB3uAv3mQDAiZcrR48EI+cy6WTmF8i8NsjTdc=","carabid","SCAUNI1","Scaphinotus unicolor","species",,"Fabricius",,1,"Ciegler, J. C. 2000. Ground beetles and wrinkled bark beetles of South Carolina (Coleoptera: Geadephaga: Carabidae and Rhysodidae). Biota of South Carolina. Vol. 1. Clemson, S. Clemson University.","C/RpfPKb8HTaiQJE7Yod+06R2cjuJOBA","hMeIr0r1D+O0r0KddsZuUbKn5xsaChU1",
"1420cd54-bc12-404f-aebe-eae17d4c662e","ORNL_021.basePlot.bet","D07","ORNL","ORNL_021","S","2016-04-26","2016-05-10","2016-05-11","2016-05-27",,"ORNL_021.S.20160510","LlqcsvOjN4BjD4VOCJJVGHGp0cvDMu8KYJIMdCZYgxM=","invert bycatch",,,,,,,,,,"smm+Uhzztacb51a6qJKTzFqTA0R6hggt",
"3828640e-2dbd-4436-9d1a-76ce422d7270","ORNL_027.basePlot.bet","D07","ORNL","ORNL_027","N","2016-04-26","2016-05-10","2016-05-11","2016-09-13","2016-09-13","ORNL_027.N.20160510","di/gYcSB3uA5TgFl4hm8Pyl9KOc6jESBT4+aNAQIM5w=","carabid","CHLEMA","Chlaenius emarginatus","species",,"Say",,1,"Bell, R. T. 1960. A Revision of the Genus Chlaenius Bonelli (Coleoptera, Carabidae) in North America. Miscellaneous Publications of the Entomological Society of America 1:98-166.","C/RpfPKb8HTaiQJE7Yod+06R2cjuJOBA","hMeIr0r1D+O0r0KddsZuUbKn5xsaChU1",
"a03f5fae-85fa-444f-8be0-f9379d1cf4c2","ORNL_027.basePlot.bet","D07","ORNL","ORNL_027","N","2016-04-26","2016-05-10","2016-05-11","2016-06-13",,"ORNL_027.N.20160510","di/gYcSB3uA5TgFl4hm8P9bUUj7BqNpmofRF6G21yng=","invert bycatch",,,,,,,,,,"hMeIr0r1D+O0r0KddsZuUbKn5xsaChU1",
"27aeb869-ba5b-427d-89cb-3b3030c8413e","ORNL_027.basePlot.bet","D07","ORNL","ORNL_027","E","2016-04-26","2016-05-10","2016-05-11","2016-06-13",,"ORNL_027.E.20160510","di/gYcSB3uAv3mQDAiZcrSIb7krPL5wOE/RhfMbcnZc=","invert bycatch",,,,,,,,,,"hMeIr0r1D+O0r0KddsZuUbKn5xsaChU1",
"43f7c032-8c4f-4643-a4e7-a2b4aff5731a","ORNL_021.basePlot.bet","D07","ORNL","ORNL_021","S","2016-04-26","2016-05-10","2016-05-11","2016-09-13","2016-09-13","ORNL_021.S.20160510","LlqcsvOjN4BjD4VOCJJVGKW3Sf9aRrXAbw/Bpm/oxPA=","carabid","AMAIMP","Amara impuncticollis","species",,"Say",,1,"Hieke, F. 1999. The Amara of the subgenus Reductocelia Lafer, 1989 (Coleoptera Carabidae Zabrini). Pages 333-362 in A. Zamotajlov and R. Sciaky, editors. Advances in Carabidology. MUISO Publishers.","C/RpfPKb8HTaiQJE7Yod+06R2cjuJOBA","smm+Uhzztacb51a6qJKTzFqTA0R6hggt",
"b3596c1d-4ee3-4196-9837-c8c2c766dc8d","ORNL_021.basePlot.bet","D07","ORNL","ORNL_021","W","2016-04-26","2016-05-10","2016-05-11","2016-09-13","2016-09-13","ORNL_021.W.20160510","LlqcsvOjN4CikGAtT+4ywUArV9zu2E7uBPoNrDHDVrM=","carabid","AMAIMP","Amara impuncticollis","species","cf. species","Say",,5,"Hieke, F. 1999. The Amara of the subgenus Reductocelia Lafer, 1989 (Coleoptera Carabidae Zabrini). Pages 333-362 in A. Zamotajlov and R. Sciaky, editors. Advances in Carabidology. MUISO Publishers.","C/RpfPKb8HTaiQJE7Yod+06R2cjuJOBA","smm+Uhzztacb51a6qJKTzFqTA0R6hggt",
"f58ca943-adec-41ed-af17-18cb0fc17af4","ORNL_021.basePlot.bet","D07","ORNL","ORNL_021","W","2016-04-26","2016-05-10","2016-05-11","2016-09-13","2016-09-13","ORNL_021.W.20160510","LlqcsvOjN4CikGAtT+4ywe5hbWsOsQqs7r7f3mmwib0=","carabid","ANIOVU","Anisodactylus ovularis","species",,"Casey",,1,"Noonan, G. R. 1973. The Anisodactylines (Insecta: Coleoptera: Carabidae: Harpalini): classification, evolution and zoogeography. Quaestiones Entomologicae 9:266-480.","C/RpfPKb8HTaiQJE7Yod+06R2cjuJOBA","smm+Uhzztacb51a6qJKTzFqTA0R6hggt",
"77f89fc6-dc70-4fde-b887-cb925880a147","ORNL_021.basePlot.bet","D07","ORNL","ORNL_021","W","2016-04-26","2016-05-10","2016-05-11","2016-05-27",,"ORNL_021.W.20160510","LlqcsvOjN4CikGAtT+4ywbb1OZVV6CQLnZGy2sEWAyc=","invert bycatch",,,,,,,,,,"smm+Uhzztacb51a6qJKTzFqTA0R6hggt",
"e1f98e30-c9d8-4c13-9205-c77b0814f531","ORNL_031.basePlot.bet","D07","ORNL","ORNL_031","S","2016-04-26","2016-05-10","2016-05-11","2016-11-18","2016-11-18","ORNL_031.S.20160510","G1V5MttZ4JJO/csRKXZrzqvEz5TuBwlz+0gFVusIDfk=","carabid","ANIFUR","Anisodactylus furvus","species",,"LeConte",,1,"Noonan, G. R. 1973. The Anisodactylines (Insecta: Coleoptera: Carabidae: Harpalini): classification, evolution and zoogeography. Quaestiones Entomologicae 9:266-480.","zAuTdQ8TLTOCAVE+XhtWnklq56XAz8bt","smm+Uhzztacb51a6qJKTzFqTA0R6hggt",
"b75423d8-659f-4a23-9ab6-51754ad0caa7","ORNL_031.basePlot.bet","D07","ORNL","ORNL_031","S","2016-04-26","2016-05-10","2016-05-11","2016-05-27",,"ORNL_031.S.20160510","G1V5MttZ4JJO/csRKXZrzt4C+h2+qUh6NxAGPcJFycI=","invert bycatch",,,,,,,,,,"smm+Uhzztacb51a6qJKTzFqTA0R6hggt",
"f5c64bdf-c97a-48c7-bf21-8f7b32ad8157","ORNL_031.basePlot.bet","D07","ORNL","ORNL_031","S","2016-04-26","2016-05-10","2016-05-11","2016-09-13","2016-09-13","ORNL_031.S.20160510","G1V5MttZ4JJO/csRKXZrzgPJnq7g2PfnoaDGITVxEvg=","carabid","AMAIMP","Amara impuncticollis","species","cf. species","Say",,2,"Hieke, F. 1999. The Amara of the subgenus Reductocelia Lafer, 1989 (Coleoptera Carabidae Zabrini). Pages 333-362 in A. Zamotajlov and R. Sciaky, editors. Advances in Carabidology. MUISO Publishers.","C/RpfPKb8HTaiQJE7Yod+06R2cjuJOBA","smm+Uhzztacb51a6qJKTzFqTA0R6hggt",
"a272abdd-544b-45b0-8daf-e97be29ffa11","ORNL_004.basePlot.bet","D07","ORNL","ORNL_004","N","2016-04-26","2016-05-10","2016-05-11","2016-06-13",,"ORNL_004.N.20160510","qnVzy9oXbL16fqio1xoDpHE6Jke6XlfuwG+e8mpeEeA=","invert bycatch",,,,,,,,,,"hMeIr0r1D+O0r0KddsZuUbKn5xsaChU1",
"f9e57f82-eaf3-4035-9a55-18625ae02474","ORNL_031.basePlot.bet","D07","ORNL","ORNL_031","E","2016-04-26","2016-05-10","2016-05-11","2016-05-27",,"ORNL_031.E.20160510","G1V5MttZ4JIU2oox9sYkKE0APpRgODY41e2xqSiw198=","invert bycatch",,,,,,,,,,"smm+Uhzztacb51a6qJKTzFqTA0R6hggt",
"787c8005-e835-4868-bd32-e142491ed119","ORNL_031.basePlot.bet","D07","ORNL","ORNL_031","E","2016-04-26","2016-05-10","2016-05-11","2016-09-13","2016-09-13","ORNL_031.E.20160510","G1V5MttZ4JIU2oox9sYkKCw2NIjWJE0Oli02A2AiZdg=","carabid","SCASUB2","Scarites subterraneus","species",,"Fabricius",,1,"Ciegler, J. C. 2000. Ground beetles and wrinkled bark beetles of South Carolina (Coleoptera: Geadephaga: Carabidae and Rhysodidae). Biota of South Carolina. Vol. 1. Clemson, S. Clemson University.","C/RpfPKb8HTaiQJE7Yod+06R2cjuJOBA","smm+Uhzztacb51a6qJKTzFqTA0R6hggt",
"06914969-84f2-4c8f-811d-6a45f8c364c1","ORNL_004.basePlot.bet","D07","ORNL","ORNL_004","W","2016-04-26","2016-05-10","2016-05-11","2016-09-13","2016-09-13","ORNL_004.W.20160510","qnVzy9oXbL0qUS2wZooi3VP3M9d3Oa+pOGsRi+ECFZ0=","carabid","PASPUN","Pasimachus punctulatus","species",,"Haldeman",,1,"Purrington, F., and C. J. Drake. 2005. A key to adult Nearctic Pasimachus (Pasimachus) Bonelli (Coleoptera: Carabidae: Scaritini), with comments on their functional mouthpart morphology. Entomological News 116:253-262.","C/RpfPKb8HTaiQJE7Yod+06R2cjuJOBA","hMeIr0r1D+O0r0KddsZuUbKn5xsaChU1",
"a7f6b7c7-b4f8-4644-a8c1-99e976ae01ce","ORNL_004.basePlot.bet","D07","ORNL","ORNL_004","N","2016-04-26","2016-05-10","2016-05-11","2016-09-13","2016-09-13","ORNL_004.N.20160510","qnVzy9oXbL16fqio1xoDpHooPH09YOFOBeuwQZpvSGE=","carabid","CYCFUC","Cyclotrachelus fucatus","species",,"Freitag",,1,"Freitag, R. 1969. A revision of the species of the genus Evarthrus LeConte. Quaestiones Entomologicae 5:89-212.","C/RpfPKb8HTaiQJE7Yod+06R2cjuJOBA","hMeIr0r1D+O0r0KddsZuUbKn5xsaChU1",
"9dc92db1-8bed-4d82-8cd5-5747bec55ae5","ORNL_004.basePlot.bet","D07","ORNL","ORNL_004","W","2016-04-26","2016-05-10","2016-05-11","2016-06-13",,"ORNL_004.W.20160510","qnVzy9oXbL0qUS2wZooi3e54AR3g6XrxXQ71aMePz2g=","invert bycatch",,,,,,,,,,"hMeIr0r1D+O0r0KddsZuUbKn5xsaChU1",
"48b1def4-c820-46ca-b509-91533971ff4b","ORNL_032.basePlot.bet","D07","ORNL","ORNL_032","N","2016-04-26","2016-05-10","2016-05-11","2016-09-13","2016-09-13","ORNL_032.N.20160510","DcTblkLRhldkfEFR5ElpHFIlRsaQX2Q/woxmJUotpB8=","carabid","CYCFUC","Cyclotrachelus fucatus","species",,"Freitag",,1,"Freitag, R. 1969. A revision of the species of the genus Evarthrus LeConte. Quaestiones Entomologicae 5:89-212.","C/RpfPKb8HTaiQJE7Yod+06R2cjuJOBA","hMeIr0r1D+O0r0KddsZuUbKn5xsaChU1",
"27a5a4a1-6a7d-4cfc-a601-9f01cdfe46dd","ORNL_032.basePlot.bet","D07","ORNL","ORNL_032","W","2016-04-26","2016-05-10","2016-05-11","2016-09-13","2016-09-13","ORNL_032.W.20160510","DcTblkLRhlcMHYnGBtTNzHMDGyRBXXHSrnKuHZVufQQ=","carabid","CYCFUC","Cyclotrachelus fucatus","species",,"Freitag",,1,"Freitag, R. 1969. A revision of the species of the genus Evarthrus LeConte. Quaestiones Entomologicae 5:89-212.","C/RpfPKb8HTaiQJE7Yod+06R2cjuJOBA","hMeIr0r1D+O0r0KddsZuUbKn5xsaChU1",
"4c4eee3d-4d6b-4fcb-a79f-0ba1c04c111b","ORNL_032.basePlot.bet","D07","ORNL","ORNL_032","W","2016-04-26","2016-05-10","2016-05-11","2016-06-15",,"ORNL_032.W.20160510","DcTblkLRhlcMHYnGBtTNzGCWb43lZEx+n2VrMbN3Jao=","invert bycatch",,,,,,,,,,"hMeIr0r1D+O0r0KddsZuUbKn5xsaChU1",
"f0eb56f4-9565-469e-9b17-3d58b3e5240b","ORNL_032.basePlot.bet","D07","ORNL","ORNL_032","N","2016-04-26","2016-05-10","2016-05-11","2016-06-15",,"ORNL_032.N.20160510","DcTblkLRhldkfEFR5ElpHOwTHTd+4+PQ/Ak5n5s1jrU=","invert bycatch",,,,,,,,,,"hMeIr0r1D+O0r0KddsZuUbKn5xsaChU1",
"00f7fc28-14e9-45c7-8108-b8f05a38137d","ORNL_032.basePlot.bet","D07","ORNL","ORNL_032","E","2016-04-26","2016-05-10","2016-05-11","2016-06-15",,"ORNL_032.E.20160510","DcTblkLRhld365l7uBXeaS5RfC7iD4M9q0VDAxK/2zg=","invert bycatch",,,,,,,,,,"hMeIr0r1D+O0r0KddsZuUbKn5xsaChU1",
"ed5baeb6-2afd-4111-a26a-8a1eab304e5a","ORNL_006.basePlot.bet","D07","ORNL","ORNL_006","E","2016-04-26","2016-05-10","2016-05-11","2016-09-13","2016-09-13","ORNL_006.E.20160510","XUOG9+A5sIM3c8KMfvLyxCloPWxa1pubvs+oyWkCiPQ=","carabid","SPHSTE1","Sphaeroderus stenostomus lecontei","subspecies",,"Dejean",,1,"Barr Jr., T. C. 1974a. Key to species and subspecies of Sphaeroderus Dejean.","C/RpfPKb8HTaiQJE7Yod+06R2cjuJOBA","hMeIr0r1D+O0r0KddsZuUbKn5xsaChU1",
"bd2f8382-e6b8-442b-a766-b6b04db09ab7","ORNL_006.basePlot.bet","D07","ORNL","ORNL_006","W","2016-04-26","2016-05-10","2016-05-11","2016-06-13",,"ORNL_006.W.20160510","XUOG9+A5sIMU6k9TI/vF0BKDcEk7S4MnJAzu56FOvG0=","invert bycatch",,,,,,,,,,"hMeIr0r1D+O0r0KddsZuUbKn5xsaChU1",
"095f161c-3b78-43ef-9e1f-0cb26ee34818","ORNL_006.basePlot.bet","D07","ORNL","ORNL_006","E","2016-04-26","2016-05-10","2016-05-11","2016-06-13",,"ORNL_006.E.20160510","XUOG9+A5sIM3c8KMfvLyxEEonpko0kEl7GBv6pth0bw=","invert bycatch",,,,,,,,,,"hMeIr0r1D+O0r0KddsZuUbKn5xsaChU1",
"99b00932-f69e-4f7c-9d27-e2a5b4f0b63f","ORNL_006.basePlot.bet","D07","ORNL","ORNL_006","W","2016-04-26","2016-05-10","2016-05-11","2016-09-13","2016-09-13","ORNL_006.W.20160510","XUOG9+A5sIMU6k9TI/vF0HhconZTqgO6y9Oo4IRhVAw=","carabid","CYCFUC","Cyclotrachelus fucatus","species",,"Freitag",,2,"Freitag, R. 1969. A revision of the species of the genus Evarthrus LeConte. Quaestiones Entomologicae 5:89-212.","C/RpfPKb8HTaiQJE7Yod+06R2cjuJOBA","hMeIr0r1D+O0r0KddsZuUbKn5xsaChU1",
"e0606055-f443-4fc4-b9b1-63650f358744","ORNL_006.basePlot.bet","D07","ORNL","ORNL_006","E","2016-04-26","2016-05-10","2016-05-11","2016-09-13","2016-09-13","ORNL_006.E.20160510","XUOG9+A5sIM3c8KMfvLyxHCjWg2uCYYPSUTvDR7fiS8=","carabid","CYCFUC","Cyclotrachelus fucatus","species",,"Freitag",,1,"Freitag, R. 1969. A revision of the species of the genus Evarthrus LeConte. Quaestiones Entomologicae 5:89-212.","C/RpfPKb8HTaiQJE7Yod+06R2cjuJOBA","hMeIr0r1D+O0r0KddsZuUbKn5xsaChU1",
"67031e09-412f-4663-b62d-49c2f8921710","ORNL_001.basePlot.bet","D07","ORNL","ORNL_001","N","2016-04-26","2016-05-10","2016-05-11","2016-06-13",,"ORNL_001.N.20160510","1iGudFvILglFolq0mlYwNVRZDP68uZ/844mE3uR5xEQ=","invert bycatch",,,,,,,,,,"hMeIr0r1D+O0r0KddsZuUbKn5xsaChU1",
"6b077174-2b60-4a29-aef2-49beb7d50f0e","ORNL_001.basePlot.bet","D07","ORNL","ORNL_001","E","2016-04-26","2016-05-10","2016-05-11","2016-06-13",,"ORNL_001.E.20160510","1iGudFvILgl0uo8jjPg8XjmsurrG9NNdAXB/e1s/9Pw=","invert bycatch",,,,,,,,,,"hMeIr0r1D+O0r0KddsZuUbKn5xsaChU1",
"a6a12612-5666-430c-8e79-146a4bd2c268","ORNL_032.basePlot.bet","D07","ORNL","ORNL_032","S","2016-04-26","2016-05-10","2016-05-11","2016-06-15",,"ORNL_032.S.20160510","DcTblkLRhleXh9yrX2N7YIgcOE6jxdqAZ4GFm7NnNCE=","invert bycatch",,,,,,,,,,"hMeIr0r1D+O0r0KddsZuUbKn5xsaChU1",
"b98d0733-76ae-46cb-bc92-d409d290a994","ORNL_001.basePlot.bet","D07","ORNL","ORNL_001","S","2016-04-26","2016-05-10","2016-05-11","2016-06-13",,"ORNL_001.S.20160510","1iGudFvILgkltEJD0ESwhVa+H5fEMJGfFGrnw1L8qq4=","invert bycatch",,,,,,,,,,"hMeIr0r1D+O0r0KddsZuUbKn5xsaChU1",
"59060f98-4fdb-469a-a433-0f6c16acaec2","ORNL_001.basePlot.bet","D07","ORNL","ORNL_001","W","2016-04-26","2016-05-10","2016-05-11","2016-06-13",,"ORNL_001.W.20160510","1iGudFvILglesTwChAua4G1ApF+4DV7NAux2Ot7pqK8=","invert bycatch",,,,,,,,,,"hMeIr0r1D+O0r0KddsZuUbKn5xsaChU1",
"60347dbd-3203-4045-bd09-9f1b6ff0293d","ORNL_027.basePlot.bet","D07","ORNL","ORNL_027","W","2016-04-26","2016-05-10","2016-05-11","2016-06-13",,"ORNL_027.W.20160510","di/gYcSB3uB3ooLgTxX6zk4EnkZozd1zczpFhWT4LPw=","invert bycatch",,,,,,,,,,"hMeIr0r1D+O0r0KddsZuUbKn5xsaChU1",
"0c8b3b83-9b49-4659-9609-76d3cd607b75","ORNL_027.basePlot.bet","D07","ORNL","ORNL_027","S","2016-04-26","2016-05-10","2016-05-11","2016-06-13",,"ORNL_027.S.20160510","di/gYcSB3uCX/QMG51POLgFWqKepfgl+x4d98Qiph2k=","invert bycatch",,,,,,,,,,"hMeIr0r1D+O0r0KddsZuUbKn5xsaChU1",
"4a61d57d-058e-4aaf-8223-25044562f0ae","ORNL_006.basePlot.bet","D07","ORNL","ORNL_006","S","2016-04-26","2016-05-10","2016-05-11","2016-06-13",,"ORNL_006.S.20160510","XUOG9+A5sINy1SL42hEWvaZtW8kMn2IJE93Zuyq+NaQ=","invert bycatch",,,,,,,,,,"hMeIr0r1D+O0r0KddsZuUbKn5xsaChU1",
"a8a75d9f-1446-4551-8111-d9367e395ea2","ORNL_006.basePlot.bet","D07","ORNL","ORNL_006","N","2016-04-26","2016-05-10","2016-05-11","2016-06-13",,"ORNL_006.N.20160510","XUOG9+A5sIMZLZu3KzmtUuY7ONWDkmQhWgl8dyv4xZQ=","invert bycatch",,,,,,,,,,"hMeIr0r1D+O0r0KddsZuUbKn5xsaChU1",
"55374f9f-5549-4b52-bcc7-ccd6b0e6bee2","ORNL_031.basePlot.bet","D07","ORNL","ORNL_031","N","2016-04-26","2016-05-10","2016-05-11","2016-05-27",,"ORNL_031.N.20160510","G1V5MttZ4JJKwRamf9RFhNq3UIaopTr3cCBW2vnZ7mQ=","invert bycatch",,,,,,,,,,"smm+Uhzztacb51a6qJKTzFqTA0R6hggt",
"40cf18a3-6028-49c4-86cd-4a3167941f2c","ORNL_021.basePlot.bet","D07","ORNL","ORNL_021","N","2016-04-26","2016-05-10","2016-05-11","2016-05-27",,"ORNL_021.N.20160510","LlqcsvOjN4B87mQnyD0NvCB8NhhgJLUMmLRGxSWbvOg=","invert bycatch",,,,,,,,,,"smm+Uhzztacb51a6qJKTzFqTA0R6hggt",
"83c06951-00ae-4005-a8eb-2f6659d6c813","ORNL_021.basePlot.bet","D07","ORNL","ORNL_021","E","2016-04-26","2016-05-10","2016-05-11","2016-05-27",,"ORNL_021.E.20160510","LlqcsvOjN4DzLTipACF9//flJk9epsV2dYDvpIoVSRE=","invert bycatch",,,,,,,,,,"smm+Uhzztacb51a6qJKTzFqTA0R6hggt",
"8bc06dc4-7897-4f58-896d-df6d8f34bc9b","ORNL_004.basePlot.bet","D07","ORNL","ORNL_004","S","2016-04-26","2016-05-10","2016-05-11","2016-06-13",,"ORNL_004.S.20160510","qnVzy9oXbL2HRCLLBW6XeH7lq80JfrJAmBSNI1eQsfk=","invert bycatch",,,,,,,,,,"hMeIr0r1D+O0r0KddsZuUbKn5xsaChU1",
"7ebac716-c374-4254-9334-174b25b96188","ORNL_002.basePlot.bet","D07","ORNL","ORNL_002","E","2016-04-26","2016-05-10","2016-05-11","2016-06-13",,"ORNL_002.E.20160510","FcwZvbWDjdjrf4UNa2zrT/QBkZA8HfH9c1bb3emVFgs=","invert bycatch",,,,,,,,,,"hMeIr0r1D+O0r0KddsZuUbKn5xsaChU1",
"73fc9321-befc-4d78-8090-07b0b14611ea","ORNL_031.basePlot.bet","D07","ORNL","ORNL_031","W","2016-04-26","2016-05-10","2016-05-11","2016-05-27",,"ORNL_031.W.20160510","G1V5MttZ4JKLKv8XF1sjzXtn4Oxn/rUbPPh6AQBWvCo=","invert bycatch",,,,,,,,,,"smm+Uhzztacb51a6qJKTzFqTA0R6hggt",
"e3c3745b-bbce-4911-99d2-be37d45d6a97","ORNL_029.basePlot.bet","D07","ORNL","ORNL_029","W","2016-04-26","2016-05-10","2016-05-11","2016-06-02",,"ORNL_029.W.20160510","7LdWMHVTMyTqHlRVBlQDX9Y8CSELxRJbFM1+l3Wkxeg=","invert bycatch",,,,,,,,,,"NckVeUTSUP6LXotw5DdWvfxzK/VJHqS5",
"9a4b3ee1-32d1-44e1-a2c0-d61540c9598c","ORNL_029.basePlot.bet","D07","ORNL","ORNL_029","S","2016-04-26","2016-05-10","2016-05-11","2016-06-02",,"ORNL_029.S.20160510","7LdWMHVTMySQS3tmhusc97BoDUU15YKNpq+9HRmMiTU=","invert bycatch",,,,,,,,,,"NckVeUTSUP6LXotw5DdWvfxzK/VJHqS5",
"a7482bd6-cd2f-419b-a705-f2f6a9c6e1a5","ORNL_029.basePlot.bet","D07","ORNL","ORNL_029","E","2016-04-26","2016-05-10","2016-05-11","2016-06-02",,"ORNL_029.E.20160510","7LdWMHVTMySbituYSS2qzWhDm8HfFi2NPi68jtfNt/0=","invert bycatch",,,,,,,,,,"NckVeUTSUP6LXotw5DdWvfxzK/VJHqS5",
"bd973583-6730-41e2-99f9-58a1149f3630","ORNL_004.basePlot.bet","D07","ORNL","ORNL_004","E","2016-04-26","2016-05-10","2016-05-11","2016-06-13",,"ORNL_004.E.20160510","qnVzy9oXbL0rpOlbS3ysIAKq+iqdo9KL0cFVxT0EiJY=","invert bycatch",,,,,,,,,,"hMeIr0r1D+O0r0KddsZuUbKn5xsaChU1",
"f84463b6-095d-4f9e-a041-c0ce1bd8a588","ORNL_003.basePlot.bet","D07","ORNL","ORNL_003","E","2016-04-26","2016-05-10","2016-05-11","2016-06-02",,"ORNL_003.E.20160510","952sL8sB3/gL8NoxjyEpjGTT+4r9hA+4XOtdQoGf2xU=","invert bycatch",,,,,,,,,,"NckVeUTSUP6LXotw5DdWvfxzK/VJHqS5",
"2c72e4bf-1315-41d1-b3d9-a42b69c41d9f","ORNL_029.basePlot.bet","D07","ORNL","ORNL_029","N","2016-04-26","2016-05-10","2016-05-11","2016-05-11","2017-04-06","ORNL_029.N.20160510","7LdWMHVTMyQRYRk3VzlIA5p5BBlxRd9NoRR6lqSfY+c=","vert bycatch herp","PLEDOR","Plethodon dorsalis","species","cf. species","Cope",,1,"Other","nAKPQvGWPz3w50pS9SF/Wg/TlEjgxRE8","NckVeUTSUP6LXotw5DdWvfxzK/VJHqS5","Niemiller M.L. 2011. The Amphibians of TN"
"fbbe665b-8340-4a9f-86a5-f300c8469bfe","ORNL_031.basePlot.bet","D07","ORNL","ORNL_031","S","2016-05-10","2016-05-24","2016-05-25","2016-06-24",,"ORNL_031.S.20160524","G1V5MttZ4JJO/csRKXZrzv3M3I3sUAU/WmDjgxZ4pwU=","invert bycatch",,,,,,,,,,"NckVeUTSUP6LXotw5DdWvfxzK/VJHqS5",
"aca1cd50-d2d5-4f3c-b911-ee416ca247b2","ORNL_031.basePlot.bet","D07","ORNL","ORNL_031","S","2016-05-10","2016-05-24","2016-05-25","2016-09-08","2016-09-08","ORNL_031.S.20160524","G1V5MttZ4JJO/csRKXZrzjB/AyrfDaXlYlXsul6f2Bw=","carabid","AMAIMP","Amara impuncticollis","species",,"Say",,1,"Hieke, F. 1999. The Amara of the subgenus Reductocelia Lafer, 1989 (Coleoptera Carabidae Zabrini). Pages 333-362 in A. Zamotajlov and R. Sciaky, editors. Advances in Carabidology. MUISO Publishers.","nAKPQvGWPz3w50pS9SF/Wg/TlEjgxRE8","NckVeUTSUP6LXotw5DdWvfxzK/VJHqS5","1 female"
"d9dcd2aa-923f-4523-8f39-e956d62eff5b","ORNL_031.basePlot.bet","D07","ORNL","ORNL_031","S","2016-05-10","2016-05-24","2016-05-25","2016-09-08","2016-09-08","ORNL_031.S.20160524","G1V5MttZ4JJO/csRKXZrzqzsR1J6+WXMmDUgBW3Q1CQ=","carabid","ANIMER2","Anisodactylus merula","species","cf. species","Germar",,3,"Noonan, G. R. 1973. The Anisodactylines (Insecta: Coleoptera: Carabidae: Harpalini): classification, evolution and zoogeography. Quaestiones Entomologicae 9:266-480.","nAKPQvGWPz3w50pS9SF/Wg/TlEjgxRE8","NckVeUTSUP6LXotw5DdWvfxzK/VJHqS5","1 very small specimen 10.5 mm; 2 female"
"5fffdbca-8086-4f75-a70c-86bfa83d7107","ORNL_031.basePlot.bet","D07","ORNL","ORNL_031","S","2016-05-10","2016-05-24","2016-05-25","2016-09-08","2016-09-08","ORNL_031.S.20160524","G1V5MttZ4JJO/csRKXZrzrvm79ImW3CLraqNyPgwlwY=","carabid","SCASUB2","Scarites subterraneus","species",,"Fabricius",,1,"Ciegler, J. C. 2000. Ground beetles and wrinkled bark beetles of South Carolina (Coleoptera: Geadephaga: Carabidae and Rhysodidae). Biota of South Carolina. Vol. 1. Clemson, S. Clemson University.","nAKPQvGWPz3w50pS9SF/Wg/TlEjgxRE8","NckVeUTSUP6LXotw5DdWvfxzK/VJHqS5",
"01bf97fe-dc70-4c98-bd44-e48457dd075f","ORNL_032.basePlot.bet","D07","ORNL","ORNL_032","E","2016-05-10","2016-05-24","2016-05-25","2016-06-24",,"ORNL_032.E.20160524","DcTblkLRhld365l7uBXeaTAiuVOVKmchX8otl5vy+9c=","invert bycatch",,,,,,,,,,"NckVeUTSUP6LXotw5DdWvfxzK/VJHqS5",
"bd7435ea-9317-4ecf-912f-8e6a9b916ae6","ORNL_032.basePlot.bet","D07","ORNL","ORNL_032","W","2016-05-10","2016-05-24","2016-05-25","2016-06-24",,"ORNL_032.W.20160524","DcTblkLRhlcMHYnGBtTNzF1r9POyQG6LFRu+/4N9yBQ=","invert bycatch",,,,,,,,,,"NckVeUTSUP6LXotw5DdWvfxzK/VJHqS5",
"7b0af2e9-7f86-4632-960d-5cdd66e7fe8b","ORNL_004.basePlot.bet","D07","ORNL","ORNL_004","E","2016-05-10","2016-05-24","2016-05-25","2016-06-24",,"ORNL_004.E.20160524","qnVzy9oXbL0rpOlbS3ysICG0/YRMB3yGyVmBb5S6ELc=","invert bycatch",,,,,,,,,,"NckVeUTSUP6LXotw5DdWvfxzK/VJHqS5",
"f993593d-7bc4-478e-8ec2-b5a72ab17f7a","ORNL_032.basePlot.bet","D07","ORNL","ORNL_032","W","2016-05-10","2016-05-24","2016-05-25","2016-09-08","2016-09-08","ORNL_032.W.20160524","DcTblkLRhlcMHYnGBtTNzD6HAKGUvIRyf6VDVrJyU7g=","carabid","CYCFUC","Cyclotrachelus fucatus","species",,"Freitag",,1,"Freitag, R. 1969. A revision of the species of the genus Evarthrus LeConte. Quaestiones Entomologicae 5:89-212.","nAKPQvGWPz3w50pS9SF/Wg/TlEjgxRE8","NckVeUTSUP6LXotw5DdWvfxzK/VJHqS5","1 female"
"043fe65b-cfd0-42d5-8701-7d04f1705748","ORNL_032.basePlot.bet","D07","ORNL","ORNL_032","E","2016-05-10","2016-05-24","2016-05-25","2016-09-08","2016-09-08","ORNL_032.E.20160524","DcTblkLRhld365l7uBXeabOdNCUZZEvjnEKqYBR8tU0=","carabid","CYCFUC","Cyclotrachelus fucatus","species",,"Freitag",,3,"Freitag, R. 1969. A revision of the species of the genus Evarthrus LeConte. Quaestiones Entomologicae 5:89-212.","nAKPQvGWPz3w50pS9SF/Wg/TlEjgxRE8","NckVeUTSUP6LXotw5DdWvfxzK/VJHqS5","1 female 2 male"
"163fa1c0-0d4c-48d8-bc48-ad0cc330bb3d","ORNL_031.basePlot.bet","D07","ORNL","ORNL_031","N","2016-05-10","2016-05-24","2016-05-25","2016-06-24",,"ORNL_031.N.20160524","G1V5MttZ4JJKwRamf9RFhJEo/pBPsCFzO00IrKP8yE8=","invert bycatch",,,,,,,,,,"NckVeUTSUP6LXotw5DdWvfxzK/VJHqS5",
"6ad7a214-9a08-4f03-9ccf-255ba3eacc44","ORNL_031.basePlot.bet","D07","ORNL","ORNL_031","N","2016-05-10","2016-05-24","2016-05-25","2016-09-08","2016-09-08","ORNL_031.N.20160524","G1V5MttZ4JJKwRamf9RFhAVERzgbslRulep57Z9gCrI=","carabid","SCASUB2","Scarites subterraneus","species",,"Fabricius",,1,"Ciegler, J. C. 2000. Ground beetles and wrinkled bark beetles of South Carolina (Coleoptera: Geadephaga: Carabidae and Rhysodidae). Biota of South Carolina. Vol. 1. Clemson, S. Clemson University.","nAKPQvGWPz3w50pS9SF/Wg/TlEjgxRE8","NckVeUTSUP6LXotw5DdWvfxzK/VJHqS5",
"e2cf82f6-b17b-478e-a9a9-a5e92fd9305b","ORNL_004.basePlot.bet","D07","ORNL","ORNL_004","E","2016-05-10","2016-05-24","2016-05-25","2016-09-08","2016-09-08","ORNL_004.E.20160524","qnVzy9oXbL0rpOlbS3ysIHuxAs1XTGifJQDJc2HgB5w=","carabid","TRIAUT","Trichotichnus autumnalis","species",,"Say",,1,"Ciegler, J. C. 2000. Ground beetles and wrinkled bark beetles of South Carolina (Coleoptera: Geadephaga: Carabidae and Rhysodidae). Biota of South Carolina. Vol. 1. Clemson, S. Clemson University.","nAKPQvGWPz3w50pS9SF/Wg/TlEjgxRE8","NckVeUTSUP6LXotw5DdWvfxzK/VJHqS5","1 female"
"272568b9-26a9-48bf-a364-a4131503d935","ORNL_027.basePlot.bet","D07","ORNL","ORNL_027","N","2016-05-10","2016-05-24","2016-05-25","2016-06-24",,"ORNL_027.N.20160524","di/gYcSB3uA5TgFl4hm8PzdeEocif+womgs0/6YRxtc=","invert bycatch",,,,,,,,,,"NckVeUTSUP6LXotw5DdWvfxzK/VJHqS5",
"3c3d51a0-68fa-4601-b689-87a656530730","ORNL_027.basePlot.bet","D07","ORNL","ORNL_027","E","2016-05-10","2016-05-24","2016-05-25","2016-09-08","2016-11-28","ORNL_027.E.20160524","di/gYcSB3uAv3mQDAiZcrSlqlfy1swNnL2ASKgj2Y7c=","carabid","CYCSOD2","Cyclotrachelus sodalis sodalis","subspecies",,"LeConte",,1,"Freitag, R. 1969. A revision of the species of the genus Evarthrus LeConte. Quaestiones Entomologicae 5:89-212.","zAuTdQ8TLTOCAVE+XhtWnklq56XAz8bt","NckVeUTSUP6LXotw5DdWvfxzK/VJHqS5","1 male"
"cf66200f-52a8-412e-8d46-c5bed712bc8b","ORNL_031.basePlot.bet","D07","ORNL","ORNL_031","N","2016-05-10","2016-05-24","2016-05-25","2016-09-08","2016-09-08","ORNL_031.N.20160524","G1V5MttZ4JJKwRamf9RFhCLt9eZRnhN4Vr9alE4HQYI=","carabid","ANIMER2","Anisodactylus merula","species",,"Germar",,1,"Noonan, G. R. 1973. The Anisodactylines (Insecta: Coleoptera: Carabidae: Harpalini): classification, evolution and zoogeography. Quaestiones Entomologicae 9:266-480.","nAKPQvGWPz3w50pS9SF/Wg/TlEjgxRE8","NckVeUTSUP6LXotw5DdWvfxzK/VJHqS5","1 male; species confirmed by aedeagus"
"3005da3e-83a6-4d8f-b067-ad0c34a8ee5a","ORNL_027.basePlot.bet","D07","ORNL","ORNL_027","N","2016-05-10","2016-05-24","2016-05-25","2016-09-08","2016-09-08","ORNL_027.N.20160524","di/gYcSB3uA5TgFl4hm8P/Fd/6KbG4Pt5YXLLTeEQUA=","carabid","DICDIL2","Dicaelus dilatatus sinuatus","subspecies",,"Ball",,1,"Ciegler, J. C. 2000. Ground beetles and wrinkled bark beetles of South Carolina (Coleoptera: Geadephaga: Carabidae and Rhysodidae). Biota of South Carolina. Vol. 1. Clemson, S. Clemson University.","nAKPQvGWPz3w50pS9SF/Wg/TlEjgxRE8","NckVeUTSUP6LXotw5DdWvfxzK/VJHqS5","1 male"
"a6dd6886-a310-48a5-9262-9e51007e2433","ORNL_027.basePlot.bet","D07","ORNL","ORNL_027","N","2016-05-10","2016-05-24","2016-05-25","2016-09-08","2016-09-08","ORNL_027.N.20160524","di/gYcSB3uA5TgFl4hm8PybcvEuVy1kbXH7j3z9/fkw=","carabid","CHLEMA","Chlaenius emarginatus","species",,"Say",,3,"Bell, R. T. 1960. A Revision of the Genus Chlaenius Bonelli (Coleoptera, Carabidae) in North America. Miscellaneous Publications of the Entomological Society of America 1:98-166.","nAKPQvGWPz3w50pS9SF/Wg/TlEjgxRE8","NckVeUTSUP6LXotw5DdWvfxzK/VJHqS5","1 female 2 male"
"4ff429d6-b0fa-429d-846d-fc983badba4d","ORNL_006.basePlot.bet","D07","ORNL","ORNL_006","E","2016-05-10","2016-05-24","2016-05-25","2016-09-08","2016-09-08","ORNL_006.E.20160524","XUOG9+A5sIM3c8KMfvLyxO6XRtzYI3b4pTwe32Zx5Tw=","carabid","CYCFUC","Cyclotrachelus fucatus","species",,"Freitag",,1,"Freitag, R. 1969. A revision of the species of the genus Evarthrus LeConte. Quaestiones Entomologicae 5:89-212.","nAKPQvGWPz3w50pS9SF/Wg/TlEjgxRE8","NckVeUTSUP6LXotw5DdWvfxzK/VJHqS5","1 female"
"da42692f-5d11-478d-a7bc-c4d85ca695d6","ORNL_006.basePlot.bet","D07","ORNL","ORNL_006","E","2016-05-10","2016-05-24","2016-05-25","2016-06-24",,"ORNL_006.E.20160524","XUOG9+A5sIM3c8KMfvLyxK+Ylf5M58imPqmxNBZRhhU=","invert bycatch",,,,,,,,,,"NckVeUTSUP6LXotw5DdWvfxzK/VJHqS5",
"60512dd2-daf0-4fe0-b3cf-ff317be50544","ORNL_006.basePlot.bet","D07","ORNL","ORNL_006","N","2016-05-10","2016-05-24","2016-05-25","2016-06-24",,"ORNL_006.N.20160524","XUOG9+A5sIMZLZu3KzmtUumyk7QVv3xYMjPiDLCsQEg=","invert bycatch",,,,,,,,,,"NckVeUTSUP6LXotw5DdWvfxzK/VJHqS5",
"30797250-6a53-4ddb-b4c0-2089dc927c94","ORNL_006.basePlot.bet","D07","ORNL","ORNL_006","W","2016-05-10","2016-05-24","2016-05-25","2016-06-24",,"ORNL_006.W.20160524","XUOG9+A5sIMU6k9TI/vF0OyZT8mS4Li1B1iHGO8NlVw=","invert bycatch",,,,,,,,,,"NckVeUTSUP6LXotw5DdWvfxzK/VJHqS5",
"334d4ccd-1366-4329-b1f6-eed672f5ca99","ORNL_027.basePlot.bet","D07","ORNL","ORNL_027","E","2016-05-10","2016-05-24","2016-05-25","2016-06-27",,"ORNL_027.E.20160524","di/gYcSB3uAv3mQDAiZcreLbxTcDgtF5iXiH//EP8Qo=","invert bycatch",,,,,,,,,,"NckVeUTSUP6LXotw5DdWvfxzK/VJHqS5",
"aeb53b41-216b-4944-83a6-b18e3bd4ded3","ORNL_027.basePlot.bet","D07","ORNL","ORNL_027","S","2016-05-10","2016-05-24","2016-05-25","2016-09-08","2016-09-08","ORNL_027.S.20160524","di/gYcSB3uCX/QMG51POLulJZpgW8kM0zvYhBmR0New=","carabid","SPHSTE1","Sphaeroderus stenostomus lecontei","subspecies",,"Dejean",,1,"Barr Jr., T. C. 1974a. Key to species and subspecies of Sphaeroderus Dejean.","nAKPQvGWPz3w50pS9SF/Wg/TlEjgxRE8","NckVeUTSUP6LXotw5DdWvfxzK/VJHqS5","1 female"
"388d1f62-7faa-4e7c-ac31-f5a28879f933","ORNL_006.basePlot.bet","D07","ORNL","ORNL_006","S","2016-05-10","2016-05-24","2016-05-25","2016-06-24",,"ORNL_006.S.20160524","XUOG9+A5sINy1SL42hEWvWtt9WL29vyYT2psx5q5F+Y=","invert bycatch",,,,,,,,,,"NckVeUTSUP6LXotw5DdWvfxzK/VJHqS5",
"6065970a-cafb-4c3a-8036-69136d7b72b6","ORNL_027.basePlot.bet","D07","ORNL","ORNL_027","S","2016-05-10","2016-05-24","2016-05-25","2016-06-27",,"ORNL_027.S.20160524","di/gYcSB3uCX/QMG51POLijYmZeT4e6pwzmRPIZvwNQ=","invert bycatch",,,,,,,,,,"NckVeUTSUP6LXotw5DdWvfxzK/VJHqS5",
"f9d4f0d8-7e4f-4c1b-bde7-384fc952fe58","ORNL_027.basePlot.bet","D07","ORNL","ORNL_027","W","2016-05-10","2016-05-24","2016-05-25","2016-06-27",,"ORNL_027.W.20160524","di/gYcSB3uB3ooLgTxX6zm6On8COsJbDHHmo5pWN3WU=","invert bycatch",,,,,,,,,,"NckVeUTSUP6LXotw5DdWvfxzK/VJHqS5",
"3da2887f-cb5a-410b-a9eb-bdead8bb52bb","ORNL_021.basePlot.bet","D07","ORNL","ORNL_021","E","2016-05-10","2016-05-24","2016-05-25","2016-06-27",,"ORNL_021.E.20160524","LlqcsvOjN4DzLTipACF9//tho3ezLJFp8S+R/ZSArXc=","invert bycatch",,,,,,,,,,"NckVeUTSUP6LXotw5DdWvfxzK/VJHqS5",
"c26a6b69-3715-4186-acd7-a73ffb48ef2a","ORNL_021.basePlot.bet","D07","ORNL","ORNL_021","W","2016-05-10","2016-05-24","2016-05-25","2016-06-27",,"ORNL_021.W.20160524","LlqcsvOjN4CikGAtT+4ywQ8Oa7IWrHozE4186Gjn6Lo=","invert bycatch",,,,,,,,,,"NckVeUTSUP6LXotw5DdWvfxzK/VJHqS5",
"5f46e495-a2b2-442a-96a5-79a17079145f","ORNL_021.basePlot.bet","D07","ORNL","ORNL_021","N","2016-05-10","2016-05-24","2016-05-25","2016-09-08","2016-09-08","ORNL_021.N.20160524","LlqcsvOjN4B87mQnyD0NvDphoNpktz/G56qdNjwKkDA=","carabid","ANIFUR","Anisodactylus furvus","species",,"LeConte",,2,"Noonan, G. R. 1973. The Anisodactylines (Insecta: Coleoptera: Carabidae: Harpalini): classification, evolution and zoogeography. Quaestiones Entomologicae 9:266-480.","zAuTdQ8TLTOCAVE+XhtWnklq56XAz8bt","NckVeUTSUP6LXotw5DdWvfxzK/VJHqS5","2 female"
"7ef2221b-2d7b-4288-b445-c3543b458ae6","ORNL_021.basePlot.bet","D07","ORNL","ORNL_021","S","2016-05-10","2016-05-24","2016-05-25","2016-06-27",,"ORNL_021.S.20160524","LlqcsvOjN4BjD4VOCJJVGLP6qOYFrdj7QhJdqqU6V+k=","invert bycatch",,,,,,,,,,"NckVeUTSUP6LXotw5DdWvfxzK/VJHqS5",
"e36da4da-e927-4d49-820f-93bc9a371a1e","ORNL_021.basePlot.bet","D07","ORNL","ORNL_021","S","2016-05-10","2016-05-24","2016-05-25","2016-09-08","2016-09-08","ORNL_021.S.20160524","LlqcsvOjN4BjD4VOCJJVGBDn4pzPSESWPeMqThEgjN0=","carabid","ANIFUR","Anisodactylus furvus","species",,"LeConte",,1,"Noonan, G. R. 1973. The Anisodactylines (Insecta: Coleoptera: Carabidae: Harpalini): classification, evolution and zoogeography. Quaestiones Entomologicae 9:266-480.","zAuTdQ8TLTOCAVE+XhtWnklq56XAz8bt","NckVeUTSUP6LXotw5DdWvfxzK/VJHqS5","1 male"
"de994b99-7e1f-4b5f-9fcb-859077622087","ORNL_021.basePlot.bet","D07","ORNL","ORNL_021","E","2016-05-10","2016-05-24","2016-05-25","2016-09-08","2016-09-08","ORNL_021.E.20160524","LlqcsvOjN4DzLTipACF9//XIXlx0bwpUmOhiKSVjgHQ=","carabid","DICPUR1","Dicaelus purpuratus purpuratus","subspecies",,"Bonelli",,1,"Ball, G. E. 1992. The Tribe Licinini (Coleoptera: Carabidae): A Review of the Genus-Groups and of the Species of Selected Genera. Journal of the New York Entomological Society 100:325-380.","nAKPQvGWPz3w50pS9SF/Wg/TlEjgxRE8","NckVeUTSUP6LXotw5DdWvfxzK/VJHqS5","1 male"
"bcddeb80-f12d-4763-83e4-82d5481c3935","ORNL_021.basePlot.bet","D07","ORNL","ORNL_021","N","2016-05-10","2016-05-24","2016-05-25","2016-09-08","2016-09-08","ORNL_021.N.20160524","LlqcsvOjN4B87mQnyD0NvDRqHYKe6mn+dZ6n7TGp+OM=","carabid","TRIFUL","Trichotichnus fulgens","species",,"Csiki",,1,"Ciegler, J. C. 2000. Ground beetles and wrinkled bark beetles of South Carolina (Coleoptera: Geadephaga: Carabidae and Rhysodidae). Biota of South Carolina. Vol. 1. Clemson, S. Clemson University.","nAKPQvGWPz3w50pS9SF/Wg/TlEjgxRE8","NckVeUTSUP6LXotw5DdWvfxzK/VJHqS5","1 female"
"7108ad58-599b-46c7-8c57-47fb6685bdf3","ORNL_021.basePlot.bet","D07","ORNL","ORNL_021","E","2016-05-10","2016-05-24","2016-05-25","2016-09-08","2016-09-08","ORNL_021.E.20160524","LlqcsvOjN4DzLTipACF9/7Ah/2nQrODPn2vmRiXh3I4=","carabid","AMAIMP","Amara impuncticollis","species",,"Say",,1,"Hieke, F. 1999. The Amara of the subgenus Reductocelia Lafer, 1989 (Coleoptera Carabidae Zabrini). Pages 333-362 in A. Zamotajlov and R. Sciaky, editors. Advances in Carabidology. MUISO Publishers.","nAKPQvGWPz3w50pS9SF/Wg/TlEjgxRE8","NckVeUTSUP6LXotw5DdWvfxzK/VJHqS5","1 female"
"dff5ca47-a4df-494f-baf0-a9ea8c9bd110","ORNL_021.basePlot.bet","D07","ORNL","ORNL_021","N","2016-05-10","2016-05-24","2016-05-25","2016-06-27",,"ORNL_021.N.20160524","LlqcsvOjN4B87mQnyD0NvH8jJ9aASOfacHqzIKpzI6o=","invert bycatch",,,,,,,,,,"NckVeUTSUP6LXotw5DdWvfxzK/VJHqS5",
"4188f068-abb0-443a-a6e7-7fcae5c35244","ORNL_021.basePlot.bet","D07","ORNL","ORNL_021","S","2016-05-10","2016-05-24","2016-05-25","2016-09-08","2016-09-08","ORNL_021.S.20160524","LlqcsvOjN4BjD4VOCJJVGAj5QFpI9vhz1mDZ8u8xPfc=","carabid","DICFUR","Dicaelus furvus","species",,"Dejean",,1,"Ball, G. E. 1992. The Tribe Licinini (Coleoptera: Carabidae): A Review of the Genus-Groups and of the Species of Selected Genera. Journal of the New York Entomological Society 100:325-380.","nAKPQvGWPz3w50pS9SF/Wg/TlEjgxRE8","NckVeUTSUP6LXotw5DdWvfxzK/VJHqS5","1 female"
"a0473702-9629-4ff4-89e2-ed1c13a912d6","ORNL_031.basePlot.bet","D07","ORNL","ORNL_031","E","2016-05-10","2016-05-24","2016-05-25","2016-06-24",,"ORNL_031.E.20160524","G1V5MttZ4JIU2oox9sYkKD9XDLdtHDKMGKad82liBIU=","invert bycatch",,,,,,,,,,"NckVeUTSUP6LXotw5DdWvfxzK/VJHqS5",
"76d5ff35-be31-405f-8020-f11914e34e36","ORNL_031.basePlot.bet","D07","ORNL","ORNL_031","W","2016-05-10","2016-05-24","2016-05-25","2016-06-24",,"ORNL_031.W.20160524","G1V5MttZ4JKLKv8XF1sjzesfWpvK28sPS6YOeieWocg=","invert bycatch",,,,,,,,,,"NckVeUTSUP6LXotw5DdWvfxzK/VJHqS5",
"b0a2af10-5dbb-4bb8-9ea1-a2e560844d5c","ORNL_002.basePlot.bet","D07","ORNL","ORNL_002","S","2016-05-10","2016-05-24","2016-05-25","2016-09-08","2016-09-08","ORNL_002.S.20160524","FcwZvbWDjdiZOENX8biTkUFVxEGYp3wPv7er1PUPIk8=","carabid","CYCFUC","Cyclotrachelus fucatus","species",,"Freitag",,1,"Freitag, R. 1969. A revision of the species of the genus Evarthrus LeConte. Quaestiones Entomologicae 5:89-212.","nAKPQvGWPz3w50pS9SF/Wg/TlEjgxRE8","NckVeUTSUP6LXotw5DdWvfxzK/VJHqS5","1 male"
"69a0e3cb-6cea-4978-a8cd-f4bd30c9e200","ORNL_002.basePlot.bet","D07","ORNL","ORNL_002","N","2016-05-10","2016-05-24","2016-05-25","2016-06-27",,"ORNL_002.N.20160524","FcwZvbWDjdh4gaIydInsZrsIpxuUaleW78wLDjv6Weo=","invert bycatch",,,,,,,,,,"NckVeUTSUP6LXotw5DdWvfxzK/VJHqS5",
"0f14b3a6-5888-454b-b159-1d2fec2d6729","ORNL_002.basePlot.bet","D07","ORNL","ORNL_002","E","2016-05-10","2016-05-24","2016-05-25","2016-06-27",,"ORNL_002.E.20160524","FcwZvbWDjdjrf4UNa2zrT1EGJqx+9q3HADpx35GSgLE=","invert bycatch",,,,,,,,,,"NckVeUTSUP6LXotw5DdWvfxzK/VJHqS5",
"e31640c9-3207-4ad1-abc3-5bedacb380eb","ORNL_002.basePlot.bet","D07","ORNL","ORNL_002","S","2016-05-10","2016-05-24","2016-05-25","2016-06-27",,"ORNL_002.S.20160524","FcwZvbWDjdiZOENX8biTkdoJSDFu0OAMoOVo4FlOrBg=","invert bycatch",,,,,,,,,,"NckVeUTSUP6LXotw5DdWvfxzK/VJHqS5",
"674c256a-f2e5-487d-b9fc-554e468cc440","ORNL_002.basePlot.bet","D07","ORNL","ORNL_002","W","2016-05-10","2016-05-24","2016-05-25","2016-09-08","2016-09-08","ORNL_002.W.20160524","FcwZvbWDjdgPnznj/VRiJ86knTzSd5fddkrOmrbdUhM=","carabid","DICPOL","Dicaelus politus","species",,"Dejean",,1,"Ball, G. E. 1992. The Tribe Licinini (Coleoptera: Carabidae): A Review of the Genus-Groups and of the Species of Selected Genera. Journal of the New York Entomological Society 100:325-380.","nAKPQvGWPz3w50pS9SF/Wg/TlEjgxRE8","NckVeUTSUP6LXotw5DdWvfxzK/VJHqS5","1 male"
"6b4fd3d9-b910-4539-8abd-d288f04b4410","ORNL_002.basePlot.bet","D07","ORNL","ORNL_002","W","2016-05-10","2016-05-24","2016-05-25","2016-09-08","2016-09-08","ORNL_002.W.20160524","FcwZvbWDjdgPnznj/VRiJ1EHda4azZsZIhxaN3xx+pw=","carabid","CYCFUC","Cyclotrachelus fucatus","species",,"Freitag",,3,"Freitag, R. 1969. A revision of the species of the genus Evarthrus LeConte. Quaestiones Entomologicae 5:89-212.","nAKPQvGWPz3w50pS9SF/Wg/TlEjgxRE8","NckVeUTSUP6LXotw5DdWvfxzK/VJHqS5","2 male 1 female"
"afe07b2e-c25a-4426-9329-0e8ea818d8e4","ORNL_002.basePlot.bet","D07","ORNL","ORNL_002","W","2016-05-10","2016-05-24","2016-05-25","2016-06-27",,"ORNL_002.W.20160524","FcwZvbWDjdgPnznj/VRiJ1yQE1+UD5/Hub5WDu62ELA=","invert bycatch",,,,,,,,,,"NckVeUTSUP6LXotw5DdWvfxzK/VJHqS5",
"900c47d2-b746-48b7-a924-b93cd66ca581","ORNL_004.basePlot.bet","D07","ORNL","ORNL_004","N","2016-05-10","2016-05-24","2016-05-25","2016-06-24",,"ORNL_004.N.20160524","qnVzy9oXbL16fqio1xoDpMLqajmhzYelTB+cteJ1I+c=","invert bycatch",,,,,,,,,,"NckVeUTSUP6LXotw5DdWvfxzK/VJHqS5",
"63fdbd47-53f6-49e6-8d48-11b7cd3d2463","ORNL_004.basePlot.bet","D07","ORNL","ORNL_004","S","2016-05-10","2016-05-24","2016-05-25","2016-06-24",,"ORNL_004.S.20160524","qnVzy9oXbL2HRCLLBW6XeLnIujwQLgTzSkafkwTMt0U=","invert bycatch",,,,,,,,,,"NckVeUTSUP6LXotw5DdWvfxzK/VJHqS5",
"5554c627-e537-48d9-82d2-909b263d5b85","ORNL_001.basePlot.bet","D07","ORNL","ORNL_001","N","2016-05-10","2016-05-24","2016-05-25","2016-06-24",,"ORNL_001.N.20160524","1iGudFvILglFolq0mlYwNaRP1iGz3EXAkGv9Ggkr7Jw=","invert bycatch",,,,,,,,,,"NckVeUTSUP6LXotw5DdWvfxzK/VJHqS5",
"b33d5d2c-061f-45ec-9985-8c03bee657ac","ORNL_004.basePlot.bet","D07","ORNL","ORNL_004","W","2016-05-10","2016-05-24","2016-05-25","2016-06-24",,"ORNL_004.W.20160524","qnVzy9oXbL0qUS2wZooi3QCZjUc8mPIeEnzI4EwwWx8=","invert bycatch",,,,,,,,,,"NckVeUTSUP6LXotw5DdWvfxzK/VJHqS5",
"6c32d525-c901-4544-b7cf-135168637a69","ORNL_001.basePlot.bet","D07","ORNL","ORNL_001","W","2016-05-10","2016-05-24","2016-05-25","2016-06-24",,"ORNL_001.W.20160524","1iGudFvILglesTwChAua4FwmhYZvzBeDNVTUfaGo654=","invert bycatch",,,,,,,,,,"NckVeUTSUP6LXotw5DdWvfxzK/VJHqS5",
"c7f0750a-94ce-4695-8bfa-aa51643da545","ORNL_001.basePlot.bet","D07","ORNL","ORNL_001","E","2016-05-10","2016-05-24","2016-05-25","2016-06-24",,"ORNL_001.E.20160524","1iGudFvILgl0uo8jjPg8XtmAgRJGbJSWX2Aj+/Kqnmc=","invert bycatch",,,,,,,,,,"NckVeUTSUP6LXotw5DdWvfxzK/VJHqS5",
"a0b9a005-0b29-49d5-9758-fc377290a0e3","ORNL_001.basePlot.bet","D07","ORNL","ORNL_001","S","2016-05-10","2016-05-24","2016-05-25","2016-06-24",,"ORNL_001.S.20160524","1iGudFvILgkltEJD0ESwhb7piSVRsAvKmdhHmmVfRYw=","invert bycatch",,,,,,,,,,"NckVeUTSUP6LXotw5DdWvfxzK/VJHqS5",
"f9838669-cbe8-4d0d-a921-420deb631402","ORNL_029.basePlot.bet","D07","ORNL","ORNL_029","N","2016-05-10","2016-05-24","2016-05-25","2016-06-24",,"ORNL_029.N.20160524","7LdWMHVTMyQRYRk3VzlIA4dJxJpfqTcXq2SmX8BfLIQ=","invert bycatch",,,,,,,,,,"NckVeUTSUP6LXotw5DdWvfxzK/VJHqS5",
"5c7192b4-019c-4bad-8c75-ec0cccc55b56","ORNL_029.basePlot.bet","D07","ORNL","ORNL_029","S","2016-05-10","2016-05-24","2016-05-25","2016-06-24",,"ORNL_029.S.20160524","7LdWMHVTMySQS3tmhusc97nWb9NxbjX7Pe/eE7J80kQ=","invert bycatch",,,,,,,,,,"NckVeUTSUP6LXotw5DdWvfxzK/VJHqS5",
"02d68729-a17a-47b2-94ed-b953d8106ea9","ORNL_029.basePlot.bet","D07","ORNL","ORNL_029","W","2016-05-10","2016-05-24","2016-05-25","2016-06-24",,"ORNL_029.W.20160524","7LdWMHVTMyTqHlRVBlQDX9P7GaPm6/KY6Ert3QZH3jE=","invert bycatch",,,,,,,,,,"NckVeUTSUP6LXotw5DdWvfxzK/VJHqS5",
"37535dda-6617-4ba1-84a9-5d6ebc2c7064","ORNL_029.basePlot.bet","D07","ORNL","ORNL_029","E","2016-05-10","2016-05-24","2016-05-25","2016-06-24",,"ORNL_029.E.20160524","7LdWMHVTMySbituYSS2qzW55FwE+krYFNeNkYyb+85o=","invert bycatch",,,,,,,,,,"NckVeUTSUP6LXotw5DdWvfxzK/VJHqS5",
"25cd7e0e-bbbc-4066-a682-06a7089bddb8","ORNL_003.basePlot.bet","D07","ORNL","ORNL_003","S","2016-05-10","2016-05-24","2016-05-25","2016-09-08","2016-09-08","ORNL_003.S.20160524","952sL8sB3/i/BuvpX5+pARTLYG9BxV0AknxmKZ9TEMY=","carabid","CYCFUC","Cyclotrachelus fucatus","species",,"Freitag",,1,"Freitag, R. 1969. A revision of the species of the genus Evarthrus LeConte. Quaestiones Entomologicae 5:89-212.","nAKPQvGWPz3w50pS9SF/Wg/TlEjgxRE8","hMeIr0r1D+O0r0KddsZuUbKn5xsaChU1","1 female"
"02f8fe13-7410-4de6-a620-9e754dc05505","ORNL_003.basePlot.bet","D07","ORNL","ORNL_003","W","2016-05-10","2016-05-24","2016-05-25","2016-07-01",,"ORNL_003.W.20160524","952sL8sB3/gTFn9DMXctODILdT6fri9QrONm7RheR2k=","invert bycatch",,,,,,,,,,"hMeIr0r1D+O0r0KddsZuUbKn5xsaChU1",
"2f3798dc-b791-4c71-a7fe-91f79dc65e66","ORNL_003.basePlot.bet","D07","ORNL","ORNL_003","E","2016-05-10","2016-05-24","2016-05-25","2016-07-01",,"ORNL_003.E.20160524","952sL8sB3/gL8NoxjyEpjIujpt3EwJAKZU1Fqq3M4kU=","invert bycatch",,,,,,,,,,"hMeIr0r1D+O0r0KddsZuUbKn5xsaChU1",
"b66a2d3d-8f30-4b01-af13-7fd2e155c7fd","ORNL_003.basePlot.bet","D07","ORNL","ORNL_003","N","2016-05-10","2016-05-24","2016-05-25","2016-07-01",,"ORNL_003.N.20160524","952sL8sB3/gDwOwaqyWUuOKeeGERQi0VDUkoCQlr+kE=","invert bycatch",,,,,,,,,,"hMeIr0r1D+O0r0KddsZuUbKn5xsaChU1",
"6c79588a-ba9e-48bc-a5fd-64ed3fe7a89a","ORNL_003.basePlot.bet","D07","ORNL","ORNL_003","S","2016-05-10","2016-05-24","2016-05-25","2016-07-01",,"ORNL_003.S.20160524","952sL8sB3/i/BuvpX5+pAWXqjw7Ew3lQWTfWS4JL32o=","invert bycatch",,,,,,,,,,"hMeIr0r1D+O0r0KddsZuUbKn5xsaChU1",
"f5857837-737d-47cd-a84d-aae65eaffcf2","ORNL_032.basePlot.bet","D07","ORNL","ORNL_032","S","2016-05-10","2016-05-24","2016-05-25","2016-06-24",,"ORNL_032.S.20160524","DcTblkLRhleXh9yrX2N7YPE90kqNLznEtkCb8M6Pwhg=","invert bycatch",,,,,,,,,,"NckVeUTSUP6LXotw5DdWvfxzK/VJHqS5",
"2618c1fc-98de-4e06-861a-519708c41b49","ORNL_032.basePlot.bet","D07","ORNL","ORNL_032","N","2016-05-10","2016-05-24","2016-05-25","2016-06-24",,"ORNL_032.N.20160524","DcTblkLRhldkfEFR5ElpHHQ/NS7mn3xYWm+OCago8Xo=","invert bycatch",,,,,,,,,,"NckVeUTSUP6LXotw5DdWvfxzK/VJHqS5",
