uid,namedLocation,domainID,siteID,plotID,trapID,setDate,collectDate,processingDate,identifiedDate,subsampleID,individualID,taxonID,scientificName,taxonRank,identificationQualifier,scientificNameAuthorship,morphospeciesID,identificationReferences,totalLength,identifiedBy,recordedBy,remarks
"701fdba2-7e5a-477e-b3cb-0d9e316980c4","ORNL_029.basePlot.bet","D07","ORNL","ORNL_029","W","2015-08-18","2015-09-01","2015-10-20","2015-12-01","7LdWMHVTMyRBOv5F1sgxPx9RQxic9mMDhiiZ1VxH7Cs=","NEON.BET.D07.000680","CYCSIG","Cyclotrachelus sigillatus","species","cf. species","Say",,"Ciegler, J. C. 2000. Ground beetles and wrinkled bark beetles of South Carolina (Coleoptera: Geadephaga: Carabidae and Rhysodidae). Biota of South Carolina. Vol. 1. Clemson, S. Clemson University.",,"nAKPQvGWPz3w50pS9SF/Wg/TlEjgxRE8","nAKPQvGWPz3w50pS9SF/Wg/TlEjgxRE8","Used NEON.DOC.014050vJ"
"8f6e1abc-e46c-483c-b996-2d79b0d6b4a8","ORNL_029.basePlot.bet","D07","ORNL","ORNL_029","W","2015-08-18","2015-09-01","2015-10-20","2015-12-01","7LdWMHVTMyRBOv5F1sgxPx9RQxic9mMDhiiZ1VxH7Cs=","NEON.BET.D07.000679","CYCSIG","Cyclotrachelus sigillatus","species","cf. species","Say",,"Ciegler, J. C. 2000. Ground beetles and wrinkled bark beetles of South Carolina (Coleoptera: Geadephaga: Carabidae and Rhysodidae). Biota of South Carolina. Vol. 1. Clemson, S. Clemson University.",,"nAKPQvGWPz3w50pS9SF/Wg/TlEjgxRE8","nAKPQvGWPz3w50pS9SF/Wg/TlEjgxRE8","Used NEON.DOC.014050vJ"
"95dacb5e-76cf-42d2-8fc0-7522e561ae07","ORNL_027.basePlot.bet","D07","ORNL","ORNL_027","W","2015-08-18","2015-09-01","2015-10-20","2015-12-01","di/gYcSB3uAZjZtXyGfB77RvKdESvXSd3j8Ha3biTK0=","NEON.BET.D07.000686","CYCSIG","Cyclotrachelus sigillatus","species","cf. species","Say",,"Ciegler, J. C. 2000. Ground beetles and wrinkled bark beetles of South Carolina (Coleoptera: Geadephaga: Carabidae and Rhysodidae). Biota of South Carolina. Vol. 1. Clemson, S. Clemson University.",,"nAKPQvGWPz3w50pS9SF/Wg/TlEjgxRE8","nAKPQvGWPz3w50pS9SF/Wg/TlEjgxRE8","Used NEON.DOC.014050vJ"
"54c177b8-dc7c-4212-905e-e8906c10ee70","ORNL_027.basePlot.bet","D07","ORNL","ORNL_027","W","2015-08-18","2015-09-01","2015-10-20","2015-12-01","di/gYcSB3uAZjZtXyGfB7/NrqLSOE86mT0vcQ/Bo7Ok=","NEON.BET.D07.000729","CALGRE","Calathus gregarius","species","cf. species","Say",,"Ciegler, J. C. 2000. Ground beetles and wrinkled bark beetles of South Carolina (Coleoptera: Geadephaga: Carabidae and Rhysodidae). Biota of South Carolina. Vol. 1. Clemson, S. Clemson University.",,"nAKPQvGWPz3w50pS9SF/Wg/TlEjgxRE8","nAKPQvGWPz3w50pS9SF/Wg/TlEjgxRE8","used NEON.DOC.014050vJ"
"0ea0208f-b877-4ca3-ae18-e868b34b0572","ORNL_003.basePlot.bet","D07","ORNL","ORNL_003","S","2015-08-18","2015-09-01","2015-10-18","2015-12-01","952sL8sB3/gUsTX8RzkXgeptDnqi/IBpc9UbBxUU6qQ=","NEON.BET.D07.000529","GALBIC","Galerita bicolor","species",,"Drury",,"Ciegler, J. C. 2000. Ground beetles and wrinkled bark beetles of South Carolina (Coleoptera: Geadephaga: Carabidae and Rhysodidae). Biota of South Carolina. Vol. 1. Clemson, S. Clemson University.",,"nAKPQvGWPz3w50pS9SF/Wg/TlEjgxRE8","nAKPQvGWPz3w50pS9SF/Wg/TlEjgxRE8","used NEON.DOC.014050vJ"
"91cac51d-8bf5-4e27-98d6-c9fe26ff30a3","ORNL_032.basePlot.bet","D07","ORNL","ORNL_032","S","2015-08-18","2015-09-01","2015-10-20","2015-12-01","DcTblkLRhldYsz9PzbD5PL4HX0ZOegBx0YrxA/hfbW8=","NEON.BET.D07.000674","CYCSIG","Cyclotrachelus sigillatus","species",,"Say",,"Ciegler, J. C. 2000. Ground beetles and wrinkled bark beetles of South Carolina (Coleoptera: Geadephaga: Carabidae and Rhysodidae). Biota of South Carolina. Vol. 1. Clemson, S. Clemson University.",,"nAKPQvGWPz3w50pS9SF/Wg/TlEjgxRE8","nAKPQvGWPz3w50pS9SF/Wg/TlEjgxRE8","Used NEON.DOC.014050vJ"
"889a3e18-05ef-46bb-be50-2ef3c027c68a","ORNL_032.basePlot.bet","D07","ORNL","ORNL_032","S","2015-08-18","2015-09-01","2015-10-20","2015-12-01","DcTblkLRhldYsz9PzbD5PHjCNTtdM+SaY+J5mwgyDhc=","NEON.BET.D07.000692","PTESTY","Pterostichus stygicus","species",,"Say",,"Ciegler, J. C. 2000. Ground beetles and wrinkled bark beetles of South Carolina (Coleoptera: Geadephaga: Carabidae and Rhysodidae). Biota of South Carolina. Vol. 1. Clemson, S. Clemson University.",,"nAKPQvGWPz3w50pS9SF/Wg/TlEjgxRE8","nAKPQvGWPz3w50pS9SF/Wg/TlEjgxRE8","Used NEON.DOC.014050vJ"
"1b8b0d6c-a659-426c-9611-419f59dbe416","ORNL_002.basePlot.bet","D07","ORNL","ORNL_002","S","2015-08-18","2015-09-01","2015-10-18","2015-12-01","FcwZvbWDjdiBGB4cwukFnZj6X685wpgNKZl6G1GvaQU=","NEON.BET.D07.000573","PASPUN","Pasimachus punctulatus","species",,"Haldeman",,"Purrington, F., and C. J. Drake. 2005. A key to adult Nearctic Pasimachus (Pasimachus) Bonelli (Coleoptera: Carabidae: Scaritini), with comments on their functional mouthpart morphology. Entomological News 116:253-262.",,"nAKPQvGWPz3w50pS9SF/Wg/TlEjgxRE8","nAKPQvGWPz3w50pS9SF/Wg/TlEjgxRE8","used NEON.DOC.014050vJ"
"a0176263-a4ef-4cc2-a920-f5e850eb6def","ORNL_006.basePlot.bet","D07","ORNL","ORNL_006","N","2015-08-18","2015-09-01","2015-10-20","2015-12-01","XUOG9+A5sINkxfsCut298W92MvJP/TVYv9MG4UPkmqw=","NEON.BET.D07.000671","CYCSIG","Cyclotrachelus sigillatus","species",,"Say",,"Ciegler, J. C. 2000. Ground beetles and wrinkled bark beetles of South Carolina (Coleoptera: Geadephaga: Carabidae and Rhysodidae). Biota of South Carolina. Vol. 1. Clemson, S. Clemson University.",,"nAKPQvGWPz3w50pS9SF/Wg/TlEjgxRE8","nAKPQvGWPz3w50pS9SF/Wg/TlEjgxRE8","Used NEON.DOC.014050vJ"
"0cabe09d-f39c-42a2-bf18-752104ef5072","ORNL_002.basePlot.bet","D07","ORNL","ORNL_002","N","2015-08-18","2015-09-01","2015-10-18","2015-12-01","FcwZvbWDjdhVJ2nKBeEZ8d/bXohNCwzErbBPuBtyGcw=","NEON.BET.D07.000581","DICDIL5","Dicaelus dilatatus","species",,"Say",,"Lindroth, C. H. 1969. The ground-beetles (Carabidae, excl. Cicindelinae) of Canada and Alaska, parts 1-6. Opuscula E. Entomoligiska Sallskapet.",,"nAKPQvGWPz3w50pS9SF/Wg/TlEjgxRE8","nAKPQvGWPz3w50pS9SF/Wg/TlEjgxRE8","used NEON.DOC.014050vJ"
"5f205771-4e6c-4988-b2e4-04169d75f691","ORNL_021.basePlot.bet","D07","ORNL","ORNL_021","N","2015-08-18","2015-09-01","2015-10-20","2015-12-01","LlqcsvOjN4CmMo1s5MYzmZf4hGtzpD4S2U6B3qakRo8=","NEON.BET.D07.000728","CALGRE","Calathus gregarius","species","cf. species","Say",,"Ciegler, J. C. 2000. Ground beetles and wrinkled bark beetles of South Carolina (Coleoptera: Geadephaga: Carabidae and Rhysodidae). Biota of South Carolina. Vol. 1. Clemson, S. Clemson University.",,"nAKPQvGWPz3w50pS9SF/Wg/TlEjgxRE8","nAKPQvGWPz3w50pS9SF/Wg/TlEjgxRE8","used NEON.DOC.014050vJ"
"d70bbf20-8f08-49d3-91c3-a1caf577434b","ORNL_031.basePlot.bet","D07","ORNL","ORNL_031","N","2015-08-18","2015-09-01","2015-10-20","2015-12-01","G1V5MttZ4JKdrYPIow3YI81KphxZsXFMKMDhx+MiCak=","NEON.BET.D07.000646","CARSP14","Carabidae sp.","family",,"Latreille","D07.2015.MorphA","Noonan, G. R. 1996. Classification, cladistics and natural history of species of the subgenus Anisodactylus Dejean (Insecta: Coleoptera: Carabidae: Harpalini: Anysoldactylus).",,"nAKPQvGWPz3w50pS9SF/Wg/TlEjgxRE8","nAKPQvGWPz3w50pS9SF/Wg/TlEjgxRE8","used NEON.DOC.014050vJ. maybe ANISP1 (Anisodactylus (Gynandrotarsus) sp.)"
"c78631d8-5b4f-4cdb-bf7e-c0a96fc7e6a8","ORNL_031.basePlot.bet","D07","ORNL","ORNL_031","E","2015-08-18","2015-09-01","2015-10-20","2015-12-01","G1V5MttZ4JKiz4rd8C+YpGLibIIUrb7f8wpvtm+9Kq8=","NEON.BET.D07.000711","CARSP14","Carabidae sp.","family",,"Latreille","D07.2015.MorphC","Ciegler, J. C. 2000. Ground beetles and wrinkled bark beetles of South Carolina (Coleoptera: Geadephaga: Carabidae and Rhysodidae). Biota of South Carolina. Vol. 1. Clemson, S. Clemson University.",,"nAKPQvGWPz3w50pS9SF/Wg/TlEjgxRE8","nAKPQvGWPz3w50pS9SF/Wg/TlEjgxRE8","used NEON.DOC.014050vJ. Maybe Harpalus (Pseudoophonus) sp."
"0df4cd97-195c-46d8-a69a-cfa2d7a4db66","ORNL_003.basePlot.bet","D07","ORNL","ORNL_003","E","2015-08-18","2015-09-01","2015-10-20","2015-12-01","952sL8sB3/h2TT0K/Ylt74GVpa5p1n+/FmkEWcK4NIE=","NEON.BET.D07.000670","CYCSIG","Cyclotrachelus sigillatus","species",,"Say",,"Ciegler, J. C. 2000. Ground beetles and wrinkled bark beetles of South Carolina (Coleoptera: Geadephaga: Carabidae and Rhysodidae). Biota of South Carolina. Vol. 1. Clemson, S. Clemson University.",,"nAKPQvGWPz3w50pS9SF/Wg/TlEjgxRE8","nAKPQvGWPz3w50pS9SF/Wg/TlEjgxRE8","Used NEON.DOC.014050vJ"
"69b0cbc0-27b9-440f-aa59-c1f436035b45","ORNL_027.basePlot.bet","D07","ORNL","ORNL_027","E","2015-08-18","2015-09-01","2015-10-20","2015-12-01","di/gYcSB3uCH6HDnbGh9Zs99bb+Ys52v8WyQaMORDZM=","NEON.BET.D07.000691","PTESTY","Pterostichus stygicus","species",,"Say",,"Ciegler, J. C. 2000. Ground beetles and wrinkled bark beetles of South Carolina (Coleoptera: Geadephaga: Carabidae and Rhysodidae). Biota of South Carolina. Vol. 1. Clemson, S. Clemson University.",,"nAKPQvGWPz3w50pS9SF/Wg/TlEjgxRE8","nAKPQvGWPz3w50pS9SF/Wg/TlEjgxRE8","Used NEON.DOC.014050vJ"
"d0953dc1-def3-4018-93e4-f77b95f91b49","ORNL_029.basePlot.bet","D07","ORNL","ORNL_029","W","2015-08-18","2015-09-01","2015-10-20","2015-12-01","7LdWMHVTMyRBOv5F1sgxPx9RQxic9mMDhiiZ1VxH7Cs=","NEON.BET.D07.000689","CYCSIG","Cyclotrachelus sigillatus","species","cf. species","Say",,"Ciegler, J. C. 2000. Ground beetles and wrinkled bark beetles of South Carolina (Coleoptera: Geadephaga: Carabidae and Rhysodidae). Biota of South Carolina. Vol. 1. Clemson, S. Clemson University.",,"nAKPQvGWPz3w50pS9SF/Wg/TlEjgxRE8","nAKPQvGWPz3w50pS9SF/Wg/TlEjgxRE8","Used NEON.DOC.014050vJ"
"ac607fde-74d3-4926-b456-200c0087cdd5","ORNL_027.basePlot.bet","D07","ORNL","ORNL_027","W","2015-09-01","2015-09-15","2015-10-20","2015-12-01","di/gYcSB3uAZjZtXyGfB7/25CUwumNm3J8UctNyBh+c=","NEON.BET.D07.000701","PTESTY","Pterostichus stygicus","species",,"Say",,"Ciegler, J. C. 2000. Ground beetles and wrinkled bark beetles of South Carolina (Coleoptera: Geadephaga: Carabidae and Rhysodidae). Biota of South Carolina. Vol. 1. Clemson, S. Clemson University.",,"nAKPQvGWPz3w50pS9SF/Wg/TlEjgxRE8","nAKPQvGWPz3w50pS9SF/Wg/TlEjgxRE8","used NEON.DOC.014050vJ"
"6a7661a8-1984-49ed-9c73-0d7c69aee0ff","ORNL_031.basePlot.bet","D07","ORNL","ORNL_031","W","2015-09-01","2015-09-15","2015-10-20","2015-12-01","G1V5MttZ4JI18bMFJvz7Zkv2S9rnVJP1rwcLnhp6BSA=","NEON.BET.D07.000730","CALOPA","Calathus opaculus","species","cf. species","LeConte",,"Ciegler, J. C. 2000. Ground beetles and wrinkled bark beetles of South Carolina (Coleoptera: Geadephaga: Carabidae and Rhysodidae). Biota of South Carolina. Vol. 1. Clemson, S. Clemson University.",,"nAKPQvGWPz3w50pS9SF/Wg/TlEjgxRE8","nAKPQvGWPz3w50pS9SF/Wg/TlEjgxRE8","used NEON.DOC.014050vJ"
"7ead799f-22c4-47b2-9068-4748a00bd62e","ORNL_027.basePlot.bet","D07","ORNL","ORNL_027","W","2015-09-01","2015-09-15","2015-10-20","2015-12-01","di/gYcSB3uAZjZtXyGfB7/25CUwumNm3J8UctNyBh+c=","NEON.BET.D07.000702","PTESTY","Pterostichus stygicus","species",,"Say",,"Ciegler, J. C. 2000. Ground beetles and wrinkled bark beetles of South Carolina (Coleoptera: Geadephaga: Carabidae and Rhysodidae). Biota of South Carolina. Vol. 1. Clemson, S. Clemson University.",,"nAKPQvGWPz3w50pS9SF/Wg/TlEjgxRE8","nAKPQvGWPz3w50pS9SF/Wg/TlEjgxRE8","used NEON.DOC.014050vJ"
"44f32bd9-18c0-4130-a5fe-6b6c029012da","ORNL_029.basePlot.bet","D07","ORNL","ORNL_029","W","2015-09-01","2015-09-15","2015-10-19","2015-12-01","7LdWMHVTMyRBOv5F1sgxP4oWlgzQDE+vixBWDiKVMFQ=","NEON.BET.D07.000634","CYCSOD2","Cyclotrachelus sodalis sodalis","subspecies",,"LeConte",,"Freitag, R. 1969. A revision of the species of the genus Evarthrus LeConte. Quaestiones Entomologicae 5:89-212.",,"nAKPQvGWPz3w50pS9SF/Wg/TlEjgxRE8","nAKPQvGWPz3w50pS9SF/Wg/TlEjgxRE8","used NEON.DOC.014050vJ"
"7f923f83-1118-47bd-8c98-dac993423b4b","ORNL_032.basePlot.bet","D07","ORNL","ORNL_032","W","2015-09-01","2015-09-15","2015-10-20","2015-12-01","DcTblkLRhlfJN+zoutMQxTssge0pZEWSy67+aO5Vlkk=","NEON.BET.D07.000677","CYCSIG","Cyclotrachelus sigillatus","species","cf. species","Say",,"Ciegler, J. C. 2000. Ground beetles and wrinkled bark beetles of South Carolina (Coleoptera: Geadephaga: Carabidae and Rhysodidae). Biota of South Carolina. Vol. 1. Clemson, S. Clemson University.",,"nAKPQvGWPz3w50pS9SF/Wg/TlEjgxRE8","nAKPQvGWPz3w50pS9SF/Wg/TlEjgxRE8","Used NEON.DOC.014050vJ"
"7758d954-9860-41fc-b826-bad85c162d44","ORNL_021.basePlot.bet","D07","ORNL","ORNL_021","W","2015-09-01","2015-09-15","2015-10-20","2015-12-01","LlqcsvOjN4Cc/5J6hIcxZF0OjQJYGKm4DZI6eOID1Qc=","NEON.BET.D07.000722","TRIDIC","Trichotichnus dichrous","species","cf. species","Dejean",,"Ciegler, J. C. 2000. Ground beetles and wrinkled bark beetles of South Carolina (Coleoptera: Geadephaga: Carabidae and Rhysodidae). Biota of South Carolina. Vol. 1. Clemson, S. Clemson University.",,"nAKPQvGWPz3w50pS9SF/Wg/TlEjgxRE8","nAKPQvGWPz3w50pS9SF/Wg/TlEjgxRE8","used NEON.DOC.014050vJ"
"1bf59b22-0c6f-4eef-81f5-41dd1c60ba0c","ORNL_027.basePlot.bet","D07","ORNL","ORNL_027","S","2015-09-01","2015-09-15","2015-10-20","2015-12-01","di/gYcSB3uC0rnNXI86D8zYRzSRi48BYcuRGhPadQUY=","NEON.BET.D07.000707","PTESTY","Pterostichus stygicus","species",,"Say",,"Ciegler, J. C. 2000. Ground beetles and wrinkled bark beetles of South Carolina (Coleoptera: Geadephaga: Carabidae and Rhysodidae). Biota of South Carolina. Vol. 1. Clemson, S. Clemson University.",,"nAKPQvGWPz3w50pS9SF/Wg/TlEjgxRE8","nAKPQvGWPz3w50pS9SF/Wg/TlEjgxRE8","used NEON.DOC.014050vJ"
"8d3a449e-e296-4929-8b75-70efd2f04e70","ORNL_027.basePlot.bet","D07","ORNL","ORNL_027","S","2015-09-01","2015-09-15","2015-10-20","2015-12-01","di/gYcSB3uC0rnNXI86D8zYRzSRi48BYcuRGhPadQUY=","NEON.BET.D07.000706","PTESTY","Pterostichus stygicus","species",,"Say",,"Ciegler, J. C. 2000. Ground beetles and wrinkled bark beetles of South Carolina (Coleoptera: Geadephaga: Carabidae and Rhysodidae). Biota of South Carolina. Vol. 1. Clemson, S. Clemson University.",,"nAKPQvGWPz3w50pS9SF/Wg/TlEjgxRE8","nAKPQvGWPz3w50pS9SF/Wg/TlEjgxRE8","used NEON.DOC.014050vJ"
"e59c9cdc-c31c-48eb-9934-d9198eb8a55c","ORNL_027.basePlot.bet","D07","ORNL","ORNL_027","S","2015-09-01","2015-09-15","2015-10-20","2015-12-01","di/gYcSB3uC0rnNXI86D8zYRzSRi48BYcuRGhPadQUY=","NEON.BET.D07.000705","PTESTY","Pterostichus stygicus","species",,"Say",,"Ciegler, J. C. 2000. Ground beetles and wrinkled bark beetles of South Carolina (Coleoptera: Geadephaga: Carabidae and Rhysodidae). Biota of South Carolina. Vol. 1. Clemson, S. Clemson University.",,"nAKPQvGWPz3w50pS9SF/Wg/TlEjgxRE8","nAKPQvGWPz3w50pS9SF/Wg/TlEjgxRE8","used NEON.DOC.014050vJ"
"1f1ec100-7ced-42f9-ba71-e60fac79c5a0","ORNL_003.basePlot.bet","D07","ORNL","ORNL_003","S","2015-09-01","2015-09-15","2015-10-18","2015-12-01","952sL8sB3/gUsTX8RzkXgd7jFtNAcBBQVqVQQGUFPjg=","NEON.BET.D07.000518","SPHSTE1","Sphaeroderus stenostomus lecontei","subspecies","cf. species","Dejean",,"Barr Jr., T. C. 1974a. Key to species and subspecies of Sphaeroderus Dejean.",,"nAKPQvGWPz3w50pS9SF/Wg/TlEjgxRE8","nAKPQvGWPz3w50pS9SF/Wg/TlEjgxRE8","used NEON.DOC.014050vJ"
"51e9a0dc-2883-44ed-95ab-2b5b63c3f7db","ORNL_003.basePlot.bet","D07","ORNL","ORNL_003","N","2015-09-01","2015-09-15","2015-10-20","2015-12-01","952sL8sB3/g8knEIKlIICPW3zIb4a81uPaUfjyyVHg4=","NEON.BET.D07.000684","CYCSIG","Cyclotrachelus sigillatus","species","cf. species","Say",,"Ciegler, J. C. 2000. Ground beetles and wrinkled bark beetles of South Carolina (Coleoptera: Geadephaga: Carabidae and Rhysodidae). Biota of South Carolina. Vol. 1. Clemson, S. Clemson University.",,"nAKPQvGWPz3w50pS9SF/Wg/TlEjgxRE8","nAKPQvGWPz3w50pS9SF/Wg/TlEjgxRE8","Used NEON.DOC.014050vJ"
"1e38955d-a850-4621-87b8-e0a30dfe9f1d","ORNL_006.basePlot.bet","D07","ORNL","ORNL_006","N","2015-09-01","2015-09-15","2015-10-20","2015-12-01","XUOG9+A5sINkxfsCut298Z4IJ3gO6fJNhp/AFk3bzQ8=","NEON.BET.D07.000681","CYCSIG","Cyclotrachelus sigillatus","species","cf. species","Say",,"Ciegler, J. C. 2000. Ground beetles and wrinkled bark beetles of South Carolina (Coleoptera: Geadephaga: Carabidae and Rhysodidae). Biota of South Carolina. Vol. 1. Clemson, S. Clemson University.",,"nAKPQvGWPz3w50pS9SF/Wg/TlEjgxRE8","nAKPQvGWPz3w50pS9SF/Wg/TlEjgxRE8","Used NEON.DOC.014050vJ"
"da13dca8-7496-49cc-acb9-a6b8d7a33ae7","ORNL_027.basePlot.bet","D07","ORNL","ORNL_027","N","2015-09-01","2015-09-15","2015-10-20","2015-12-01","di/gYcSB3uApmotaciILplP1li/1gR1jTSUzsxkFlfY=","NEON.BET.D07.000716","CARSP14","Carabidae sp.","family",,"Latreille","D07.2015.MorphC","Ciegler, J. C. 2000. Ground beetles and wrinkled bark beetles of South Carolina (Coleoptera: Geadephaga: Carabidae and Rhysodidae). Biota of South Carolina. Vol. 1. Clemson, S. Clemson University.",,"nAKPQvGWPz3w50pS9SF/Wg/TlEjgxRE8","nAKPQvGWPz3w50pS9SF/Wg/TlEjgxRE8","used NEON.DOC.014050vJ. Maybe Harpalus (Pseudoophonus) sp."
"413cb36a-20cd-40d5-bdb4-186542d30375","ORNL_003.basePlot.bet","D07","ORNL","ORNL_003","E","2015-09-01","2015-09-15","2015-10-20","2015-12-01","952sL8sB3/h2TT0K/Ylt785k8onUBKIuwV1fVIsKAjY=","NEON.BET.D07.000685","CYCSIG","Cyclotrachelus sigillatus","species","cf. species","Say",,"Ciegler, J. C. 2000. Ground beetles and wrinkled bark beetles of South Carolina (Coleoptera: Geadephaga: Carabidae and Rhysodidae). Biota of South Carolina. Vol. 1. Clemson, S. Clemson University.",,"nAKPQvGWPz3w50pS9SF/Wg/TlEjgxRE8","nAKPQvGWPz3w50pS9SF/Wg/TlEjgxRE8","Used NEON.DOC.014050vJ"
"275229a5-6926-4403-aa04-9894eadd0248","ORNL_003.basePlot.bet","D07","ORNL","ORNL_003","E","2015-09-01","2015-09-15","2015-10-20","2015-12-01","952sL8sB3/h2TT0K/Ylt785k8onUBKIuwV1fVIsKAjY=","NEON.BET.D07.000667","CYCSIG","Cyclotrachelus sigillatus","species",,"Say",,"Ciegler, J. C. 2000. Ground beetles and wrinkled bark beetles of South Carolina (Coleoptera: Geadephaga: Carabidae and Rhysodidae). Biota of South Carolina. Vol. 1. Clemson, S. Clemson University.",,"nAKPQvGWPz3w50pS9SF/Wg/TlEjgxRE8","nAKPQvGWPz3w50pS9SF/Wg/TlEjgxRE8","Used NEON.DOC.014050vJ"
"b2b15613-9a1c-417b-8434-f503b5536b10","ORNL_031.basePlot.bet","D07","ORNL","ORNL_031","E","2015-09-01","2015-09-15","2015-10-20","2015-12-01","G1V5MttZ4JKiz4rd8C+YpEN/9/rW5z4Ykjt2JCSLeKE=","NEON.BET.D07.000717","CARSP14","Carabidae sp.","family",,"Latreille","D07.2015.MorphC","Ciegler, J. C. 2000. Ground beetles and wrinkled bark beetles of South Carolina (Coleoptera: Geadephaga: Carabidae and Rhysodidae). Biota of South Carolina. Vol. 1. Clemson, S. Clemson University.",,"nAKPQvGWPz3w50pS9SF/Wg/TlEjgxRE8","nAKPQvGWPz3w50pS9SF/Wg/TlEjgxRE8","used NEON.DOC.014050vJ. Maybe Harpalus (Pseudoophonus) sp."
