uid,namedLocation,domainID,siteID,plotID,trapID,setDate,collectDate,processingDate,identifiedDate,subsampleID,individualID,taxonID,scientificName,taxonRank,identificationQualifier,scientificNameAuthorship,morphospeciesID,identificationReferences,totalLength,identifiedBy,recordedBy,remarks
"09dd1360-3306-4478-b7c3-d8b63f04cb6e","MOAB_001.basePlot.bet","D13","MOAB","MOAB_001","E","2015-08-20","2015-09-03","2015-12-15","2015-12-15","hc7nq0q3kZJNrue+OSZL6x+GVMduaS38Q5BNSC5wa40=","NEON.BET.D13.500266","CICPUN","Cicindela punctulata","species",,"Olivier",,"Pearson, D., C. B. Knisley, and C. J. Kazilek. 2006. A Field Guide to the Tiger Beetles of the United States and Canada: Identification, Natural History, and Distribution of the Cicindelidae. Oxford University Press, New York.",,"/h2P7iNCFob6MrtXvZ/0KV0VExqkPzVY","/h2P7iNCFob6MrtXvZ/0KV0VExqkPzVY",
"a4107984-b81d-4210-b070-42a79c7302a0","MOAB_007.basePlot.bet","D13","MOAB","MOAB_007","W","2015-08-20","2015-09-03","2015-12-15","2015-12-15","KUrFeqpu9Dt8faGCZrnLWVF9ld9ZDJJOEhqY5kmU8qY=","NEON.BET.D13.500250","CARSP14","Carabidae sp.","family",,"Latreille","D13.2015.MorphZE","Arnett Jr., R. H., and M. C. Thomas. 2001. American Beetles Archosemata, Myxophaga, Adephaga, Polyphaga: Staphyliniformia. 1st Vol. (C. Press, Ed.). 1st Ed. Boca Raton, FL.",,"/h2P7iNCFob6MrtXvZ/0KV0VExqkPzVY","/h2P7iNCFob6MrtXvZ/0KV0VExqkPzVY","Cymindis sp. Looks like C. planipennis in in BYU collection. Body dark rufous with legs and lateral margins of protum and elytra testaceous| shoulder macula not always well defined| intervals of elytral irregularly biserately punctate| elytra truncate| un"
"4a641c41-305a-4e21-94be-636f26ebb1cd","MOAB_010.basePlot.bet","D13","MOAB","MOAB_010","E","2015-08-20","2015-09-03","2015-12-15","2015-12-15","ey84eokAkd7pSJq1KB1Aeu4HrMZGi7WB3/88iHmsXiU=","NEON.BET.D13.500231","CICPUN","Cicindela punctulata","species",,"Olivier",,"Pearson, D., C. B. Knisley, and C. J. Kazilek. 2006. A Field Guide to the Tiger Beetles of the United States and Canada: Identification, Natural History, and Distribution of the Cicindelidae. Oxford University Press, New York.",,"/h2P7iNCFob6MrtXvZ/0KV0VExqkPzVY","/h2P7iNCFob6MrtXvZ/0KV0VExqkPzVY",
"b52e7968-72a6-4a7f-8d9e-795924686236","MOAB_010.basePlot.bet","D13","MOAB","MOAB_010","E","2015-08-20","2015-09-03","2015-12-15","2015-12-15","ey84eokAkd7pSJq1KB1AeiWSNxmPpLXnTcmF4CU+VOk=","NEON.BET.D13.500230","PIOSET","Piosoma setosum","species",,"LeConte",,"Lindroth, C. H. 1969. The ground-beetles (Carabidae, excl. Cicindelinae) of Canada and Alaska, parts 1-6. Opuscula E. Entomoligiska Sallskapet.",,"/h2P7iNCFob6MrtXvZ/0KV0VExqkPzVY","/h2P7iNCFob6MrtXvZ/0KV0VExqkPzVY",
"26aa6980-8f34-4ec4-a6ac-be900ba140aa","MOAB_001.basePlot.bet","D13","MOAB","MOAB_001","E","2015-08-20","2015-09-03","2015-12-15","2015-12-15","hc7nq0q3kZJNrue+OSZL6x+GVMduaS38Q5BNSC5wa40=","NEON.BET.D13.500267","CICPUN","Cicindela punctulata","species",,"Olivier",,"Pearson, D., C. B. Knisley, and C. J. Kazilek. 2006. A Field Guide to the Tiger Beetles of the United States and Canada: Identification, Natural History, and Distribution of the Cicindelidae. Oxford University Press, New York.",,"/h2P7iNCFob6MrtXvZ/0KV0VExqkPzVY","/h2P7iNCFob6MrtXvZ/0KV0VExqkPzVY",
"08233ea8-ddd0-4268-80b2-98f70168e986","MOAB_005.basePlot.bet","D13","MOAB","MOAB_005","E","2015-08-20","2015-09-03","2015-12-15","2015-12-15","dErP7UpuKYvM0dCOAPuAK0BEqi9MxBaf6lyDS1HonwU=","NEON.BET.D13.500240","CICPUN","Cicindela punctulata","species",,"Olivier",,"Pearson, D., C. B. Knisley, and C. J. Kazilek. 2006. A Field Guide to the Tiger Beetles of the United States and Canada: Identification, Natural History, and Distribution of the Cicindelidae. Oxford University Press, New York.",,"/h2P7iNCFob6MrtXvZ/0KV0VExqkPzVY","/h2P7iNCFob6MrtXvZ/0KV0VExqkPzVY",
"412c3ff5-7d70-4ed5-a74c-12c74d8bb7f4","MOAB_005.basePlot.bet","D13","MOAB","MOAB_005","E","2015-08-20","2015-09-03","2015-12-15","2015-12-15","dErP7UpuKYvM0dCOAPuAK0BEqi9MxBaf6lyDS1HonwU=","NEON.BET.D13.500239","CICPUN","Cicindela punctulata","species",,"Olivier",,"Pearson, D., C. B. Knisley, and C. J. Kazilek. 2006. A Field Guide to the Tiger Beetles of the United States and Canada: Identification, Natural History, and Distribution of the Cicindelidae. Oxford University Press, New York.",,"/h2P7iNCFob6MrtXvZ/0KV0VExqkPzVY","/h2P7iNCFob6MrtXvZ/0KV0VExqkPzVY",
"00fda254-16d8-4a8a-a91e-c2fccb10840d","MOAB_003.basePlot.bet","D13","MOAB","MOAB_003","E","2015-08-20","2015-09-03","2015-12-15","2015-12-15","IyUvclCcKUa8uaeinCAlggsjDmFS+DQk28gIvq6Ruyc=","NEON.BET.D13.500222","HARFRA","Harpalus fraternus","species","cf. species","LeConte",,"Arnett Jr., R. H., and M. C. Thomas. 2001. American Beetles Archosemata, Myxophaga, Adephaga, Polyphaga: Staphyliniformia. 1st Vol. (C. Press, Ed.). 1st Ed. Boca Raton, FL.",,"/h2P7iNCFob6MrtXvZ/0KV0VExqkPzVY","/h2P7iNCFob6MrtXvZ/0KV0VExqkPzVY",
"f0828378-e524-4fb5-a499-9d3e1961deba","MOAB_007.basePlot.bet","D13","MOAB","MOAB_007","E","2015-08-20","2015-09-03","2015-12-15","2015-12-15","KUrFeqpu9DtwEQQ6Xed72W0mhLKyLssTL6kC6PVJNlg=","NEON.BET.D13.500254","CARSP14","Carabidae sp.","family",,"Latreille","D13.2015.MorphZE","Arnett Jr., R. H., and M. C. Thomas. 2001. American Beetles Archosemata, Myxophaga, Adephaga, Polyphaga: Staphyliniformia. 1st Vol. (C. Press, Ed.). 1st Ed. Boca Raton, FL.",,"/h2P7iNCFob6MrtXvZ/0KV0VExqkPzVY","/h2P7iNCFob6MrtXvZ/0KV0VExqkPzVY","Cymindis sp. Looks like C. planipennis in in BYU collection. Body dark rufous with legs and lateral margins of protum and elytra testaceous| shoulder macula not always well defined| intervals of elytral irregularly biserately punctate| elytra truncate| un"
"59c6f67c-3207-48ad-a9d2-132631af6cc0","MOAB_002.basePlot.bet","D13","MOAB","MOAB_002","E","2015-08-20","2015-09-03","2015-12-15","2015-12-15","dDZSo11ZohYgxfVamv0+qGEg4WLVM8UqpDlidGy84yQ=","NEON.BET.D13.500247","CICPUN","Cicindela punctulata","species",,"Olivier",,"Pearson, D., C. B. Knisley, and C. J. Kazilek. 2006. A Field Guide to the Tiger Beetles of the United States and Canada: Identification, Natural History, and Distribution of the Cicindelidae. Oxford University Press, New York.",,"/h2P7iNCFob6MrtXvZ/0KV0VExqkPzVY","/h2P7iNCFob6MrtXvZ/0KV0VExqkPzVY",
"328dc531-b3be-425a-bbc6-9da0855aec23","MOAB_011.basePlot.bet","D13","MOAB","MOAB_011","E","2015-08-20","2015-09-03","2015-12-15","2015-12-15","fmrsV+TmgPBjU7/tzdyTTkHRaKVfqRa3UueT/CDHAcw=","NEON.BET.D13.500223","CICPUN","Cicindela punctulata","species",,"Olivier",,"Pearson, D., C. B. Knisley, and C. J. Kazilek. 2006. A Field Guide to the Tiger Beetles of the United States and Canada: Identification, Natural History, and Distribution of the Cicindelidae. Oxford University Press, New York.",,"/h2P7iNCFob6MrtXvZ/0KV0VExqkPzVY","/h2P7iNCFob6MrtXvZ/0KV0VExqkPzVY",
"4f225e12-e751-4f43-bd7d-26670b08ac30","MOAB_002.basePlot.bet","D13","MOAB","MOAB_002","E","2015-08-20","2015-09-03","2015-12-15","2015-12-15","dDZSo11ZohYgxfVamv0+qGEg4WLVM8UqpDlidGy84yQ=","NEON.BET.D13.500248","CICPUN","Cicindela punctulata","species",,"Olivier",,"Pearson, D., C. B. Knisley, and C. J. Kazilek. 2006. A Field Guide to the Tiger Beetles of the United States and Canada: Identification, Natural History, and Distribution of the Cicindelidae. Oxford University Press, New York.",,"/h2P7iNCFob6MrtXvZ/0KV0VExqkPzVY","/h2P7iNCFob6MrtXvZ/0KV0VExqkPzVY",
"e29b1d6d-e6ef-4a0a-8acd-4accd42bb5ec","MOAB_002.basePlot.bet","D13","MOAB","MOAB_002","N","2015-08-20","2015-09-03","2015-12-15","2015-12-15","dDZSo11Zohb4F7SqqYXHIWsPSfNMr7XN793vX9N0rvw=","NEON.BET.D13.500243","CICPUN","Cicindela punctulata","species",,"Olivier",,"Pearson, D., C. B. Knisley, and C. J. Kazilek. 2006. A Field Guide to the Tiger Beetles of the United States and Canada: Identification, Natural History, and Distribution of the Cicindelidae. Oxford University Press, New York.",,"/h2P7iNCFob6MrtXvZ/0KV0VExqkPzVY","/h2P7iNCFob6MrtXvZ/0KV0VExqkPzVY",
"aab0983d-5b0c-4dd4-98ce-3c69de1fdc21","MOAB_002.basePlot.bet","D13","MOAB","MOAB_002","N","2015-08-20","2015-09-03","2015-12-15","2015-12-15","dDZSo11Zohb4F7SqqYXHIWsPSfNMr7XN793vX9N0rvw=","NEON.BET.D13.500244","CICPUN","Cicindela punctulata","species",,"Olivier",,"Pearson, D., C. B. Knisley, and C. J. Kazilek. 2006. A Field Guide to the Tiger Beetles of the United States and Canada: Identification, Natural History, and Distribution of the Cicindelidae. Oxford University Press, New York.",,"/h2P7iNCFob6MrtXvZ/0KV0VExqkPzVY","/h2P7iNCFob6MrtXvZ/0KV0VExqkPzVY",
"e6d80f87-4fc9-45af-873a-c42dc96d09a8","MOAB_010.basePlot.bet","D13","MOAB","MOAB_010","N","2015-08-20","2015-09-03","2015-12-15","2015-12-15","ey84eokAkd6i6GieP6/BClzaOp2mgAEcY1fCHCyDJis=","NEON.BET.D13.500228","CICPUN","Cicindela punctulata","species",,"Olivier",,"Pearson, D., C. B. Knisley, and C. J. Kazilek. 2006. A Field Guide to the Tiger Beetles of the United States and Canada: Identification, Natural History, and Distribution of the Cicindelidae. Oxford University Press, New York.",,"/h2P7iNCFob6MrtXvZ/0KV0VExqkPzVY","/h2P7iNCFob6MrtXvZ/0KV0VExqkPzVY",
"6992e39d-2a40-4517-82e3-339aadef5fb4","MOAB_007.basePlot.bet","D13","MOAB","MOAB_007","N","2015-08-20","2015-09-03","2015-12-15","2015-12-15","KUrFeqpu9DsyE1EkU+ED2O3Ifgl3z73nhjQaJEhnJ2Y=","NEON.BET.D13.500260","CARSP14","Carabidae sp.","family",,"Latreille","D13.2015.MorphZE","Arnett Jr., R. H., and M. C. Thomas. 2001. American Beetles Archosemata, Myxophaga, Adephaga, Polyphaga: Staphyliniformia. 1st Vol. (C. Press, Ed.). 1st Ed. Boca Raton, FL.",,"/h2P7iNCFob6MrtXvZ/0KV0VExqkPzVY","/h2P7iNCFob6MrtXvZ/0KV0VExqkPzVY","Cymindis sp. Looks like C. planipennis in in BYU collection. Body dark rufous with legs and lateral margins of protum and elytra testaceous| shoulder macula not always well defined| intervals of elytral irregularly biserately punctate| elytra truncate| un"
"f140dd49-9093-4e05-af37-f0a45abf7061","MOAB_007.basePlot.bet","D13","MOAB","MOAB_007","N","2015-08-20","2015-09-03","2015-12-15","2015-12-15","KUrFeqpu9DsyE1EkU+ED2O3Ifgl3z73nhjQaJEhnJ2Y=","NEON.BET.D13.500259","CARSP14","Carabidae sp.","family",,"Latreille","D13.2015.MorphZE","Arnett Jr., R. H., and M. C. Thomas. 2001. American Beetles Archosemata, Myxophaga, Adephaga, Polyphaga: Staphyliniformia. 1st Vol. (C. Press, Ed.). 1st Ed. Boca Raton, FL.",,"/h2P7iNCFob6MrtXvZ/0KV0VExqkPzVY","/h2P7iNCFob6MrtXvZ/0KV0VExqkPzVY","Cymindis sp. Looks like C. planipennis in in BYU collection. Body dark rufous with legs and lateral margins of protum and elytra testaceous| shoulder macula not always well defined| intervals of elytral irregularly biserately punctate| elytra truncate| un"
"4bf0da6e-99de-4c87-85b9-e3c987f0850c","MOAB_007.basePlot.bet","D13","MOAB","MOAB_007","N","2015-08-20","2015-09-03","2015-12-15","2015-12-15","KUrFeqpu9DsyE1EkU+ED2O3Ifgl3z73nhjQaJEhnJ2Y=","NEON.BET.D13.500256","CARSP14","Carabidae sp.","family",,"Latreille","D13.2015.MorphZE","Arnett Jr., R. H., and M. C. Thomas. 2001. American Beetles Archosemata, Myxophaga, Adephaga, Polyphaga: Staphyliniformia. 1st Vol. (C. Press, Ed.). 1st Ed. Boca Raton, FL.",,"/h2P7iNCFob6MrtXvZ/0KV0VExqkPzVY","/h2P7iNCFob6MrtXvZ/0KV0VExqkPzVY","Cymindis sp. Looks like C. planipennis in in BYU collection. Body dark rufous with legs and lateral margins of protum and elytra testaceous| shoulder macula not always well defined| intervals of elytral irregularly biserately punctate| elytra truncate| un"
"c5708453-bf38-4378-b44e-10be167803a8","MOAB_007.basePlot.bet","D13","MOAB","MOAB_007","N","2015-08-20","2015-09-03","2015-12-15","2015-12-15","KUrFeqpu9DsyE1EkU+ED2O3Ifgl3z73nhjQaJEhnJ2Y=","NEON.BET.D13.500261","CARSP14","Carabidae sp.","family",,"Latreille","D13.2015.MorphZE","Arnett Jr., R. H., and M. C. Thomas. 2001. American Beetles Archosemata, Myxophaga, Adephaga, Polyphaga: Staphyliniformia. 1st Vol. (C. Press, Ed.). 1st Ed. Boca Raton, FL.",,"/h2P7iNCFob6MrtXvZ/0KV0VExqkPzVY","/h2P7iNCFob6MrtXvZ/0KV0VExqkPzVY","Cymindis sp. Looks like C. planipennis in in BYU collection. Body dark rufous with legs and lateral margins of protum and elytra testaceous| shoulder macula not always well defined| intervals of elytral irregularly biserately punctate| elytra truncate| un"
"da25f7e7-b270-43b0-ab96-c02375c6dfff","MOAB_007.basePlot.bet","D13","MOAB","MOAB_007","N","2015-08-20","2015-09-03","2015-12-15","2015-12-15","KUrFeqpu9DsyE1EkU+ED2O3Ifgl3z73nhjQaJEhnJ2Y=","NEON.BET.D13.500263","CARSP14","Carabidae sp.","family",,"Latreille","D13.2015.MorphZE","Arnett Jr., R. H., and M. C. Thomas. 2001. American Beetles Archosemata, Myxophaga, Adephaga, Polyphaga: Staphyliniformia. 1st Vol. (C. Press, Ed.). 1st Ed. Boca Raton, FL.",,"/h2P7iNCFob6MrtXvZ/0KV0VExqkPzVY","/h2P7iNCFob6MrtXvZ/0KV0VExqkPzVY","Cymindis sp. Looks like C. planipennis in in BYU collection. Body dark rufous with legs and lateral margins of protum and elytra testaceous| shoulder macula not always well defined| intervals of elytral irregularly biserately punctate| elytra truncate| un"
"40fd23dd-3d74-4d04-a08d-b7d65692e03e","MOAB_009.basePlot.bet","D13","MOAB","MOAB_009","N","2015-08-20","2015-09-03","2015-12-15","2015-12-15","r113m7c7xtxY5lRXoG0jknmgE73HHX/UQmDjc5PeF6E=","NEON.BET.D13.500226","CICPUN","Cicindela punctulata","species",,"Olivier",,"Pearson, D., C. B. Knisley, and C. J. Kazilek. 2006. A Field Guide to the Tiger Beetles of the United States and Canada: Identification, Natural History, and Distribution of the Cicindelidae. Oxford University Press, New York.",,"/h2P7iNCFob6MrtXvZ/0KV0VExqkPzVY","/h2P7iNCFob6MrtXvZ/0KV0VExqkPzVY",
"0c5c556e-1a95-4be7-afb5-320bfca17219","MOAB_007.basePlot.bet","D13","MOAB","MOAB_007","N","2015-08-20","2015-09-03","2015-12-15","2015-12-15","KUrFeqpu9DsyE1EkU+ED2O3Ifgl3z73nhjQaJEhnJ2Y=","NEON.BET.D13.500258","CARSP14","Carabidae sp.","family",,"Latreille","D13.2015.MorphZE","Arnett Jr., R. H., and M. C. Thomas. 2001. American Beetles Archosemata, Myxophaga, Adephaga, Polyphaga: Staphyliniformia. 1st Vol. (C. Press, Ed.). 1st Ed. Boca Raton, FL.",,"/h2P7iNCFob6MrtXvZ/0KV0VExqkPzVY","/h2P7iNCFob6MrtXvZ/0KV0VExqkPzVY","Cymindis sp. Looks like C. planipennis in in BYU collection. Body dark rufous with legs and lateral margins of protum and elytra testaceous| shoulder macula not always well defined| intervals of elytral irregularly biserately punctate| elytra truncate| un"
"f9ed1010-2609-4aeb-b9b3-802db0ba08ee","MOAB_005.basePlot.bet","D13","MOAB","MOAB_005","N","2015-08-20","2015-09-03","2015-12-15","2015-12-15","dErP7UpuKYsG5DJNuEWuRIqqwK3NgVbKGRKa9Ymiemw=","NEON.BET.D13.500238","CICPUN","Cicindela punctulata","species",,"Olivier",,"Pearson, D., C. B. Knisley, and C. J. Kazilek. 2006. A Field Guide to the Tiger Beetles of the United States and Canada: Identification, Natural History, and Distribution of the Cicindelidae. Oxford University Press, New York.",,"/h2P7iNCFob6MrtXvZ/0KV0VExqkPzVY","/h2P7iNCFob6MrtXvZ/0KV0VExqkPzVY",
"39a5f074-74da-4150-878d-950500de04d4","MOAB_005.basePlot.bet","D13","MOAB","MOAB_005","N","2015-08-20","2015-09-03","2015-12-15","2015-12-15","dErP7UpuKYsG5DJNuEWuRIqqwK3NgVbKGRKa9Ymiemw=","NEON.BET.D13.500237","CICPUN","Cicindela punctulata","species",,"Olivier",,"Pearson, D., C. B. Knisley, and C. J. Kazilek. 2006. A Field Guide to the Tiger Beetles of the United States and Canada: Identification, Natural History, and Distribution of the Cicindelidae. Oxford University Press, New York.",,"/h2P7iNCFob6MrtXvZ/0KV0VExqkPzVY","/h2P7iNCFob6MrtXvZ/0KV0VExqkPzVY",
"ed0de6ce-461b-4a82-9d18-a51b1f78cc01","MOAB_004.basePlot.bet","D13","MOAB","MOAB_004","N","2015-08-20","2015-09-03","2015-12-15","2015-12-15","5U7Q+xBUPVubZFy6L9dNCfb6yLaB8brwwy28NtZbWZ4=","NEON.BET.D13.500271","CICPUN","Cicindela punctulata","species",,"Olivier",,"Pearson, D., C. B. Knisley, and C. J. Kazilek. 2006. A Field Guide to the Tiger Beetles of the United States and Canada: Identification, Natural History, and Distribution of the Cicindelidae. Oxford University Press, New York.",,"/h2P7iNCFob6MrtXvZ/0KV0VExqkPzVY","/h2P7iNCFob6MrtXvZ/0KV0VExqkPzVY",
"079f09db-f52b-41a4-8e72-f050d7298732","MOAB_003.basePlot.bet","D13","MOAB","MOAB_003","N","2015-08-20","2015-09-03","2015-12-15","2015-12-15","IyUvclCcKUbI+jRps7oNrUdwaCKWir41wqQu2FWCqVQ=","NEON.BET.D13.500221","CARSP14","Carabidae sp.","family",,"Latreille","D13.2015.MorphZE","Lindroth, C. H. 1969. The ground-beetles (Carabidae, excl. Cicindelinae) of Canada and Alaska, parts 1-6. Opuscula E. Entomoligiska Sallskapet.",,"/h2P7iNCFob6MrtXvZ/0KV0VExqkPzVY","/h2P7iNCFob6MrtXvZ/0KV0VExqkPzVY","Cymindis sp. Looks like C. planipennis in in BYU collection. Body dark rufous with legs and lateral margins of protum and elytra testaceous| shoulder macula not always well defined| intervals of elytral irregularly biserately punctate| elytra truncate| un"
"e06e6525-c3af-401b-9c8f-bc67ae903e75","MOAB_007.basePlot.bet","D13","MOAB","MOAB_007","N","2015-08-20","2015-09-03","2015-12-15","2015-12-15","KUrFeqpu9DsyE1EkU+ED2O3Ifgl3z73nhjQaJEhnJ2Y=","NEON.BET.D13.500257","CARSP14","Carabidae sp.","family",,"Latreille","D13.2015.MorphZE","Arnett Jr., R. H., and M. C. Thomas. 2001. American Beetles Archosemata, Myxophaga, Adephaga, Polyphaga: Staphyliniformia. 1st Vol. (C. Press, Ed.). 1st Ed. Boca Raton, FL.",,"/h2P7iNCFob6MrtXvZ/0KV0VExqkPzVY","/h2P7iNCFob6MrtXvZ/0KV0VExqkPzVY","Cymindis sp. Looks like C. planipennis in in BYU collection. Body dark rufous with legs and lateral margins of protum and elytra testaceous| shoulder macula not always well defined| intervals of elytral irregularly biserately punctate| elytra truncate| un"
"7858c308-b4b8-4f19-b431-958850bb78dd","MOAB_007.basePlot.bet","D13","MOAB","MOAB_007","N","2015-08-20","2015-09-03","2015-12-15","2015-12-15","KUrFeqpu9DsyE1EkU+ED2O3Ifgl3z73nhjQaJEhnJ2Y=","NEON.BET.D13.500262","CARSP14","Carabidae sp.","family",,"Latreille","D13.2015.MorphZE","Arnett Jr., R. H., and M. C. Thomas. 2001. American Beetles Archosemata, Myxophaga, Adephaga, Polyphaga: Staphyliniformia. 1st Vol. (C. Press, Ed.). 1st Ed. Boca Raton, FL.",,"/h2P7iNCFob6MrtXvZ/0KV0VExqkPzVY","/h2P7iNCFob6MrtXvZ/0KV0VExqkPzVY","Cymindis sp. Looks like C. planipennis in in BYU collection. Body dark rufous with legs and lateral margins of protum and elytra testaceous| shoulder macula not always well defined| intervals of elytral irregularly biserately punctate| elytra truncate| un"
"b04f0d72-48b8-4908-8821-8e9b94242236","MOAB_009.basePlot.bet","D13","MOAB","MOAB_009","N","2015-08-20","2015-09-03","2015-12-15","2015-12-15","r113m7c7xtxY5lRXoG0jknmgE73HHX/UQmDjc5PeF6E=","NEON.BET.D13.500227","CICPUN","Cicindela punctulata","species",,"Olivier",,"Pearson, D., C. B. Knisley, and C. J. Kazilek. 2006. A Field Guide to the Tiger Beetles of the United States and Canada: Identification, Natural History, and Distribution of the Cicindelidae. Oxford University Press, New York.",,"/h2P7iNCFob6MrtXvZ/0KV0VExqkPzVY","/h2P7iNCFob6MrtXvZ/0KV0VExqkPzVY",
"7cc01308-0542-4fd6-af39-ff7dc402ab0a","MOAB_001.basePlot.bet","D13","MOAB","MOAB_001","N","2015-08-20","2015-09-03","2015-12-15","2015-12-15","hc7nq0q3kZKdApCXVXaqWbLhB+u7ubsGYbECXFhrAMc=","NEON.BET.D13.500270","CICPUN","Cicindela punctulata","species",,"Olivier",,"Pearson, D., C. B. Knisley, and C. J. Kazilek. 2006. A Field Guide to the Tiger Beetles of the United States and Canada: Identification, Natural History, and Distribution of the Cicindelidae. Oxford University Press, New York.",,"/h2P7iNCFob6MrtXvZ/0KV0VExqkPzVY","/h2P7iNCFob6MrtXvZ/0KV0VExqkPzVY",
"b33da60a-1424-4514-acb3-b96e677d5150","MOAB_001.basePlot.bet","D13","MOAB","MOAB_001","N","2015-08-20","2015-09-03","2015-12-15","2015-12-15","hc7nq0q3kZKdApCXVXaqWbLhB+u7ubsGYbECXFhrAMc=","NEON.BET.D13.500269","CICPUN","Cicindela punctulata","species",,"Olivier",,"Pearson, D., C. B. Knisley, and C. J. Kazilek. 2006. A Field Guide to the Tiger Beetles of the United States and Canada: Identification, Natural History, and Distribution of the Cicindelidae. Oxford University Press, New York.",,"/h2P7iNCFob6MrtXvZ/0KV0VExqkPzVY","/h2P7iNCFob6MrtXvZ/0KV0VExqkPzVY",
"40adf7c4-c8be-4457-ad58-36da098eca8b","MOAB_010.basePlot.bet","D13","MOAB","MOAB_010","N","2015-08-20","2015-09-03","2015-12-15","2015-12-15","ey84eokAkd6i6GieP6/BClzaOp2mgAEcY1fCHCyDJis=","NEON.BET.D13.500229","CICPUN","Cicindela punctulata","species",,"Olivier",,"Pearson, D., C. B. Knisley, and C. J. Kazilek. 2006. A Field Guide to the Tiger Beetles of the United States and Canada: Identification, Natural History, and Distribution of the Cicindelidae. Oxford University Press, New York.",,"/h2P7iNCFob6MrtXvZ/0KV0VExqkPzVY","/h2P7iNCFob6MrtXvZ/0KV0VExqkPzVY",
"818576a0-9aa6-45d4-acd7-65986430ff4f","MOAB_007.basePlot.bet","D13","MOAB","MOAB_007","N","2015-08-20","2015-09-03","2015-12-15","2015-12-15","KUrFeqpu9DsyE1EkU+ED2O3Ifgl3z73nhjQaJEhnJ2Y=","NEON.BET.D13.500255","CARSP14","Carabidae sp.","family",,"Latreille","D13.2015.MorphZE","Arnett Jr., R. H., and M. C. Thomas. 2001. American Beetles Archosemata, Myxophaga, Adephaga, Polyphaga: Staphyliniformia. 1st Vol. (C. Press, Ed.). 1st Ed. Boca Raton, FL.",,"/h2P7iNCFob6MrtXvZ/0KV0VExqkPzVY","/h2P7iNCFob6MrtXvZ/0KV0VExqkPzVY","Cymindis sp. Looks like C. planipennis in in BYU collection. Body dark rufous with legs and lateral margins of protum and elytra testaceous| shoulder macula not always well defined| intervals of elytral irregularly biserately punctate| elytra truncate| un"
"ffc46732-ac03-4ec2-87fe-024853bf6131","MOAB_010.basePlot.bet","D13","MOAB","MOAB_010","S","2015-08-20","2015-09-03","2015-12-15","2015-12-15","ey84eokAkd7g+RBPrOmApXZoRz/Psf9zfFi2cv8cXEk=","NEON.BET.D13.500234","CICPUN","Cicindela punctulata","species",,"Olivier",,"Pearson, D., C. B. Knisley, and C. J. Kazilek. 2006. A Field Guide to the Tiger Beetles of the United States and Canada: Identification, Natural History, and Distribution of the Cicindelidae. Oxford University Press, New York.",,"/h2P7iNCFob6MrtXvZ/0KV0VExqkPzVY","/h2P7iNCFob6MrtXvZ/0KV0VExqkPzVY",
"96a9dc19-0979-41cc-9e3e-d8d26d908552","MOAB_010.basePlot.bet","D13","MOAB","MOAB_010","S","2015-08-20","2015-09-03","2015-12-15","2015-12-15","ey84eokAkd7g+RBPrOmApXZoRz/Psf9zfFi2cv8cXEk=","NEON.BET.D13.500233","CICPUN","Cicindela punctulata","species",,"Olivier",,"Pearson, D., C. B. Knisley, and C. J. Kazilek. 2006. A Field Guide to the Tiger Beetles of the United States and Canada: Identification, Natural History, and Distribution of the Cicindelidae. Oxford University Press, New York.",,"/h2P7iNCFob6MrtXvZ/0KV0VExqkPzVY","/h2P7iNCFob6MrtXvZ/0KV0VExqkPzVY",
"444623ae-08c4-48cb-ab93-3e9768071032","MOAB_007.basePlot.bet","D13","MOAB","MOAB_007","S","2015-08-20","2015-09-03","2015-12-15","2015-12-15","KUrFeqpu9DvtqFzkMB5u83X3foUZPdsxjjfAwrj3lVA=","NEON.BET.D13.500253","CARSP14","Carabidae sp.","family",,"Latreille","D13.2015.MorphZE","Arnett Jr., R. H., and M. C. Thomas. 2001. American Beetles Archosemata, Myxophaga, Adephaga, Polyphaga: Staphyliniformia. 1st Vol. (C. Press, Ed.). 1st Ed. Boca Raton, FL.",,"/h2P7iNCFob6MrtXvZ/0KV0VExqkPzVY","/h2P7iNCFob6MrtXvZ/0KV0VExqkPzVY","Cymindis sp. Looks like C. planipennis in in BYU collection. Body dark rufous with legs and lateral margins of protum and elytra testaceous| shoulder macula not always well defined| intervals of elytral irregularly biserately punctate| elytra truncate| un"
"fb4291e0-5684-43eb-8f8e-6cbbf4a9957f","MOAB_004.basePlot.bet","D13","MOAB","MOAB_004","S","2015-08-20","2015-09-03","2015-12-15","2015-12-15","5U7Q+xBUPVsXIUmWO96tYPclvl1KCFvb8hx/1gvX6TE=","NEON.BET.D13.500273","CICPUN","Cicindela punctulata","species",,"Olivier",,"Pearson, D., C. B. Knisley, and C. J. Kazilek. 2006. A Field Guide to the Tiger Beetles of the United States and Canada: Identification, Natural History, and Distribution of the Cicindelidae. Oxford University Press, New York.",,"/h2P7iNCFob6MrtXvZ/0KV0VExqkPzVY","/h2P7iNCFob6MrtXvZ/0KV0VExqkPzVY",
"b5f9e29e-94fa-4f64-b22d-5234ef58a46a","MOAB_004.basePlot.bet","D13","MOAB","MOAB_004","S","2015-08-20","2015-09-03","2015-12-15","2015-12-15","5U7Q+xBUPVsXIUmWO96tYPclvl1KCFvb8hx/1gvX6TE=","NEON.BET.D13.500272","CICPUN","Cicindela punctulata","species",,"Olivier",,"Pearson, D., C. B. Knisley, and C. J. Kazilek. 2006. A Field Guide to the Tiger Beetles of the United States and Canada: Identification, Natural History, and Distribution of the Cicindelidae. Oxford University Press, New York.",,"/h2P7iNCFob6MrtXvZ/0KV0VExqkPzVY","/h2P7iNCFob6MrtXvZ/0KV0VExqkPzVY",
"3004dd96-10b7-4a6f-865a-44ec54102ea4","MOAB_002.basePlot.bet","D13","MOAB","MOAB_002","S","2015-08-20","2015-09-03","2015-12-15","2015-12-15","dDZSo11ZohawgYoIepedwKA/TFV9/pRcwxJwixe4flE=","NEON.BET.D13.500242","CICPUN","Cicindela punctulata","species",,"Olivier",,"Pearson, D., C. B. Knisley, and C. J. Kazilek. 2006. A Field Guide to the Tiger Beetles of the United States and Canada: Identification, Natural History, and Distribution of the Cicindelidae. Oxford University Press, New York.",,"/h2P7iNCFob6MrtXvZ/0KV0VExqkPzVY","/h2P7iNCFob6MrtXvZ/0KV0VExqkPzVY",
"5b217c2e-e81a-4466-a9bc-5043c079b461","MOAB_001.basePlot.bet","D13","MOAB","MOAB_001","S","2015-08-20","2015-09-03","2015-12-15","2015-12-15","hc7nq0q3kZJpnnQ2oAownJ6r+Ljl5Dxxs5z89t90Kso=","NEON.BET.D13.500268","CICPUN","Cicindela punctulata","species",,"Olivier",,"Pearson, D., C. B. Knisley, and C. J. Kazilek. 2006. A Field Guide to the Tiger Beetles of the United States and Canada: Identification, Natural History, and Distribution of the Cicindelidae. Oxford University Press, New York.",,"/h2P7iNCFob6MrtXvZ/0KV0VExqkPzVY","/h2P7iNCFob6MrtXvZ/0KV0VExqkPzVY",
"c2d83318-b074-43b0-a3e3-ce784f136185","MOAB_002.basePlot.bet","D13","MOAB","MOAB_002","S","2015-08-20","2015-09-03","2015-12-15","2015-12-15","dDZSo11ZohawgYoIepedwKA/TFV9/pRcwxJwixe4flE=","NEON.BET.D13.500241","CICPUN","Cicindela punctulata","species",,"Olivier",,"Pearson, D., C. B. Knisley, and C. J. Kazilek. 2006. A Field Guide to the Tiger Beetles of the United States and Canada: Identification, Natural History, and Distribution of the Cicindelidae. Oxford University Press, New York.",,"/h2P7iNCFob6MrtXvZ/0KV0VExqkPzVY","/h2P7iNCFob6MrtXvZ/0KV0VExqkPzVY",
"bffc2513-82fd-435a-902d-51650fddf602","MOAB_001.basePlot.bet","D13","MOAB","MOAB_001","W","2015-08-20","2015-09-03","2015-12-15","2015-12-15","hc7nq0q3kZJXrc+I7AKhBkr5DsQW/vXoO9UxeEe65Rk=","NEON.BET.D13.500264","CICPUN","Cicindela punctulata","species",,"Olivier",,"Pearson, D., C. B. Knisley, and C. J. Kazilek. 2006. A Field Guide to the Tiger Beetles of the United States and Canada: Identification, Natural History, and Distribution of the Cicindelidae. Oxford University Press, New York.",,"/h2P7iNCFob6MrtXvZ/0KV0VExqkPzVY","/h2P7iNCFob6MrtXvZ/0KV0VExqkPzVY",
"38519750-f5b4-4d4c-832e-6590cd3ddb1d","MOAB_005.basePlot.bet","D13","MOAB","MOAB_005","W","2015-08-20","2015-09-03","2015-12-15","2015-12-15","dErP7UpuKYumuf3kDH7eteQp+JJtKyAoE4oVAybljhU=","NEON.BET.D13.500235","CICPUN","Cicindela punctulata","species",,"Olivier",,"Pearson, D., C. B. Knisley, and C. J. Kazilek. 2006. A Field Guide to the Tiger Beetles of the United States and Canada: Identification, Natural History, and Distribution of the Cicindelidae. Oxford University Press, New York.",,"/h2P7iNCFob6MrtXvZ/0KV0VExqkPzVY","/h2P7iNCFob6MrtXvZ/0KV0VExqkPzVY",
"6d5bc2f7-d8da-4bbe-a74a-da30833c9317","MOAB_005.basePlot.bet","D13","MOAB","MOAB_005","W","2015-08-20","2015-09-03","2015-12-15","2015-12-15","dErP7UpuKYumuf3kDH7eteQp+JJtKyAoE4oVAybljhU=","NEON.BET.D13.500236","CICPUN","Cicindela punctulata","species",,"Olivier",,"Pearson, D., C. B. Knisley, and C. J. Kazilek. 2006. A Field Guide to the Tiger Beetles of the United States and Canada: Identification, Natural History, and Distribution of the Cicindelidae. Oxford University Press, New York.",,"/h2P7iNCFob6MrtXvZ/0KV0VExqkPzVY","/h2P7iNCFob6MrtXvZ/0KV0VExqkPzVY",
"0fcf1d85-6869-4aa5-9ffe-26017298fce7","MOAB_004.basePlot.bet","D13","MOAB","MOAB_004","W","2015-08-20","2015-09-03","2015-12-15","2015-12-15","5U7Q+xBUPVsr/jfDgdu3KxosC0FsKXBHgFR1bZ44/Ps=","NEON.BET.D13.500274","CICPUN","Cicindela punctulata","species",,"Olivier",,"Pearson, D., C. B. Knisley, and C. J. Kazilek. 2006. A Field Guide to the Tiger Beetles of the United States and Canada: Identification, Natural History, and Distribution of the Cicindelidae. Oxford University Press, New York.",,"/h2P7iNCFob6MrtXvZ/0KV0VExqkPzVY","/h2P7iNCFob6MrtXvZ/0KV0VExqkPzVY",
"fdddb9ca-189b-4f63-a379-960364d419eb","MOAB_007.basePlot.bet","D13","MOAB","MOAB_007","W","2015-08-20","2015-09-03","2015-12-15","2015-12-15","KUrFeqpu9Dt8faGCZrnLWVF9ld9ZDJJOEhqY5kmU8qY=","NEON.BET.D13.500252","CARSP14","Carabidae sp.","family",,"Latreille","D13.2015.MorphZE","Arnett Jr., R. H., and M. C. Thomas. 2001. American Beetles Archosemata, Myxophaga, Adephaga, Polyphaga: Staphyliniformia. 1st Vol. (C. Press, Ed.). 1st Ed. Boca Raton, FL.",,"/h2P7iNCFob6MrtXvZ/0KV0VExqkPzVY","/h2P7iNCFob6MrtXvZ/0KV0VExqkPzVY","Cymindis sp. Looks like C. planipennis in in BYU collection. Body dark rufous with legs and lateral margins of protum and elytra testaceous| shoulder macula not always well defined| intervals of elytral irregularly biserately punctate| elytra truncate| un"
"e0bfe962-7591-4daf-9ef7-e3643689b710","MOAB_007.basePlot.bet","D13","MOAB","MOAB_007","W","2015-08-20","2015-09-03","2015-12-15","2015-12-15","KUrFeqpu9Dt8faGCZrnLWVF9ld9ZDJJOEhqY5kmU8qY=","NEON.BET.D13.500249","CARSP14","Carabidae sp.","family",,"Latreille","D13.2015.MorphZE","Arnett Jr., R. H., and M. C. Thomas. 2001. American Beetles Archosemata, Myxophaga, Adephaga, Polyphaga: Staphyliniformia. 1st Vol. (C. Press, Ed.). 1st Ed. Boca Raton, FL.",,"/h2P7iNCFob6MrtXvZ/0KV0VExqkPzVY","/h2P7iNCFob6MrtXvZ/0KV0VExqkPzVY","Cymindis sp. Looks like C. planipennis in in BYU collection. Body dark rufous with legs and lateral margins of protum and elytra testaceous| shoulder macula not always well defined| intervals of elytral irregularly biserately punctate| elytra truncate| un"
"6c47527b-da57-457a-83d1-cde8cad67ac2","MOAB_007.basePlot.bet","D13","MOAB","MOAB_007","W","2015-08-20","2015-09-03","2015-12-15","2015-12-15","KUrFeqpu9Dt8faGCZrnLWVF9ld9ZDJJOEhqY5kmU8qY=","NEON.BET.D13.500251","CARSP14","Carabidae sp.","family",,"Latreille","D13.2015.MorphZE","Arnett Jr., R. H., and M. C. Thomas. 2001. American Beetles Archosemata, Myxophaga, Adephaga, Polyphaga: Staphyliniformia. 1st Vol. (C. Press, Ed.). 1st Ed. Boca Raton, FL.",,"/h2P7iNCFob6MrtXvZ/0KV0VExqkPzVY","/h2P7iNCFob6MrtXvZ/0KV0VExqkPzVY","Cymindis sp. Looks like C. planipennis in in BYU collection. Body dark rufous with legs and lateral margins of protum and elytra testaceous| shoulder macula not always well defined| intervals of elytral irregularly biserately punctate| elytra truncate| un"
"afe9b739-fbb1-4137-a2aa-0ea429b3bc5c","MOAB_009.basePlot.bet","D13","MOAB","MOAB_009","W","2015-08-20","2015-09-03","2015-12-15","2015-12-15","r113m7c7xtw25pJDxhdj2E65EpRMgCv5HG2WD/a4XYE=","NEON.BET.D13.500224","CICPUN","Cicindela punctulata","species",,"Olivier",,"Pearson, D., C. B. Knisley, and C. J. Kazilek. 2006. A Field Guide to the Tiger Beetles of the United States and Canada: Identification, Natural History, and Distribution of the Cicindelidae. Oxford University Press, New York.",,"/h2P7iNCFob6MrtXvZ/0KV0VExqkPzVY","/h2P7iNCFob6MrtXvZ/0KV0VExqkPzVY",
"fd62f913-3551-41c6-a846-3fed9f1922d6","MOAB_009.basePlot.bet","D13","MOAB","MOAB_009","W","2015-08-20","2015-09-03","2015-12-15","2015-12-15","r113m7c7xtw25pJDxhdj2E65EpRMgCv5HG2WD/a4XYE=","NEON.BET.D13.500225","CICPUN","Cicindela punctulata","species",,"Olivier",,"Pearson, D., C. B. Knisley, and C. J. Kazilek. 2006. A Field Guide to the Tiger Beetles of the United States and Canada: Identification, Natural History, and Distribution of the Cicindelidae. Oxford University Press, New York.",,"/h2P7iNCFob6MrtXvZ/0KV0VExqkPzVY","/h2P7iNCFob6MrtXvZ/0KV0VExqkPzVY",
"90613637-ac34-4c10-a482-d74a73743bf2","MOAB_002.basePlot.bet","D13","MOAB","MOAB_002","W","2015-08-20","2015-09-03","2015-12-15","2015-12-15","dDZSo11ZohZrMC7gZYpV7gP01yo44/i/u3XAY2Q1T+0=","NEON.BET.D13.500245","CICPUN","Cicindela punctulata","species",,"Olivier",,"Pearson, D., C. B. Knisley, and C. J. Kazilek. 2006. A Field Guide to the Tiger Beetles of the United States and Canada: Identification, Natural History, and Distribution of the Cicindelidae. Oxford University Press, New York.",,"/h2P7iNCFob6MrtXvZ/0KV0VExqkPzVY","/h2P7iNCFob6MrtXvZ/0KV0VExqkPzVY",
"11cc141b-942d-4d3c-89ef-b522ab5b686b","MOAB_002.basePlot.bet","D13","MOAB","MOAB_002","W","2015-08-20","2015-09-03","2015-12-15","2015-12-15","dDZSo11ZohZrMC7gZYpV7gP01yo44/i/u3XAY2Q1T+0=","NEON.BET.D13.500246","CICPUN","Cicindela punctulata","species",,"Olivier",,"Pearson, D., C. B. Knisley, and C. J. Kazilek. 2006. A Field Guide to the Tiger Beetles of the United States and Canada: Identification, Natural History, and Distribution of the Cicindelidae. Oxford University Press, New York.",,"/h2P7iNCFob6MrtXvZ/0KV0VExqkPzVY","/h2P7iNCFob6MrtXvZ/0KV0VExqkPzVY",
"c29f62f0-a079-4b89-aaca-a1ffbd38a8ad","MOAB_001.basePlot.bet","D13","MOAB","MOAB_001","W","2015-08-20","2015-09-03","2015-12-15","2015-12-15","hc7nq0q3kZJXrc+I7AKhBkr5DsQW/vXoO9UxeEe65Rk=","NEON.BET.D13.500265","CICPUN","Cicindela punctulata","species",,"Olivier",,"Pearson, D., C. B. Knisley, and C. J. Kazilek. 2006. A Field Guide to the Tiger Beetles of the United States and Canada: Identification, Natural History, and Distribution of the Cicindelidae. Oxford University Press, New York.",,"/h2P7iNCFob6MrtXvZ/0KV0VExqkPzVY","/h2P7iNCFob6MrtXvZ/0KV0VExqkPzVY",
"b3d871fa-3095-43bb-b8d9-b5ed03735269","MOAB_010.basePlot.bet","D13","MOAB","MOAB_010","E","2015-08-20","2015-09-03","2015-12-15","2015-12-15","ey84eokAkd7pSJq1KB1Aeu4HrMZGi7WB3/88iHmsXiU=","NEON.BET.D13.500232","CICPUN","Cicindela punctulata","species",,"Olivier",,"Pearson, D., C. B. Knisley, and C. J. Kazilek. 2006. A Field Guide to the Tiger Beetles of the United States and Canada: Identification, Natural History, and Distribution of the Cicindelidae. Oxford University Press, New York.",,"/h2P7iNCFob6MrtXvZ/0KV0VExqkPzVY","/h2P7iNCFob6MrtXvZ/0KV0VExqkPzVY",
"6023bea9-4928-4e56-a5a9-765530de3a72","MOAB_006.basePlot.bet","D13","MOAB","MOAB_006","E","2015-09-03","2015-09-17","2015-12-16","2015-12-16","W12PQsnHiUgp8HIXP91Iw+Zuk7NBdv7yAs/Yd9uXE7w=","NEON.BET.D13.500284","CARSP14","Carabidae sp.","family",,"Latreille","D13.2015.MorphZB","Arnett Jr., R. H., and M. C. Thomas. 2001. American Beetles Archosemata, Myxophaga, Adephaga, Polyphaga: Staphyliniformia. 1st Vol. (C. Press, Ed.). 1st Ed. Boca Raton, FL.",,"/h2P7iNCFob6MrtXvZ/0KV0VExqkPzVY","/h2P7iNCFob6MrtXvZ/0KV0VExqkPzVY","Selenophorus sp. Elytron stria 2,5, and 7 with row of fine setigeuous punctures, setae short| elytra with parascutellar stria| front tibia with fewer than 6 spines apically on outer margin| uniformly black in color."
"4f8bd56c-456c-400e-8cf7-24c9610124f2","MOAB_002.basePlot.bet","D13","MOAB","MOAB_002","E","2015-09-03","2015-09-17","2015-12-16","2015-12-16","dDZSo11ZohYgxfVamv0+qNML5cFl2nVs9KrFtvP/oB8=","NEON.BET.D13.500299","CICPUN","Cicindela punctulata","species",,"Olivier",,"Pearson, D., C. B. Knisley, and C. J. Kazilek. 2006. A Field Guide to the Tiger Beetles of the United States and Canada: Identification, Natural History, and Distribution of the Cicindelidae. Oxford University Press, New York.",,"/h2P7iNCFob6MrtXvZ/0KV0VExqkPzVY","/h2P7iNCFob6MrtXvZ/0KV0VExqkPzVY",
"659f4093-f4f3-49f9-90ed-92177bbb344d","MOAB_007.basePlot.bet","D13","MOAB","MOAB_007","E","2015-09-03","2015-09-17","2015-12-16","2015-12-16","KUrFeqpu9DtwEQQ6Xed72bWnmDJqzQRAMX53kYLq50k=","NEON.BET.D13.500296","CARSP14","Carabidae sp.","family",,"Latreille","D13.2015.MorphZE","Lindroth, C. H. 1969. The ground-beetles (Carabidae, excl. Cicindelinae) of Canada and Alaska, parts 1-6. Opuscula E. Entomoligiska Sallskapet.",,"/h2P7iNCFob6MrtXvZ/0KV0VExqkPzVY","/h2P7iNCFob6MrtXvZ/0KV0VExqkPzVY","Cymindis sp. Looks like C. planipennis in in BYU collection. Body dark rufous with legs and lateral margins of protum and elytra testaceous| shoulder macula not always well defined| intervals of elytral irregularly biserately punctate| elytra truncate| un"
"eb8ea106-233c-4fe1-b09b-151498ffd2db","MOAB_007.basePlot.bet","D13","MOAB","MOAB_007","E","2015-09-03","2015-09-17","2015-12-16","2015-12-16","KUrFeqpu9DtwEQQ6Xed72bWnmDJqzQRAMX53kYLq50k=","NEON.BET.D13.500297","CARSP14","Carabidae sp.","family",,"Latreille","D13.2015.MorphZE","Lindroth, C. H. 1969. The ground-beetles (Carabidae, excl. Cicindelinae) of Canada and Alaska, parts 1-6. Opuscula E. Entomoligiska Sallskapet.",,"/h2P7iNCFob6MrtXvZ/0KV0VExqkPzVY","/h2P7iNCFob6MrtXvZ/0KV0VExqkPzVY","Cymindis sp. Looks like C. planipennis in in BYU collection. Body dark rufous with legs and lateral margins of protum and elytra testaceous| shoulder macula not always well defined| intervals of elytral irregularly biserately punctate| elytra truncate| un"
"fa5a07a9-7c28-4c31-ad5a-376eb5f83852","MOAB_004.basePlot.bet","D13","MOAB","MOAB_004","E","2015-09-03","2015-09-17","2015-12-16","2015-12-16","5U7Q+xBUPVsSDJOcrxTU0RUXZstVb8eohP6gKougE6s=","NEON.BET.D13.500290","HARRET","Harpalus retractus","species","cf. species","LeConte",,"Lindroth, C. H. 1969. The ground-beetles (Carabidae, excl. Cicindelinae) of Canada and Alaska, parts 1-6. Opuscula E. Entomoligiska Sallskapet.",,"/h2P7iNCFob6MrtXvZ/0KV0VExqkPzVY","/h2P7iNCFob6MrtXvZ/0KV0VExqkPzVY",
"047ff508-f7ab-439d-b16a-8c549e9c49e9","MOAB_011.basePlot.bet","D13","MOAB","MOAB_011","N","2015-09-03","2015-09-17","2015-12-16","2015-12-16","fmrsV+TmgPAFAXr/qoVRUX1ZFqGwcebeyivG5Rid45s=","NEON.BET.D13.500287","CICPUN","Cicindela punctulata","species",,"Olivier",,"Pearson, D., C. B. Knisley, and C. J. Kazilek. 2006. A Field Guide to the Tiger Beetles of the United States and Canada: Identification, Natural History, and Distribution of the Cicindelidae. Oxford University Press, New York.",,"/h2P7iNCFob6MrtXvZ/0KV0VExqkPzVY","/h2P7iNCFob6MrtXvZ/0KV0VExqkPzVY",
"941425bc-3085-495a-b4be-5031ce393a81","MOAB_002.basePlot.bet","D13","MOAB","MOAB_002","N","2015-09-03","2015-09-17","2015-12-16","2015-12-16","dDZSo11Zohb4F7SqqYXHIeyKoH8nsdn4RYfl5iQ1a/Q=","NEON.BET.D13.500298","CICPUN","Cicindela punctulata","species",,"Olivier",,"Pearson, D., C. B. Knisley, and C. J. Kazilek. 2006. A Field Guide to the Tiger Beetles of the United States and Canada: Identification, Natural History, and Distribution of the Cicindelidae. Oxford University Press, New York.",,"/h2P7iNCFob6MrtXvZ/0KV0VExqkPzVY","/h2P7iNCFob6MrtXvZ/0KV0VExqkPzVY",
"e15de2fe-b7ce-4bc2-87e7-8bea1bad648b","MOAB_010.basePlot.bet","D13","MOAB","MOAB_010","N","2015-09-03","2015-09-17","2015-12-16","2015-12-16","ey84eokAkd6i6GieP6/BCrn7qFK58rOqoARbiezajxU=","NEON.BET.D13.500283","CICPUN","Cicindela punctulata","species",,"Olivier",,"Pearson, D., C. B. Knisley, and C. J. Kazilek. 2006. A Field Guide to the Tiger Beetles of the United States and Canada: Identification, Natural History, and Distribution of the Cicindelidae. Oxford University Press, New York.",,"/h2P7iNCFob6MrtXvZ/0KV0VExqkPzVY","/h2P7iNCFob6MrtXvZ/0KV0VExqkPzVY",
"2137f49e-987f-4023-a49b-8c63dfda03a5","MOAB_004.basePlot.bet","D13","MOAB","MOAB_004","N","2015-09-03","2015-09-17","2015-12-16","2015-12-16","5U7Q+xBUPVubZFy6L9dNCQgFEC6qk5kvqm1FfG3TzvE=","NEON.BET.D13.500289","CICPUN","Cicindela punctulata","species",,"Olivier",,"Pearson, D., C. B. Knisley, and C. J. Kazilek. 2006. A Field Guide to the Tiger Beetles of the United States and Canada: Identification, Natural History, and Distribution of the Cicindelidae. Oxford University Press, New York.",,"/h2P7iNCFob6MrtXvZ/0KV0VExqkPzVY","/h2P7iNCFob6MrtXvZ/0KV0VExqkPzVY",
"2b96b080-c1bc-4d51-8abd-74e21d29c04f","MOAB_009.basePlot.bet","D13","MOAB","MOAB_009","N","2015-09-03","2015-09-17","2015-12-16","2015-12-16","r113m7c7xtxY5lRXoG0jks2h2xnTMzh3OleQmb/1ufE=","NEON.BET.D13.500292","HARCOR","Harpalus cordatus","species","cf. species","LeConte",,"Arnett Jr., R. H., and M. C. Thomas. 2001. American Beetles Archosemata, Myxophaga, Adephaga, Polyphaga: Staphyliniformia. 1st Vol. (C. Press, Ed.). 1st Ed. Boca Raton, FL.",,"/h2P7iNCFob6MrtXvZ/0KV0VExqkPzVY","/h2P7iNCFob6MrtXvZ/0KV0VExqkPzVY",
"9ccdc39d-bfb5-4c8c-97b8-07f4994b989a","MOAB_005.basePlot.bet","D13","MOAB","MOAB_005","N","2015-09-03","2015-09-17","2015-12-16","2015-12-16","dErP7UpuKYsG5DJNuEWuRHEuEjlwADozzFt8yvH2CRM=","NEON.BET.D13.500275","CICPUN","Cicindela punctulata","species",,"Olivier",,"Pearson, D., C. B. Knisley, and C. J. Kazilek. 2006. A Field Guide to the Tiger Beetles of the United States and Canada: Identification, Natural History, and Distribution of the Cicindelidae. Oxford University Press, New York.",,"/h2P7iNCFob6MrtXvZ/0KV0VExqkPzVY","/h2P7iNCFob6MrtXvZ/0KV0VExqkPzVY",
"346b2108-d788-4601-bd45-c86e8abc638d","MOAB_010.basePlot.bet","D13","MOAB","MOAB_010","N","2015-09-03","2015-09-17","2015-12-16","2015-12-16","ey84eokAkd6i6GieP6/BCrn7qFK58rOqoARbiezajxU=","NEON.BET.D13.500282","CICPUN","Cicindela punctulata","species",,"Olivier",,"Pearson, D., C. B. Knisley, and C. J. Kazilek. 2006. A Field Guide to the Tiger Beetles of the United States and Canada: Identification, Natural History, and Distribution of the Cicindelidae. Oxford University Press, New York.",,"/h2P7iNCFob6MrtXvZ/0KV0VExqkPzVY","/h2P7iNCFob6MrtXvZ/0KV0VExqkPzVY",
"0cd25203-ebc3-4771-9ca7-c3f07aa07c65","MOAB_006.basePlot.bet","D13","MOAB","MOAB_006","S","2015-09-03","2015-09-17","2015-12-16","2015-12-16","W12PQsnHiUi5avsn7tVLTt9PwH6qAGNym0R3HUnePbM=","NEON.BET.D13.500286","PIOSET","Piosoma setosum","species",,"LeConte",,"Arnett Jr., R. H., and M. C. Thomas. 2001. American Beetles Archosemata, Myxophaga, Adephaga, Polyphaga: Staphyliniformia. 1st Vol. (C. Press, Ed.). 1st Ed. Boca Raton, FL.",,"/h2P7iNCFob6MrtXvZ/0KV0VExqkPzVY","/h2P7iNCFob6MrtXvZ/0KV0VExqkPzVY",
"8b230f97-d357-4727-ad94-5c611c92a52c","MOAB_006.basePlot.bet","D13","MOAB","MOAB_006","S","2015-09-03","2015-09-17","2015-12-16","2015-12-16","W12PQsnHiUi5avsn7tVLTt9PwH6qAGNym0R3HUnePbM=","NEON.BET.D13.500285","CARSP14","Carabidae sp.","family",,"Latreille","D13.2015.MorphZB","Arnett Jr., R. H., and M. C. Thomas. 2001. American Beetles Archosemata, Myxophaga, Adephaga, Polyphaga: Staphyliniformia. 1st Vol. (C. Press, Ed.). 1st Ed. Boca Raton, FL.",,"/h2P7iNCFob6MrtXvZ/0KV0VExqkPzVY","/h2P7iNCFob6MrtXvZ/0KV0VExqkPzVY","Selenophorus sp. Elytron stria 2,5, and 7 with row of fine setigeuous punctures, setae short| elytra with parascutellar stria| front tibia with fewer than 6 spines apically on outer margin| uniformly black in color."
"b231d3f1-1c03-4216-ae5d-6955158f39cf","MOAB_005.basePlot.bet","D13","MOAB","MOAB_005","S","2015-09-03","2015-09-17","2015-12-16","2015-12-16","dErP7UpuKYu0BOno+Bn5qcLxOYYV8WP+j0OodJqklBw=","NEON.BET.D13.500276","CARSP14","Carabidae sp.","family",,"Latreille","D13.2015.MorphZF","Lindroth, C. H. 1969. The ground-beetles (Carabidae, excl. Cicindelinae) of Canada and Alaska, parts 1-6. Opuscula E. Entomoligiska Sallskapet.",,"/h2P7iNCFob6MrtXvZ/0KV0VExqkPzVY","/h2P7iNCFob6MrtXvZ/0KV0VExqkPzVY","Amara sp. Punctuation on base of pronotum in form of of large pits darker in color than surrounding surface| last two apical setigerous punctures on lateral margin of elytra are evenly spaced relative to rest of row."
"6fb83426-4e69-45b9-bbc7-6c61fdacedd2","MOAB_004.basePlot.bet","D13","MOAB","MOAB_004","S","2015-09-03","2015-09-17","2015-12-16","2015-12-16","5U7Q+xBUPVsXIUmWO96tYI784ZuA4u8LuFrEExY/VKo=","NEON.BET.D13.500288","CARSP14","Carabidae sp.","family",,"Latreille","D13.2015.MorphZB","Arnett Jr., R. H., and M. C. Thomas. 2001. American Beetles Archosemata, Myxophaga, Adephaga, Polyphaga: Staphyliniformia. 1st Vol. (C. Press, Ed.). 1st Ed. Boca Raton, FL.",,"/h2P7iNCFob6MrtXvZ/0KV0VExqkPzVY","/h2P7iNCFob6MrtXvZ/0KV0VExqkPzVY","Selenophorus sp. Elytron stria 2,5, and 7 with row of fine setigeuous punctures, setae short| elytra with parascutellar stria| front tibia with fewer than 6 spines apically on outer margin| uniformly black in color."
"f8497684-525d-4b5a-9d5a-75caf3174216","MOAB_009.basePlot.bet","D13","MOAB","MOAB_009","S","2015-09-03","2015-09-17","2015-12-16","2015-12-16","r113m7c7xtyAldjOxBbFm485O77ORqTlczQALhFm8eY=","NEON.BET.D13.500293","CARSP14","Carabidae sp.","family",,"Latreille","D13.2015.MorphZB","Arnett Jr., R. H., and M. C. Thomas. 2001. American Beetles Archosemata, Myxophaga, Adephaga, Polyphaga: Staphyliniformia. 1st Vol. (C. Press, Ed.). 1st Ed. Boca Raton, FL.",,"/h2P7iNCFob6MrtXvZ/0KV0VExqkPzVY","/h2P7iNCFob6MrtXvZ/0KV0VExqkPzVY","Selenophorus sp. Elytron stria 2,5, and 7 with row of fine setigeuous punctures, setae short| elytra with parascutellar stria| front tibia with fewer than 6 spines apically on outer margin| uniformly black in color."
"348162b9-8c65-44bb-9668-8f462ed1cb25","MOAB_010.basePlot.bet","D13","MOAB","MOAB_010","S","2015-09-03","2015-09-17","2015-12-16","2015-12-16","ey84eokAkd7g+RBPrOmApVucxLxZFUAlt+t8U0M+krw=","NEON.BET.D13.500281","CICPUN","Cicindela punctulata","species",,"Olivier",,"Pearson, D., C. B. Knisley, and C. J. Kazilek. 2006. A Field Guide to the Tiger Beetles of the United States and Canada: Identification, Natural History, and Distribution of the Cicindelidae. Oxford University Press, New York.",,"/h2P7iNCFob6MrtXvZ/0KV0VExqkPzVY","/h2P7iNCFob6MrtXvZ/0KV0VExqkPzVY",
"051f44b9-742c-481a-93bb-224786ad75bd","MOAB_007.basePlot.bet","D13","MOAB","MOAB_007","S","2015-09-03","2015-09-17","2015-12-16","2015-12-16","KUrFeqpu9DvtqFzkMB5u879cP7AypA2vUfDH6RiYkiE=","NEON.BET.D13.500295","CARSP14","Carabidae sp.","family",,"Latreille","D13.2015.MorphZE","Lindroth, C. H. 1969. The ground-beetles (Carabidae, excl. Cicindelinae) of Canada and Alaska, parts 1-6. Opuscula E. Entomoligiska Sallskapet.",,"/h2P7iNCFob6MrtXvZ/0KV0VExqkPzVY","/h2P7iNCFob6MrtXvZ/0KV0VExqkPzVY","Cymindis sp. Looks like C. planipennis in in BYU collection. Body dark rufous with legs and lateral margins of protum and elytra testaceous| shoulder macula not always well defined| intervals of elytral irregularly biserately punctate| elytra truncate| un"
"68cbf428-a859-4d44-b94c-aad030ea1b71","MOAB_010.basePlot.bet","D13","MOAB","MOAB_010","S","2015-09-03","2015-09-17","2015-12-16","2015-12-16","ey84eokAkd7g+RBPrOmApVucxLxZFUAlt+t8U0M+krw=","NEON.BET.D13.500280","CICPUN","Cicindela punctulata","species",,"Olivier",,"Pearson, D., C. B. Knisley, and C. J. Kazilek. 2006. A Field Guide to the Tiger Beetles of the United States and Canada: Identification, Natural History, and Distribution of the Cicindelidae. Oxford University Press, New York.",,"/h2P7iNCFob6MrtXvZ/0KV0VExqkPzVY","/h2P7iNCFob6MrtXvZ/0KV0VExqkPzVY",
"f21c0fb0-6d16-49bc-9338-6e987a031c17","MOAB_010.basePlot.bet","D13","MOAB","MOAB_010","S","2015-09-03","2015-09-17","2015-12-16","2015-12-16","ey84eokAkd7g+RBPrOmApVucxLxZFUAlt+t8U0M+krw=","NEON.BET.D13.500279","CARSP14","Carabidae sp.","family",,"Latreille","D13.2015.MorphZB","Arnett Jr., R. H., and M. C. Thomas. 2001. American Beetles Archosemata, Myxophaga, Adephaga, Polyphaga: Staphyliniformia. 1st Vol. (C. Press, Ed.). 1st Ed. Boca Raton, FL.",,"/h2P7iNCFob6MrtXvZ/0KV0VExqkPzVY","/h2P7iNCFob6MrtXvZ/0KV0VExqkPzVY","Selenophorus sp. Elytron stria 2,5, and 7 with row of fine setigeuous punctures, setae short| elytra with parascutellar stria| front tibia with fewer than 6 spines apically on outer margin| uniformly black in color."
"cf69f281-e68d-4278-8678-02d3e64c3175","MOAB_007.basePlot.bet","D13","MOAB","MOAB_007","W","2015-09-03","2015-09-17","2015-12-16","2015-12-16","KUrFeqpu9Dt8faGCZrnLWSXeJ7HXTQR36KcciMarBX4=","NEON.BET.D13.500294","CARSP14","Carabidae sp.","family",,"Latreille","D13.2015.MorphZE","Lindroth, C. H. 1969. The ground-beetles (Carabidae, excl. Cicindelinae) of Canada and Alaska, parts 1-6. Opuscula E. Entomoligiska Sallskapet.",,"/h2P7iNCFob6MrtXvZ/0KV0VExqkPzVY","/h2P7iNCFob6MrtXvZ/0KV0VExqkPzVY","Cymindis sp. Looks like C. planipennis in in BYU collection. Body dark rufous with legs and lateral margins of protum and elytra testaceous| shoulder macula not always well defined| intervals of elytral irregularly biserately punctate| elytra truncate| un"
"573333a7-5472-48b7-a3b7-13fcfc3ae32b","MOAB_010.basePlot.bet","D13","MOAB","MOAB_010","W","2015-09-03","2015-09-17","2015-12-16","2015-12-16","ey84eokAkd5Cp0DFClsYDm8SxCDmMHAHfq9y5aPrkkg=","NEON.BET.D13.500278","CICPUN","Cicindela punctulata","species",,"Olivier",,"Pearson, D., C. B. Knisley, and C. J. Kazilek. 2006. A Field Guide to the Tiger Beetles of the United States and Canada: Identification, Natural History, and Distribution of the Cicindelidae. Oxford University Press, New York.",,"/h2P7iNCFob6MrtXvZ/0KV0VExqkPzVY","/h2P7iNCFob6MrtXvZ/0KV0VExqkPzVY",
"c8091a09-de97-4164-b090-d7d23ac16efd","MOAB_010.basePlot.bet","D13","MOAB","MOAB_010","W","2015-09-03","2015-09-17","2015-12-16","2015-12-16","ey84eokAkd5Cp0DFClsYDm8SxCDmMHAHfq9y5aPrkkg=","NEON.BET.D13.500277","CICPUN","Cicindela punctulata","species",,"Olivier",,"Pearson, D., C. B. Knisley, and C. J. Kazilek. 2006. A Field Guide to the Tiger Beetles of the United States and Canada: Identification, Natural History, and Distribution of the Cicindelidae. Oxford University Press, New York.",,"/h2P7iNCFob6MrtXvZ/0KV0VExqkPzVY","/h2P7iNCFob6MrtXvZ/0KV0VExqkPzVY",
