uid,namedLocation,domainID,siteID,plotID,trapID,setDate,collectDate,processingDate,etOHChangeDate,identifiedDate,sampleID,subsampleID,sampleType,taxonID,scientificName,taxonRank,identificationQualifier,scientificNameAuthorship,morphospeciesID,individualCount,identificationReferences,identifiedBy,recordedBy,remarks
"3295644c-5ced-41c8-a618-666c31f5bfb7","MOAB_010.basePlot.bet","D13","MOAB","MOAB_010","W","2015-08-20","2015-09-03","2015-09-04","2015-09-04",,"MOAB_010.W.20150903","ey84eokAkd5Cp0DFClsYDoea6MfIXbP44VnZuWdJoVw=","invert bycatch",,,,,,,,,,"wGVKqNu5xeXKCqkJVSQ93bpoR9cNPKGrbDACuKYLaxs=",
"c4291f22-8124-441b-a7e7-a9b5dacc9ca3","MOAB_011.basePlot.bet","D13","MOAB","MOAB_011","W","2015-08-20","2015-09-03","2015-09-04","2015-09-04","2015-12-09","MOAB_011.W.20150903","fmrsV+TmgPCKHJQ7+4pUd2+gg1fALakkR4llQc8Xrhk=","vert bycatch herp","SCELSP","Sceloporus sp.","genus",,,,1,"Jones, L. J. and R. Lovich. 2009. Lizards of the American Southwest. Rio Nuevo Publishers.","wsPgf8Zw9fJKymWy47Zkre6IykLRH3+g","/h2P7iNCFob6MrtXvZ/0KV0VExqkPzVY","Species identification confirmed by Dr. Jack W. Sites, Jr., Curator of Herpetology at Brigham Young University in Provo, UT. Specimen(s) transferred to the BYU on 12/9/2015 in accordance with our BLM collection permit."
"4557f503-926e-40d5-8865-26855ae37511","MOAB_011.basePlot.bet","D13","MOAB","MOAB_011","W","2015-08-20","2015-09-03","2015-09-04","2015-09-04",,"MOAB_011.W.20150903","fmrsV+TmgPCKHJQ7+4pUd79+7mM5yfVaHNJ5GhDTfTc=","invert bycatch",,,,,,,,,,"/h2P7iNCFob6MrtXvZ/0KV0VExqkPzVY",
"937dea62-bb8f-4a97-9b1b-338ed9852c1b","MOAB_002.basePlot.bet","D13","MOAB","MOAB_002","W","2015-08-20","2015-09-03","2015-09-04","2015-09-04",,"MOAB_002.W.20150903","dDZSo11ZohZrMC7gZYpV7pq9ysbeq3g/nItNbqk+eQw=","invert bycatch",,,,,,,,,,"wGVKqNu5xeXKCqkJVSQ93bpoR9cNPKGrbDACuKYLaxs=",
"17af5021-6cf6-4c92-80ba-a9d02d810d4b","MOAB_002.basePlot.bet","D13","MOAB","MOAB_002","W","2015-08-20","2015-09-03","2015-09-04","2015-09-04","2015-12-15","MOAB_002.W.20150903","dDZSo11ZohZrMC7gZYpV7gP01yo44/i/u3XAY2Q1T+0=","carabid","CICPUN","Cicindela punctulata","species",,"Olivier",,10,"Pearson, D., C. B. Knisley, and C. J. Kazilek. 2006. A Field Guide to the Tiger Beetles of the United States and Canada: Identification, Natural History, and Distribution of the Cicindelidae. Oxford University Press, New York.","/h2P7iNCFob6MrtXvZ/0KV0VExqkPzVY","wGVKqNu5xeXKCqkJVSQ93bpoR9cNPKGrbDACuKYLaxs=","pinned two individuals"
"6f65c0e4-5767-40db-8aa2-f6d39f8cc7cf","MOAB_010.basePlot.bet","D13","MOAB","MOAB_010","E","2015-08-20","2015-09-03","2015-09-04","2015-09-04","2015-12-15","MOAB_010.E.20150903","ey84eokAkd7pSJq1KB1AeiWSNxmPpLXnTcmF4CU+VOk=","carabid","PIOSET","Piosoma setosum","species",,"LeConte",,1,"Lindroth, C. H. 1969. The ground-beetles (Carabidae, excl. Cicindelinae) of Canada and Alaska, parts 1-6. Opuscula E. Entomoligiska Sallskapet.","/h2P7iNCFob6MrtXvZ/0KV0VExqkPzVY","wGVKqNu5xeXKCqkJVSQ93bpoR9cNPKGrbDACuKYLaxs=","pinned"
"9fc88880-c4c8-419d-860c-6d983e3dfd43","MOAB_010.basePlot.bet","D13","MOAB","MOAB_010","E","2015-08-20","2015-09-03","2015-09-04","2015-09-04","2015-12-15","MOAB_010.E.20150903","ey84eokAkd7pSJq1KB1Aeu4HrMZGi7WB3/88iHmsXiU=","carabid","CICPUN","Cicindela punctulata","species",,"Olivier",,3,"Pearson, D., C. B. Knisley, and C. J. Kazilek. 2006. A Field Guide to the Tiger Beetles of the United States and Canada: Identification, Natural History, and Distribution of the Cicindelidae. Oxford University Press, New York.","/h2P7iNCFob6MrtXvZ/0KV0VExqkPzVY","wGVKqNu5xeXKCqkJVSQ93bpoR9cNPKGrbDACuKYLaxs=","two individuals pinned"
"cf3c6b30-5086-4ac6-827a-d53bbe63f284","MOAB_011.basePlot.bet","D13","MOAB","MOAB_011","E","2015-08-20","2015-09-03","2015-09-04","2015-09-04",,"MOAB_011.E.20150903","fmrsV+TmgPBjU7/tzdyTThc6Cru/epLale/W+Q+ICHQ=","invert bycatch",,,,,,,,,,"/h2P7iNCFob6MrtXvZ/0KV0VExqkPzVY",
"07ec9b6f-afd1-4e53-bf8e-016f6b6470e4","MOAB_011.basePlot.bet","D13","MOAB","MOAB_011","E","2015-08-20","2015-09-03","2015-09-04","2015-09-04","2015-12-15","MOAB_011.E.20150903","fmrsV+TmgPBjU7/tzdyTTkHRaKVfqRa3UueT/CDHAcw=","carabid","CICPUN","Cicindela punctulata","species",,"Olivier",,1,"Pearson, D., C. B. Knisley, and C. J. Kazilek. 2006. A Field Guide to the Tiger Beetles of the United States and Canada: Identification, Natural History, and Distribution of the Cicindelidae. Oxford University Press, New York.","/h2P7iNCFob6MrtXvZ/0KV0VExqkPzVY","/h2P7iNCFob6MrtXvZ/0KV0VExqkPzVY","pinned"
"e369acca-4e31-451a-b9a2-e083be79eef3","MOAB_002.basePlot.bet","D13","MOAB","MOAB_002","E","2015-08-20","2015-09-03","2015-09-04","2015-09-04",,"MOAB_002.E.20150903","dDZSo11ZohYgxfVamv0+qGEg4WLVM8UqpDlidGy84yQ=","carabid","CICPUN","Cicindela punctulata","species",,"Olivier",,20,"Other",,"wGVKqNu5xeXKCqkJVSQ93bpoR9cNPKGrbDACuKYLaxs=","pinned two individuals"
"59961d58-60d0-4088-95d4-fb84c812e4ef","MOAB_002.basePlot.bet","D13","MOAB","MOAB_002","E","2015-08-20","2015-09-03","2015-09-04","2015-09-04",,"MOAB_002.E.20150903","dDZSo11ZohYgxfVamv0+qHNtaKL+JFMVJx/n+kDC704=","invert bycatch",,,,,,,,,,"wGVKqNu5xeXKCqkJVSQ93bpoR9cNPKGrbDACuKYLaxs=",
"e01fa0b1-934d-4709-ba6d-2e03e60101ff","MOAB_001.basePlot.bet","D13","MOAB","MOAB_001","E","2015-08-20","2015-09-03","2015-09-04","2015-09-04","2015-12-15","MOAB_001.E.20150903","hc7nq0q3kZJNrue+OSZL6x+GVMduaS38Q5BNSC5wa40=","carabid","CICPUN","Cicindela punctulata","species",,"Olivier",,3,"Pearson, D., C. B. Knisley, and C. J. Kazilek. 2006. A Field Guide to the Tiger Beetles of the United States and Canada: Identification, Natural History, and Distribution of the Cicindelidae. Oxford University Press, New York.","/h2P7iNCFob6MrtXvZ/0KV0VExqkPzVY","/h2P7iNCFob6MrtXvZ/0KV0VExqkPzVY","pinned two individuals"
"b4cf0174-cfab-4a37-a955-fb4967836e39","MOAB_001.basePlot.bet","D13","MOAB","MOAB_001","E","2015-08-20","2015-09-03","2015-09-04","2015-09-04",,"MOAB_001.E.20150903","hc7nq0q3kZJNrue+OSZL6/ysNgVzsi3mlR8vHwijtc0=","invert bycatch",,,,,,,,,,"/h2P7iNCFob6MrtXvZ/0KV0VExqkPzVY",
"162188eb-fed0-4d74-9c3b-ca8e86e97d80","MOAB_010.basePlot.bet","D13","MOAB","MOAB_010","E","2015-08-20","2015-09-03","2015-09-04","2015-09-04",,"MOAB_010.E.20150903","ey84eokAkd7pSJq1KB1AeiY4PBUj3L7SxGMk2pcIrAI=","invert bycatch",,,,,,,,,,"wGVKqNu5xeXKCqkJVSQ93bpoR9cNPKGrbDACuKYLaxs=",
"56915aaf-94bf-49d8-98ac-1bc3bf87d16b","MOAB_007.basePlot.bet","D13","MOAB","MOAB_007","E","2015-08-20","2015-09-03","2015-09-04","2015-09-04",,"MOAB_007.E.20150903","KUrFeqpu9DtwEQQ6Xed72fCGG9FORFns4p2YMmglOFQ=","invert bycatch",,,,,,,,,,"wGVKqNu5xeXKCqkJVSQ93bpoR9cNPKGrbDACuKYLaxs=",
"280a498b-ff72-4986-a357-d4dc7120a53c","MOAB_007.basePlot.bet","D13","MOAB","MOAB_007","E","2015-08-20","2015-09-03","2015-09-04","2015-09-04","2015-12-15","MOAB_007.E.20150903","KUrFeqpu9DtwEQQ6Xed72W0mhLKyLssTL6kC6PVJNlg=","carabid","CARSP14","Carabidae sp.","family",,"Latreille","D13.2015.MorphZE",1,"Arnett Jr., R. H., and M. C. Thomas. 2001. American Beetles Archosemata, Myxophaga, Adephaga, Polyphaga: Staphyliniformia. 1st Vol. (C. Press, Ed.). 1st Ed. Boca Raton, FL.","/h2P7iNCFob6MrtXvZ/0KV0VExqkPzVY","wGVKqNu5xeXKCqkJVSQ93bpoR9cNPKGrbDACuKYLaxs=","pinned"
"975bc291-f7e6-404a-8818-2baeba4966be","MOAB_009.basePlot.bet","D13","MOAB","MOAB_009","E","2015-08-20","2015-09-03","2015-09-04","2015-09-04",,"MOAB_009.E.20150903","r113m7c7xtxtDu0HhaQPvB5MXqDBpJ4humKFnDaJ3Io=","invert bycatch",,,,,,,,,,"/h2P7iNCFob6MrtXvZ/0KV0VExqkPzVY",
"ccceb039-868a-4742-800f-7e9c7bd77276","MOAB_005.basePlot.bet","D13","MOAB","MOAB_005","E","2015-08-20","2015-09-03","2015-09-04","2015-09-04",,"MOAB_005.E.20150903","dErP7UpuKYvM0dCOAPuAKyTDkDAAHNanFVjve0c8L0A=","invert bycatch",,,,,,,,,,"wGVKqNu5xeXKCqkJVSQ93bpoR9cNPKGrbDACuKYLaxs=",
"4d408a70-8c3a-44c2-a275-f1b8bf0f0732","MOAB_005.basePlot.bet","D13","MOAB","MOAB_005","E","2015-08-20","2015-09-03","2015-09-04","2015-09-04","2015-12-15","MOAB_005.E.20150903","dErP7UpuKYvM0dCOAPuAK0BEqi9MxBaf6lyDS1HonwU=","carabid","CICPUN","Cicindela punctulata","species",,"Olivier",,2,"Pearson, D., C. B. Knisley, and C. J. Kazilek. 2006. A Field Guide to the Tiger Beetles of the United States and Canada: Identification, Natural History, and Distribution of the Cicindelidae. Oxford University Press, New York.","/h2P7iNCFob6MrtXvZ/0KV0VExqkPzVY","wGVKqNu5xeXKCqkJVSQ93bpoR9cNPKGrbDACuKYLaxs=","all pinned"
"9f5d0311-6394-4969-9ffa-2d3f41908f56","MOAB_006.basePlot.bet","D13","MOAB","MOAB_006","E","2015-08-20","2015-09-03","2015-09-04","2015-09-16",,"MOAB_006.E.20150903","W12PQsnHiUgp8HIXP91Iwz3MT4kkOWWg5LBeNs+YsuE=","invert bycatch",,,,,,,,,,"wGVKqNu5xeXKCqkJVSQ93bpoR9cNPKGrbDACuKYLaxs=",
"3888eb69-e7dc-4cac-815f-6f6f39977ef5","MOAB_003.basePlot.bet","D13","MOAB","MOAB_003","E","2015-08-20","2015-09-03","2015-09-04","2015-09-04","2015-12-15","MOAB_003.E.20150903","IyUvclCcKUa8uaeinCAlggsjDmFS+DQk28gIvq6Ruyc=","carabid","HARFRA","Harpalus fraternus","species","cf. species","LeConte",,1,"Arnett Jr., R. H., and M. C. Thomas. 2001. American Beetles Archosemata, Myxophaga, Adephaga, Polyphaga: Staphyliniformia. 1st Vol. (C. Press, Ed.). 1st Ed. Boca Raton, FL.","/h2P7iNCFob6MrtXvZ/0KV0VExqkPzVY","/h2P7iNCFob6MrtXvZ/0KV0VExqkPzVY","pinned"
"c8ca8d4c-c023-40b4-afe5-92a8b96fe4a0","MOAB_003.basePlot.bet","D13","MOAB","MOAB_003","E","2015-08-20","2015-09-03","2015-09-04","2015-09-04",,"MOAB_003.E.20150903","IyUvclCcKUa8uaeinCAlghJqnqLs39aH4bYhCtwkGBI=","invert bycatch",,,,,,,,,,"/h2P7iNCFob6MrtXvZ/0KV0VExqkPzVY",
"eaab1070-139e-475d-9a63-cb8daebdb50b","MOAB_004.basePlot.bet","D13","MOAB","MOAB_004","E","2015-08-20","2015-09-03","2015-09-04","2015-09-16",,"MOAB_004.E.20150903","5U7Q+xBUPVsSDJOcrxTU0Y1lCErIqNOPiOuAsSgbJkg=","invert bycatch",,,,,,,,,,"wGVKqNu5xeXKCqkJVSQ93bpoR9cNPKGrbDACuKYLaxs=",
"9f63ec2a-0fb2-486f-9ce9-bafb66806c10","MOAB_004.basePlot.bet","D13","MOAB","MOAB_004","N","2015-08-20","2015-09-03","2015-09-04","2015-09-16","2015-12-09","MOAB_004.N.20150903","5U7Q+xBUPVubZFy6L9dNCfb6yLaB8brwwy28NtZbWZ4=","carabid","CICPUN","Cicindela punctulata","species",,"Olivier",,1,"Jones, L. J. and R. Lovich. 2009. Lizards of the American Southwest. Rio Nuevo Publishers.","wsPgf8Zw9fJKymWy47Zkre6IykLRH3+g","wGVKqNu5xeXKCqkJVSQ93bpoR9cNPKGrbDACuKYLaxs=","Species identification confirmed by Dr. Jack W. Sites, Jr., Curator of Herpetology at Brigham Young University in Provo, UT. Specimen(s) transferred to the BYU on 12/9/2015 in accordance with our BLM collection permit."
"1e37bad9-0a5a-42f9-a39a-9e2f9eba5cf1","MOAB_005.basePlot.bet","D13","MOAB","MOAB_005","N","2015-08-20","2015-09-03","2015-09-04","2015-09-04","2015-12-15","MOAB_005.N.20150903","dErP7UpuKYsG5DJNuEWuRIqqwK3NgVbKGRKa9Ymiemw=","carabid","CICPUN","Cicindela punctulata","species",,"Olivier",,2,"Pearson, D., C. B. Knisley, and C. J. Kazilek. 2006. A Field Guide to the Tiger Beetles of the United States and Canada: Identification, Natural History, and Distribution of the Cicindelidae. Oxford University Press, New York.","/h2P7iNCFob6MrtXvZ/0KV0VExqkPzVY","wGVKqNu5xeXKCqkJVSQ93bpoR9cNPKGrbDACuKYLaxs=","all pinned"
"16ea3d60-b726-431c-a7a0-48ccb5b7a3ae","MOAB_006.basePlot.bet","D13","MOAB","MOAB_006","N","2015-08-20","2015-09-03","2015-09-04","2015-09-16",,"MOAB_006.N.20150903","W12PQsnHiUiovYxBf2LA96qAVWuj8TKfr/w7LgW5N5Q=","invert bycatch",,,,,,,,,,"wGVKqNu5xeXKCqkJVSQ93bpoR9cNPKGrbDACuKYLaxs=",
"41e98017-e7e5-4abe-9d97-d40b03ea7786","MOAB_003.basePlot.bet","D13","MOAB","MOAB_003","N","2015-08-20","2015-09-03","2015-09-04","2015-09-04","2015-12-15","MOAB_003.N.20150903","IyUvclCcKUbI+jRps7oNrUdwaCKWir41wqQu2FWCqVQ=","carabid","CARSP14","Carabidae sp.","family",,"Latreille","D13.2015.MorphZE",1,"Lindroth, C. H. 1969. The ground-beetles (Carabidae, excl. Cicindelinae) of Canada and Alaska, parts 1-6. Opuscula E. Entomoligiska Sallskapet.","/h2P7iNCFob6MrtXvZ/0KV0VExqkPzVY","/h2P7iNCFob6MrtXvZ/0KV0VExqkPzVY","pinned"
"02b3823b-4364-4299-9078-53f626d01b9b","MOAB_003.basePlot.bet","D13","MOAB","MOAB_003","N","2015-08-20","2015-09-03","2015-09-04","2015-09-04",,"MOAB_003.N.20150903","IyUvclCcKUbI+jRps7oNrd1VjthPtoAixVQ4s/gkKXg=","invert bycatch",,,,,,,,,,"/h2P7iNCFob6MrtXvZ/0KV0VExqkPzVY",
"e77ce63b-0ba6-4782-8dd3-2794322c7cc5","MOAB_004.basePlot.bet","D13","MOAB","MOAB_004","N","2015-08-20","2015-09-03","2015-09-04","2015-09-16",,"MOAB_004.N.20150903","5U7Q+xBUPVubZFy6L9dNCQs9TSpe8wZ0WPDtAQOsKF4=","invert bycatch",,,,,,,,,,"wGVKqNu5xeXKCqkJVSQ93bpoR9cNPKGrbDACuKYLaxs=",
"a9819204-a07e-4f06-b675-6beee615be50","MOAB_007.basePlot.bet","D13","MOAB","MOAB_007","N","2015-08-20","2015-09-03","2015-09-04","2015-09-04",,"MOAB_007.N.20150903","KUrFeqpu9DsyE1EkU+ED2POjWNIw7aONb5jyGXoupCs=","invert bycatch",,,,,,,,,,"wGVKqNu5xeXKCqkJVSQ93bpoR9cNPKGrbDACuKYLaxs=",
"06e55b28-8371-4104-821d-1e31b066d3d6","MOAB_009.basePlot.bet","D13","MOAB","MOAB_009","N","2015-08-20","2015-09-03","2015-09-04","2015-09-04",,"MOAB_009.N.20150903","r113m7c7xtxY5lRXoG0jkj0h7Wg2DdxMAi8BXchm65s=","invert bycatch",,,,,,,,,,"/h2P7iNCFob6MrtXvZ/0KV0VExqkPzVY",
"13fb1211-eeba-4597-bd32-f67e20cd03a8","MOAB_009.basePlot.bet","D13","MOAB","MOAB_009","N","2015-08-20","2015-09-03","2015-09-04","2015-09-04","2015-12-15","MOAB_009.N.20150903","r113m7c7xtxY5lRXoG0jknmgE73HHX/UQmDjc5PeF6E=","carabid","CICPUN","Cicindela punctulata","species",,"Olivier",,7,"Pearson, D., C. B. Knisley, and C. J. Kazilek. 2006. A Field Guide to the Tiger Beetles of the United States and Canada: Identification, Natural History, and Distribution of the Cicindelidae. Oxford University Press, New York.","/h2P7iNCFob6MrtXvZ/0KV0VExqkPzVY","/h2P7iNCFob6MrtXvZ/0KV0VExqkPzVY","pinned two individuals"
"2a0fd39d-a902-4a45-aa75-c098d3fec621","MOAB_005.basePlot.bet","D13","MOAB","MOAB_005","N","2015-08-20","2015-09-03","2015-09-04","2015-09-04",,"MOAB_005.N.20150903","dErP7UpuKYsG5DJNuEWuRHHKFpjeIp2hTt5/C8ANmaU=","invert bycatch",,,,,,,,,,"wGVKqNu5xeXKCqkJVSQ93bpoR9cNPKGrbDACuKYLaxs=",
"7b4df900-bd8e-4e55-b0a1-3136a9e4ee33","MOAB_001.basePlot.bet","D13","MOAB","MOAB_001","N","2015-08-20","2015-09-03","2015-09-04","2015-09-04","2015-12-15","MOAB_001.N.20150903","hc7nq0q3kZKdApCXVXaqWbLhB+u7ubsGYbECXFhrAMc=","carabid","CICPUN","Cicindela punctulata","species",,"Olivier",,5,"Pearson, D., C. B. Knisley, and C. J. Kazilek. 2006. A Field Guide to the Tiger Beetles of the United States and Canada: Identification, Natural History, and Distribution of the Cicindelidae. Oxford University Press, New York.","/h2P7iNCFob6MrtXvZ/0KV0VExqkPzVY","/h2P7iNCFob6MrtXvZ/0KV0VExqkPzVY","two individuals pinned"
"4d300ef8-5620-4cb5-8e3b-9280670ead92","MOAB_001.basePlot.bet","D13","MOAB","MOAB_001","N","2015-08-20","2015-09-03","2015-09-04","2015-09-04",,"MOAB_001.N.20150903","hc7nq0q3kZKdApCXVXaqWYGHhNsvNdBVhPGV7a6UIrc=","invert bycatch",,,,,,,,,,"/h2P7iNCFob6MrtXvZ/0KV0VExqkPzVY",
"974cce70-1a46-40c9-ab9c-0c1c857b1c28","MOAB_010.basePlot.bet","D13","MOAB","MOAB_010","N","2015-08-20","2015-09-03","2015-09-04","2015-09-04","2015-12-15","MOAB_010.N.20150903","ey84eokAkd6i6GieP6/BClzaOp2mgAEcY1fCHCyDJis=","carabid","CICPUN","Cicindela punctulata","species",,"Olivier",,3,"Pearson, D., C. B. Knisley, and C. J. Kazilek. 2006. A Field Guide to the Tiger Beetles of the United States and Canada: Identification, Natural History, and Distribution of the Cicindelidae. Oxford University Press, New York.","/h2P7iNCFob6MrtXvZ/0KV0VExqkPzVY","wGVKqNu5xeXKCqkJVSQ93bpoR9cNPKGrbDACuKYLaxs=","two individuals pinned"
"95dd97c1-a104-4329-b251-2e82e8b5eb4e","MOAB_007.basePlot.bet","D13","MOAB","MOAB_007","N","2015-08-20","2015-09-03","2015-09-04","2015-09-04","2015-12-15","MOAB_007.N.20150903","KUrFeqpu9DsyE1EkU+ED2O3Ifgl3z73nhjQaJEhnJ2Y=","carabid","CARSP14","Carabidae sp.","family",,"Latreille","D13.2015.MorphZE",9,"Arnett Jr., R. H., and M. C. Thomas. 2001. American Beetles Archosemata, Myxophaga, Adephaga, Polyphaga: Staphyliniformia. 1st Vol. (C. Press, Ed.). 1st Ed. Boca Raton, FL.","/h2P7iNCFob6MrtXvZ/0KV0VExqkPzVY","wGVKqNu5xeXKCqkJVSQ93bpoR9cNPKGrbDACuKYLaxs=","all pinned"
"bff2a63f-2526-4e26-bd4c-86a4b0519909","MOAB_011.basePlot.bet","D13","MOAB","MOAB_011","N","2015-08-20","2015-09-03","2015-09-04","2015-09-04",,"MOAB_011.N.20150903","fmrsV+TmgPAFAXr/qoVRUe/Jy8DGao98/tAlntgVgac=","invert bycatch",,,,,,,,,,"/h2P7iNCFob6MrtXvZ/0KV0VExqkPzVY",
"6011b3e4-6fb2-40bb-ba73-824e233de1c3","MOAB_002.basePlot.bet","D13","MOAB","MOAB_002","N","2015-08-20","2015-09-03","2015-09-04","2015-09-04","2015-12-15","MOAB_002.N.20150903","dDZSo11Zohb4F7SqqYXHIWsPSfNMr7XN793vX9N0rvw=","carabid","CICPUN","Cicindela punctulata","species",,"Olivier",,8,"Pearson, D., C. B. Knisley, and C. J. Kazilek. 2006. A Field Guide to the Tiger Beetles of the United States and Canada: Identification, Natural History, and Distribution of the Cicindelidae. Oxford University Press, New York.","/h2P7iNCFob6MrtXvZ/0KV0VExqkPzVY","wGVKqNu5xeXKCqkJVSQ93bpoR9cNPKGrbDACuKYLaxs=","pinned two individuals"
"2b4e53c1-5445-43e0-85ee-98182ac18477","MOAB_002.basePlot.bet","D13","MOAB","MOAB_002","N","2015-08-20","2015-09-03","2015-09-04","2015-09-04",,"MOAB_002.N.20150903","dDZSo11Zohb4F7SqqYXHIYP5JQX4XkVcKxIu1gcKug8=","invert bycatch",,,,,,,,,,"wGVKqNu5xeXKCqkJVSQ93bpoR9cNPKGrbDACuKYLaxs=",
"209ba7b1-b1b3-4682-9952-dea003dc9ce9","MOAB_010.basePlot.bet","D13","MOAB","MOAB_010","N","2015-08-20","2015-09-03","2015-09-04","2015-09-04",,"MOAB_010.N.20150903","ey84eokAkd6i6GieP6/BCulckkMHpM5cs1ukPfQrOaU=","invert bycatch",,,,,,,,,,"wGVKqNu5xeXKCqkJVSQ93bpoR9cNPKGrbDACuKYLaxs=",
"773b57be-4f14-4657-806b-f02488066d49","MOAB_004.basePlot.bet","D13","MOAB","MOAB_004","S","2015-08-20","2015-09-03","2015-09-04","2015-09-16","2015-12-09","MOAB_004.S.20150903","5U7Q+xBUPVsXIUmWO96tYNwVkMcyvT+iiEthDPDdfuc=","vert bycatch herp","SCELSP","Sceloporus sp.","genus",,,,1,"Jones, L. J. and R. Lovich. 2009. Lizards of the American Southwest. Rio Nuevo Publishers.","wsPgf8Zw9fJKymWy47Zkre6IykLRH3+g","wGVKqNu5xeXKCqkJVSQ93bpoR9cNPKGrbDACuKYLaxs=","Species identification confirmed by Dr. Jack W. Sites, Jr., Curator of Herpetology at Brigham Young University in Provo, UT. Specimen(s) transferred to the BYU on 12/9/2015 in accordance with our BLM collection permit."
"8e5e5b0f-5195-40e9-b806-674a7a574355","MOAB_004.basePlot.bet","D13","MOAB","MOAB_004","S","2015-08-20","2015-09-03","2015-09-04","2015-09-16","2015-12-15","MOAB_004.S.20150903","5U7Q+xBUPVsXIUmWO96tYPclvl1KCFvb8hx/1gvX6TE=","carabid","CICPUN","Cicindela punctulata","species",,"Olivier",,4,"Pearson, D., C. B. Knisley, and C. J. Kazilek. 2006. A Field Guide to the Tiger Beetles of the United States and Canada: Identification, Natural History, and Distribution of the Cicindelidae. Oxford University Press, New York.","/h2P7iNCFob6MrtXvZ/0KV0VExqkPzVY","wcMB+uWhN6DlxgYb80zZ5eNIhcO7pIW7","pinned two individuals"
"e6e79781-bcfb-4659-817e-5476da1cf2ee","MOAB_009.basePlot.bet","D13","MOAB","MOAB_009","S","2015-08-20","2015-09-03","2015-09-04","2015-09-04",,"MOAB_009.S.20150903","r113m7c7xtyAldjOxBbFmyTd/4e8bsOUDsgr1+nPbGs=","invert bycatch",,,,,,,,,,"/h2P7iNCFob6MrtXvZ/0KV0VExqkPzVY",
"ebfa4207-65a9-4821-a7ed-a5b64fd5b6b0","MOAB_005.basePlot.bet","D13","MOAB","MOAB_005","S","2015-08-20","2015-09-03","2015-09-04","2015-09-04",,"MOAB_005.S.20150903","dErP7UpuKYu0BOno+Bn5qR3LSl/2mMoLpXYMTeiY4ng=","invert bycatch",,,,,,,,,,"wGVKqNu5xeXKCqkJVSQ93bpoR9cNPKGrbDACuKYLaxs=",
"3ac16317-6b14-4e89-8387-292f233a2ecc","MOAB_003.basePlot.bet","D13","MOAB","MOAB_003","S","2015-08-20","2015-09-03","2015-09-04","2015-09-04",,"MOAB_003.S.20150903","IyUvclCcKUYw8kTM1MpLQhm+7lfiVpU5/X6GCAPobao=","invert bycatch",,,,,,,,,,"/h2P7iNCFob6MrtXvZ/0KV0VExqkPzVY",
"d943ea47-c851-4764-b05d-0b1b34211563","MOAB_004.basePlot.bet","D13","MOAB","MOAB_004","S","2015-08-20","2015-09-03","2015-09-04","2015-09-16",,"MOAB_004.S.20150903","5U7Q+xBUPVsXIUmWO96tYLNx/obqiKfxdRmxKVZZvEI=","invert bycatch",,,,,,,,,,"wcMB+uWhN6DlxgYb80zZ5eNIhcO7pIW7",
"07659429-21b0-47d4-bbf4-e65db1cf9800","MOAB_010.basePlot.bet","D13","MOAB","MOAB_010","S","2015-08-20","2015-09-03","2015-09-04","2015-09-04","2015-12-15","MOAB_010.S.20150903","ey84eokAkd7g+RBPrOmApXZoRz/Psf9zfFi2cv8cXEk=","carabid","CICPUN","Cicindela punctulata","species",,"Olivier",,2,"Pearson, D., C. B. Knisley, and C. J. Kazilek. 2006. A Field Guide to the Tiger Beetles of the United States and Canada: Identification, Natural History, and Distribution of the Cicindelidae. Oxford University Press, New York.","/h2P7iNCFob6MrtXvZ/0KV0VExqkPzVY","wGVKqNu5xeXKCqkJVSQ93bpoR9cNPKGrbDACuKYLaxs=","all pinned"
"e1a5189b-8e31-4c2a-bff7-e6399f1f087d","MOAB_010.basePlot.bet","D13","MOAB","MOAB_010","S","2015-08-20","2015-09-03","2015-09-04","2015-09-04",,"MOAB_010.S.20150903","ey84eokAkd7g+RBPrOmApav0w+z4VQAO0lMOZIjLcuY=","invert bycatch",,,,,,,,,,"wGVKqNu5xeXKCqkJVSQ93bpoR9cNPKGrbDACuKYLaxs=",
"6cc971dd-d1b0-47fb-b11d-0408a7976702","MOAB_007.basePlot.bet","D13","MOAB","MOAB_007","S","2015-08-20","2015-09-03","2015-09-04","2015-09-04","2015-12-15","MOAB_007.S.20150903","KUrFeqpu9DvtqFzkMB5u83X3foUZPdsxjjfAwrj3lVA=","carabid","CARSP14","Carabidae sp.","family",,"Latreille","D13.2015.MorphZE",1,"Arnett Jr., R. H., and M. C. Thomas. 2001. American Beetles Archosemata, Myxophaga, Adephaga, Polyphaga: Staphyliniformia. 1st Vol. (C. Press, Ed.). 1st Ed. Boca Raton, FL.","/h2P7iNCFob6MrtXvZ/0KV0VExqkPzVY","wGVKqNu5xeXKCqkJVSQ93bpoR9cNPKGrbDACuKYLaxs=","all pinned"
"b5cab297-d5d2-495f-947d-cdff09438d4d","MOAB_007.basePlot.bet","D13","MOAB","MOAB_007","S","2015-08-20","2015-09-03","2015-09-04","2015-09-04",,"MOAB_007.S.20150903","KUrFeqpu9DvtqFzkMB5u8+cSpHCejSkQjK9MzT0MAX4=","invert bycatch",,,,,,,,,,"wGVKqNu5xeXKCqkJVSQ93bpoR9cNPKGrbDACuKYLaxs=",
"b6c2289a-140a-4705-b01b-f3f7bafe9d31","MOAB_002.basePlot.bet","D13","MOAB","MOAB_002","S","2015-08-20","2015-09-03","2015-09-04","2015-09-04",,"MOAB_002.S.20150903","dDZSo11ZohawgYoIepedwAlkRcAiw/triEHFcJuG3o4=","invert bycatch",,,,,,,,,,"wGVKqNu5xeXKCqkJVSQ93bpoR9cNPKGrbDACuKYLaxs=",
"c6830310-a6b3-4a1d-9360-0933f1f9b7d8","MOAB_002.basePlot.bet","D13","MOAB","MOAB_002","S","2015-08-20","2015-09-03","2015-09-04","2015-09-04","2015-12-15","MOAB_002.S.20150903","dDZSo11ZohawgYoIepedwKA/TFV9/pRcwxJwixe4flE=","carabid","CICPUN","Cicindela punctulata","species",,"Olivier",,8,"Pearson, D., C. B. Knisley, and C. J. Kazilek. 2006. A Field Guide to the Tiger Beetles of the United States and Canada: Identification, Natural History, and Distribution of the Cicindelidae. Oxford University Press, New York.","/h2P7iNCFob6MrtXvZ/0KV0VExqkPzVY","wGVKqNu5xeXKCqkJVSQ93bpoR9cNPKGrbDACuKYLaxs=","two individuals pinned"
"c0e90eba-c7df-4584-91d0-ab5237b31802","MOAB_001.basePlot.bet","D13","MOAB","MOAB_001","S","2015-08-20","2015-09-03","2015-09-04","2015-09-04","2015-12-15","MOAB_001.S.20150903","hc7nq0q3kZJpnnQ2oAownJ6r+Ljl5Dxxs5z89t90Kso=","carabid","CICPUN","Cicindela punctulata","species",,"Olivier",,1,"Pearson, D., C. B. Knisley, and C. J. Kazilek. 2006. A Field Guide to the Tiger Beetles of the United States and Canada: Identification, Natural History, and Distribution of the Cicindelidae. Oxford University Press, New York.","/h2P7iNCFob6MrtXvZ/0KV0VExqkPzVY","/h2P7iNCFob6MrtXvZ/0KV0VExqkPzVY","pinned"
"e4a373a2-3632-415f-b723-bc79bb5ba471","MOAB_001.basePlot.bet","D13","MOAB","MOAB_001","S","2015-08-20","2015-09-03","2015-09-04","2015-09-04",,"MOAB_001.S.20150903","hc7nq0q3kZJpnnQ2oAownBPy5YyTsG4orZ4JaISxnWc=","invert bycatch",,,,,,,,,,"/h2P7iNCFob6MrtXvZ/0KV0VExqkPzVY",
"4a27752f-1b09-4e4c-b7e9-919ba9db7957","MOAB_006.basePlot.bet","D13","MOAB","MOAB_006","S","2015-08-20","2015-09-03","2015-09-04","2015-09-16",,"MOAB_006.S.20150903","W12PQsnHiUi5avsn7tVLTkUcjar1iPC0nbbxmEi0qPs=","invert bycatch",,,,,,,,,,"wGVKqNu5xeXKCqkJVSQ93bpoR9cNPKGrbDACuKYLaxs=",
"3020960f-96bc-4d12-9fbb-a30e6e4d67a4","MOAB_004.basePlot.bet","D13","MOAB","MOAB_004","W","2015-08-20","2015-09-03","2015-09-04","2015-09-16",,"MOAB_004.W.20150903","5U7Q+xBUPVsr/jfDgdu3K7HedYqLy9h3gdfcLylCddI=","invert bycatch",,,,,,,,,,"wcMB+uWhN6DlxgYb80zZ5eNIhcO7pIW7",
"86fa3efa-e807-4cb9-98f3-e2e3f75a8653","MOAB_005.basePlot.bet","D13","MOAB","MOAB_005","W","2015-08-20","2015-09-03","2015-09-04","2015-09-04","2015-12-15","MOAB_005.W.20150903","dErP7UpuKYumuf3kDH7eteQp+JJtKyAoE4oVAybljhU=","carabid","CICPUN","Cicindela punctulata","species",,"Olivier",,4,"Pearson, D., C. B. Knisley, and C. J. Kazilek. 2006. A Field Guide to the Tiger Beetles of the United States and Canada: Identification, Natural History, and Distribution of the Cicindelidae. Oxford University Press, New York.","/h2P7iNCFob6MrtXvZ/0KV0VExqkPzVY","wGVKqNu5xeXKCqkJVSQ93bpoR9cNPKGrbDACuKYLaxs=","pinned two individuals"
"5851a710-3ac6-48d0-9859-6eaa6047f483","MOAB_006.basePlot.bet","D13","MOAB","MOAB_006","W","2015-08-20","2015-09-03","2015-09-04","2015-09-16",,"MOAB_006.W.20150903","W12PQsnHiUiX9EfqfND2RdBaXWs4gcielgVVAoMebZo=","invert bycatch",,,,,,,,,,"wGVKqNu5xeXKCqkJVSQ93bpoR9cNPKGrbDACuKYLaxs=",
"93f7f952-7d72-473f-aa53-1b7ece6e8a62","MOAB_003.basePlot.bet","D13","MOAB","MOAB_003","W","2015-08-20","2015-09-03","2015-09-04","2015-09-04",,"MOAB_003.W.20150903","IyUvclCcKUY1kqgHKVFq4iIjfYVQ+FFrxm149qmzwYQ=","invert bycatch",,,,,,,,,,"/h2P7iNCFob6MrtXvZ/0KV0VExqkPzVY",
"8400b8e9-6652-4b5e-99bb-ded2fb77652c","MOAB_004.basePlot.bet","D13","MOAB","MOAB_004","W","2015-08-20","2015-09-03","2015-09-04","2015-09-16","2015-12-09","MOAB_004.W.20150903","5U7Q+xBUPVsr/jfDgdu3K+TAA72xTbOLfnt8tx4wwxQ=","vert bycatch herp","SCELSP","Sceloporus sp.","genus",,,,1,"Jones, L. J. and R. Lovich. 2009. Lizards of the American Southwest. Rio Nuevo Publishers.","wsPgf8Zw9fJKymWy47Zkre6IykLRH3+g","wGVKqNu5xeXKCqkJVSQ93bpoR9cNPKGrbDACuKYLaxs=","Species identification confirmed by Dr. Jack W. Sites, Jr., Curator of Herpetology at Brigham Young University in Provo, UT. Specimen(s) transferred to the BYU on 12/9/2015 in accordance with our BLM collection permit."
"a23ffb54-4c36-45f3-94d3-f77fd5d6a854","MOAB_004.basePlot.bet","D13","MOAB","MOAB_004","W","2015-08-20","2015-09-03","2015-09-04","2015-09-16","2015-12-15","MOAB_004.W.20150903","5U7Q+xBUPVsr/jfDgdu3KxosC0FsKXBHgFR1bZ44/Ps=","carabid","CICPUN","Cicindela punctulata","species",,"Olivier",,1,"Pearson, D., C. B. Knisley, and C. J. Kazilek. 2006. A Field Guide to the Tiger Beetles of the United States and Canada: Identification, Natural History, and Distribution of the Cicindelidae. Oxford University Press, New York.","/h2P7iNCFob6MrtXvZ/0KV0VExqkPzVY","wcMB+uWhN6DlxgYb80zZ5eNIhcO7pIW7","pinned"
"040cd58f-908c-4f6a-91e0-6af8ca3fac3a","MOAB_007.basePlot.bet","D13","MOAB","MOAB_007","W","2015-08-20","2015-09-03","2015-09-04","2015-09-04",,"MOAB_007.W.20150903","KUrFeqpu9Dt8faGCZrnLWSjW9bvz+hVhsryIIVD+1kE=","invert bycatch",,,,,,,,,,"wGVKqNu5xeXKCqkJVSQ93bpoR9cNPKGrbDACuKYLaxs=",
"1b2c7bae-4786-4d7f-9851-7cda58c1c531","MOAB_009.basePlot.bet","D13","MOAB","MOAB_009","W","2015-08-20","2015-09-03","2015-09-04","2015-09-04",,"MOAB_009.W.20150903","r113m7c7xtw25pJDxhdj2ABKoMRUgzcWo3VspEMBrmQ=","invert bycatch",,,,,,,,,,"/h2P7iNCFob6MrtXvZ/0KV0VExqkPzVY",
"32456b29-ac4f-4f63-a010-733ec0347daf","MOAB_009.basePlot.bet","D13","MOAB","MOAB_009","W","2015-08-20","2015-09-03","2015-09-04","2015-09-04","2015-12-15","MOAB_009.W.20150903","r113m7c7xtw25pJDxhdj2E65EpRMgCv5HG2WD/a4XYE=","carabid","CICPUN","Cicindela punctulata","species",,"Olivier",,2,"Pearson, D., C. B. Knisley, and C. J. Kazilek. 2006. A Field Guide to the Tiger Beetles of the United States and Canada: Identification, Natural History, and Distribution of the Cicindelidae. Oxford University Press, New York.","/h2P7iNCFob6MrtXvZ/0KV0VExqkPzVY","/h2P7iNCFob6MrtXvZ/0KV0VExqkPzVY","all pinned"
"009e4acf-b886-449e-9b36-a2b5f04a88f7","MOAB_005.basePlot.bet","D13","MOAB","MOAB_005","W","2015-08-20","2015-09-03","2015-09-04","2015-09-04",,"MOAB_005.W.20150903","dErP7UpuKYumuf3kDH7etbYyvFplyc8SgPSfpYAsjDI=","invert bycatch",,,,,,,,,,"wGVKqNu5xeXKCqkJVSQ93bpoR9cNPKGrbDACuKYLaxs=",
"abe862c3-d5dc-4aeb-b2e0-3b8c2fce678a","MOAB_001.basePlot.bet","D13","MOAB","MOAB_001","W","2015-08-20","2015-09-03","2015-09-04","2015-09-04",,"MOAB_001.W.20150903","hc7nq0q3kZJXrc+I7AKhBpqY+6tFSpMXxkZLDeSkn7A=","invert bycatch",,,,,,,,,,"/h2P7iNCFob6MrtXvZ/0KV0VExqkPzVY",
"8528f470-4872-4ca9-b4fa-ed80ddbee313","MOAB_001.basePlot.bet","D13","MOAB","MOAB_001","W","2015-08-20","2015-09-03","2015-09-04","2015-09-04","2015-12-15","MOAB_001.W.20150903","hc7nq0q3kZJXrc+I7AKhBkr5DsQW/vXoO9UxeEe65Rk=","carabid","CICPUN","Cicindela punctulata","species",,"Olivier",,3,"Pearson, D., C. B. Knisley, and C. J. Kazilek. 2006. A Field Guide to the Tiger Beetles of the United States and Canada: Identification, Natural History, and Distribution of the Cicindelidae. Oxford University Press, New York.","/h2P7iNCFob6MrtXvZ/0KV0VExqkPzVY","/h2P7iNCFob6MrtXvZ/0KV0VExqkPzVY","two individual pinned"
"91860d95-54f1-4373-aedb-d5044f15108d","MOAB_007.basePlot.bet","D13","MOAB","MOAB_007","W","2015-08-20","2015-09-03","2015-09-04","2015-09-04","2015-12-15","MOAB_007.W.20150903","KUrFeqpu9Dt8faGCZrnLWVF9ld9ZDJJOEhqY5kmU8qY=","carabid","CARSP14","Carabidae sp.","family",,"Latreille","D13.2015.MorphZE",4,"Arnett Jr., R. H., and M. C. Thomas. 2001. American Beetles Archosemata, Myxophaga, Adephaga, Polyphaga: Staphyliniformia. 1st Vol. (C. Press, Ed.). 1st Ed. Boca Raton, FL.","/h2P7iNCFob6MrtXvZ/0KV0VExqkPzVY","wGVKqNu5xeXKCqkJVSQ93bpoR9cNPKGrbDACuKYLaxs=","all pinned"
"cb9b5ac7-6bb6-4f39-976f-6d5353bd17cb","MOAB_011.basePlot.bet","D13","MOAB","MOAB_011","E","2015-09-03","2015-09-17","2015-09-18","2015-09-28","2015-12-15","MOAB_011.E.20150917","fmrsV+TmgPBjU7/tzdyTTprU+cZVb4iyre7gOrG+fMs=","vert bycatch herp","SCELSP","Sceloporus sp.","genus",,,,1,"Jones, L. J. and R. Lovich. 2009. Lizards of the American Southwest. Rio Nuevo Publishers.","wsPgf8Zw9fJKymWy47Zkre6IykLRH3+g","/h2P7iNCFob6MrtXvZ/0KV0VExqkPzVY","Species identification confirmed by Dr. Jack W. Sites, Jr., Curator of Herpetology at Brigham Young University in Provo, UT. Specimen(s) transferred to the BYU on 12/9/2015 in accordance with our BLM collection permit."
"2e66ab63-b6c0-484f-9f2e-e1513a55a01a","MOAB_006.basePlot.bet","D13","MOAB","MOAB_006","W","2015-09-03","2015-09-17","2015-09-18","2015-09-28",,"MOAB_006.W.20150917","W12PQsnHiUiX9EfqfND2RVpDXvvTDHuU7sXdHPNZSKw=","invert bycatch",,,,,,,,,,"/h2P7iNCFob6MrtXvZ/0KV0VExqkPzVY",
"f6340fcc-b353-452f-9168-b5dc4cbd4239","MOAB_007.basePlot.bet","D13","MOAB","MOAB_007","E","2015-09-03","2015-09-17","2015-09-18","2015-09-30",,"MOAB_007.E.20150917","KUrFeqpu9DtwEQQ6Xed72ekS0qk96PO8ytm3YK2cZJA=","invert bycatch",,,,,,,,,,"/h2P7iNCFob6MrtXvZ/0KV0VExqkPzVY",
"562e3a5e-3359-47bf-9639-e2b1a63a41ec","MOAB_010.basePlot.bet","D13","MOAB","MOAB_010","E","2015-09-03","2015-09-17","2015-09-18","2015-09-24",,"MOAB_010.E.20150917","ey84eokAkd7pSJq1KB1Aegk3ER3cEEoVVKuRKu3Rtj4=","invert bycatch",,,,,,,,,,"wGVKqNu5xeXKCqkJVSQ93bpoR9cNPKGrbDACuKYLaxs=",
"9f0b8e81-5672-4d76-bb3d-032582acee90","MOAB_002.basePlot.bet","D13","MOAB","MOAB_002","E","2015-09-03","2015-09-17","2015-09-18","2015-09-30","2015-12-16","MOAB_002.E.20150917","dDZSo11ZohYgxfVamv0+qNML5cFl2nVs9KrFtvP/oB8=","carabid","CICPUN","Cicindela punctulata","species",,"Olivier",,1,"Pearson, D., C. B. Knisley, and C. J. Kazilek. 2006. A Field Guide to the Tiger Beetles of the United States and Canada: Identification, Natural History, and Distribution of the Cicindelidae. Oxford University Press, New York.","/h2P7iNCFob6MrtXvZ/0KV0VExqkPzVY","/h2P7iNCFob6MrtXvZ/0KV0VExqkPzVY","pinned"
"caf6a899-7e54-4fa3-af0a-be8b3a066fc5","MOAB_001.basePlot.bet","D13","MOAB","MOAB_001","E","2015-09-03","2015-09-17","2015-09-18","2015-09-28",,"MOAB_001.E.20150917","hc7nq0q3kZJNrue+OSZL68XPt9YGd/rMAC+jJhrEvY8=","invert bycatch",,,,,,,,,,"/h2P7iNCFob6MrtXvZ/0KV0VExqkPzVY",
"87d61274-5f33-408c-8830-82941af087b5","MOAB_002.basePlot.bet","D13","MOAB","MOAB_002","E","2015-09-03","2015-09-17","2015-09-18","2015-09-30",,"MOAB_002.E.20150917","dDZSo11ZohYgxfVamv0+qADgvN2sWeJRV1QBN7W88X0=","invert bycatch",,,,,,,,,,"/h2P7iNCFob6MrtXvZ/0KV0VExqkPzVY",
"a1b2c838-71f6-40de-a6c3-78270f5a1d05","MOAB_006.basePlot.bet","D13","MOAB","MOAB_006","E","2015-09-03","2015-09-17","2015-09-18","2015-09-28","2015-12-16","MOAB_006.E.20150917","W12PQsnHiUgp8HIXP91Iw+Zuk7NBdv7yAs/Yd9uXE7w=","carabid","CARSP14","Carabidae sp.","family",,"Latreille","D13.2015.MorphZB",1,"Arnett Jr., R. H., and M. C. Thomas. 2001. American Beetles Archosemata, Myxophaga, Adephaga, Polyphaga: Staphyliniformia. 1st Vol. (C. Press, Ed.). 1st Ed. Boca Raton, FL.","/h2P7iNCFob6MrtXvZ/0KV0VExqkPzVY","/h2P7iNCFob6MrtXvZ/0KV0VExqkPzVY","pinned"
"902d2c2d-3792-47a6-8156-8ebb56ff12f4","MOAB_009.basePlot.bet","D13","MOAB","MOAB_009","E","2015-09-03","2015-09-17","2015-09-18","2015-09-30",,"MOAB_009.E.20150917","r113m7c7xtxtDu0HhaQPvBx/Zg+qz8fJF+900wA47fA=","invert bycatch",,,,,,,,,,"/h2P7iNCFob6MrtXvZ/0KV0VExqkPzVY",
"78da5244-54b4-4ded-bced-991482555106","MOAB_005.basePlot.bet","D13","MOAB","MOAB_005","E","2015-09-03","2015-09-17","2015-09-18","2015-09-24",,"MOAB_005.E.20150917","dErP7UpuKYvM0dCOAPuAK0TCUeTWZIVonXkLUyJ/1rc=","invert bycatch",,,,,,,,,,"wGVKqNu5xeXKCqkJVSQ93bpoR9cNPKGrbDACuKYLaxs=",
"6938e863-ed3b-4fac-ae06-03a8327e8bd2","MOAB_007.basePlot.bet","D13","MOAB","MOAB_007","E","2015-09-03","2015-09-17","2015-09-18","2015-09-30","2015-12-16","MOAB_007.E.20150917","KUrFeqpu9DtwEQQ6Xed72bWnmDJqzQRAMX53kYLq50k=","carabid","CARSP14","Carabidae sp.","family",,"Latreille","D13.2015.MorphZE",2,"Lindroth, C. H. 1969. The ground-beetles (Carabidae, excl. Cicindelinae) of Canada and Alaska, parts 1-6. Opuscula E. Entomoligiska Sallskapet.","/h2P7iNCFob6MrtXvZ/0KV0VExqkPzVY","/h2P7iNCFob6MrtXvZ/0KV0VExqkPzVY","all pinned"
"422c81b2-c6df-4914-8a89-6ef4ac2db16f","MOAB_004.basePlot.bet","D13","MOAB","MOAB_004","E","2015-09-03","2015-09-17","2015-09-18","2015-09-30","2015-12-16","MOAB_004.E.20150917","5U7Q+xBUPVsSDJOcrxTU0RUXZstVb8eohP6gKougE6s=","carabid","HARRET","Harpalus retractus","species","cf. species","LeConte",,1,"Lindroth, C. H. 1969. The ground-beetles (Carabidae, excl. Cicindelinae) of Canada and Alaska, parts 1-6. Opuscula E. Entomoligiska Sallskapet.","/h2P7iNCFob6MrtXvZ/0KV0VExqkPzVY","/h2P7iNCFob6MrtXvZ/0KV0VExqkPzVY","pinned"
"6e15c9d6-dc6b-4608-b557-d543fc4b6df6","MOAB_004.basePlot.bet","D13","MOAB","MOAB_004","E","2015-09-03","2015-09-17","2015-09-18","2015-09-30",,"MOAB_004.E.20150917","5U7Q+xBUPVsSDJOcrxTU0XtBqQReN+7OgFj8oio/N8c=","invert bycatch",,,,,,,,,,"/h2P7iNCFob6MrtXvZ/0KV0VExqkPzVY",
"2afa4f4d-92f6-450c-bcdc-a8d8468a06e1","MOAB_003.basePlot.bet","D13","MOAB","MOAB_003","E","2015-09-03","2015-09-17","2015-09-18","2015-09-28",,"MOAB_003.E.20150917","IyUvclCcKUa8uaeinCAlgvzK1FFrI3Qpns5kfwqK1Ks=","invert bycatch",,,,,,,,,,"/h2P7iNCFob6MrtXvZ/0KV0VExqkPzVY",
"0388af5b-f88f-4f61-9909-10ad43248032","MOAB_006.basePlot.bet","D13","MOAB","MOAB_006","E","2015-09-03","2015-09-17","2015-09-18","2015-09-28",,"MOAB_006.E.20150917","W12PQsnHiUgp8HIXP91Iw6NwjFP7XEGliVJhV/SlMwQ=","invert bycatch",,,,,,,,,,"/h2P7iNCFob6MrtXvZ/0KV0VExqkPzVY",
"e62cb69b-b5a3-4924-81f8-723346ee89e2","MOAB_002.basePlot.bet","D13","MOAB","MOAB_002","N","2015-09-03","2015-09-17","2015-09-18","2015-09-30","2015-12-16","MOAB_002.N.20150917","dDZSo11Zohb4F7SqqYXHIeyKoH8nsdn4RYfl5iQ1a/Q=","carabid","CICPUN","Cicindela punctulata","species",,"Olivier",,1,"Pearson, D., C. B. Knisley, and C. J. Kazilek. 2006. A Field Guide to the Tiger Beetles of the United States and Canada: Identification, Natural History, and Distribution of the Cicindelidae. Oxford University Press, New York.","/h2P7iNCFob6MrtXvZ/0KV0VExqkPzVY","/h2P7iNCFob6MrtXvZ/0KV0VExqkPzVY","pinned"
"b70262ec-f868-4ac8-9fbc-26d192efaa83","MOAB_011.basePlot.bet","D13","MOAB","MOAB_011","N","2015-09-03","2015-09-17","2015-09-18","2015-09-28","2015-12-09","MOAB_011.N.20150917","fmrsV+TmgPAFAXr/qoVRUfhZySyCpX7PKGatZqXz3dI=","vert bycatch herp","SCELSP","Sceloporus sp.","genus",,,,1,"Jones, L. J. and R. Lovich. 2009. Lizards of the American Southwest. Rio Nuevo Publishers.","wsPgf8Zw9fJKymWy47Zkre6IykLRH3+g","/h2P7iNCFob6MrtXvZ/0KV0VExqkPzVY","Species identification confirmed by Dr. Jack W. Sites, Jr., Curator of Herpetology at Brigham Young University in Provo, UT. Specimen(s) transferred to the BYU on 12/9/2015 in accordance with our BLM collection permit."
"aae92e66-7324-4cdd-ad5f-ad2314c99f2c","MOAB_011.basePlot.bet","D13","MOAB","MOAB_011","N","2015-09-03","2015-09-17","2015-09-18","2015-09-28","2015-12-16","MOAB_011.N.20150917","fmrsV+TmgPAFAXr/qoVRUX1ZFqGwcebeyivG5Rid45s=","carabid","CICPUN","Cicindela punctulata","species",,"Olivier",,1,"Pearson, D., C. B. Knisley, and C. J. Kazilek. 2006. A Field Guide to the Tiger Beetles of the United States and Canada: Identification, Natural History, and Distribution of the Cicindelidae. Oxford University Press, New York.","/h2P7iNCFob6MrtXvZ/0KV0VExqkPzVY","/h2P7iNCFob6MrtXvZ/0KV0VExqkPzVY","pinned"
"0a523d4f-43b3-48c2-968c-7b83552b326a","MOAB_011.basePlot.bet","D13","MOAB","MOAB_011","N","2015-09-03","2015-09-17","2015-09-18","2015-09-28",,"MOAB_011.N.20150917","fmrsV+TmgPAFAXr/qoVRUeIzwVdbUpAD4kWGLVPe6eI=","invert bycatch",,,,,,,,,,"/h2P7iNCFob6MrtXvZ/0KV0VExqkPzVY",
"340f7235-f9e5-48c9-88d1-0f4a56771a37","MOAB_010.basePlot.bet","D13","MOAB","MOAB_010","N","2015-09-03","2015-09-17","2015-09-18","2015-09-24",,"MOAB_010.N.20150917","ey84eokAkd6i6GieP6/BCjPMFLHMTpVO6c/VKWd/9Qg=","invert bycatch",,,,,,,,,,"wGVKqNu5xeXKCqkJVSQ93bpoR9cNPKGrbDACuKYLaxs=",
"411826cb-ddd0-4eec-9169-c4518a90ef1d","MOAB_010.basePlot.bet","D13","MOAB","MOAB_010","N","2015-09-03","2015-09-17","2015-09-18","2015-09-24","2015-12-16","MOAB_010.N.20150917","ey84eokAkd6i6GieP6/BCrn7qFK58rOqoARbiezajxU=","carabid","CICPUN","Cicindela punctulata","species",,"Olivier",,2,"Pearson, D., C. B. Knisley, and C. J. Kazilek. 2006. A Field Guide to the Tiger Beetles of the United States and Canada: Identification, Natural History, and Distribution of the Cicindelidae. Oxford University Press, New York.","/h2P7iNCFob6MrtXvZ/0KV0VExqkPzVY","wGVKqNu5xeXKCqkJVSQ93bpoR9cNPKGrbDACuKYLaxs=","all pinned"
"799177fe-5781-4fa6-9c93-2437fe6c68e6","MOAB_007.basePlot.bet","D13","MOAB","MOAB_007","N","2015-09-03","2015-09-17","2015-09-18","2015-09-30",,"MOAB_007.N.20150917","KUrFeqpu9DsyE1EkU+ED2NjiN+I+lGGLZ1gtY53cYYg=","invert bycatch",,,,,,,,,,"/h2P7iNCFob6MrtXvZ/0KV0VExqkPzVY",
"f3154883-63a9-44c1-aa83-21fea75a4e73","MOAB_001.basePlot.bet","D13","MOAB","MOAB_001","N","2015-09-03","2015-09-17","2015-09-18","2015-09-28",,"MOAB_001.N.20150917","hc7nq0q3kZKdApCXVXaqWUnnyQWvBlERhKFlH2OIQ+w=","invert bycatch",,,,,,,,,,"/h2P7iNCFob6MrtXvZ/0KV0VExqkPzVY",
"1d17186e-2921-4a28-bda3-d27e732a89fc","MOAB_002.basePlot.bet","D13","MOAB","MOAB_002","N","2015-09-03","2015-09-17","2015-09-18","2015-09-30",,"MOAB_002.N.20150917","dDZSo11Zohb4F7SqqYXHIYlgY1eYLWTLVnbA1P+y/v0=","invert bycatch",,,,,,,,,,"/h2P7iNCFob6MrtXvZ/0KV0VExqkPzVY",
"f4a52413-faf7-41c5-a00d-70a0ff31a662","MOAB_005.basePlot.bet","D13","MOAB","MOAB_005","N","2015-09-03","2015-09-17","2015-09-18","2015-09-24",,"MOAB_005.N.20150917","dErP7UpuKYsG5DJNuEWuRJstfsfnDGB/B33WXM3k2wM=","invert bycatch",,,,,,,,,,"wGVKqNu5xeXKCqkJVSQ93bpoR9cNPKGrbDACuKYLaxs=",
"d83f5b74-11a6-467b-ae5b-372c6086002f","MOAB_005.basePlot.bet","D13","MOAB","MOAB_005","N","2015-09-03","2015-09-17","2015-09-18","2015-09-24","2015-12-16","MOAB_005.N.20150917","dErP7UpuKYsG5DJNuEWuRHEuEjlwADozzFt8yvH2CRM=","carabid","CICPUN","Cicindela punctulata","species",,"Olivier",,1,"Pearson, D., C. B. Knisley, and C. J. Kazilek. 2006. A Field Guide to the Tiger Beetles of the United States and Canada: Identification, Natural History, and Distribution of the Cicindelidae. Oxford University Press, New York.","/h2P7iNCFob6MrtXvZ/0KV0VExqkPzVY","wGVKqNu5xeXKCqkJVSQ93bpoR9cNPKGrbDACuKYLaxs=","pinned"
"0bf68e15-b19b-4ec2-844a-3b022c50ccea","MOAB_009.basePlot.bet","D13","MOAB","MOAB_009","N","2015-09-03","2015-09-17","2015-09-18","2015-09-30",,"MOAB_009.N.20150917","r113m7c7xtxY5lRXoG0jkpSS0MF8OW+T9kRyuuK7Db4=","invert bycatch",,,,,,,,,,"/h2P7iNCFob6MrtXvZ/0KV0VExqkPzVY",
"04486a4e-b84d-416b-a03d-9653386e5575","MOAB_009.basePlot.bet","D13","MOAB","MOAB_009","N","2015-09-03","2015-09-17","2015-09-18","2015-09-30","2015-12-16","MOAB_009.N.20150917","r113m7c7xtxY5lRXoG0jks2h2xnTMzh3OleQmb/1ufE=","carabid","HARCOR","Harpalus cordatus","species","cf. species","LeConte",,1,"Arnett Jr., R. H., and M. C. Thomas. 2001. American Beetles Archosemata, Myxophaga, Adephaga, Polyphaga: Staphyliniformia. 1st Vol. (C. Press, Ed.). 1st Ed. Boca Raton, FL.","/h2P7iNCFob6MrtXvZ/0KV0VExqkPzVY","/h2P7iNCFob6MrtXvZ/0KV0VExqkPzVY","pinned"
"ff24115c-3a61-4e6b-8e5c-c166cc8dd6c2","MOAB_004.basePlot.bet","D13","MOAB","MOAB_004","N","2015-09-03","2015-09-17","2015-09-18","2015-09-30","2015-12-16","MOAB_004.N.20150917","5U7Q+xBUPVubZFy6L9dNCQgFEC6qk5kvqm1FfG3TzvE=","carabid","CICPUN","Cicindela punctulata","species",,"Olivier",,1,"Pearson, D., C. B. Knisley, and C. J. Kazilek. 2006. A Field Guide to the Tiger Beetles of the United States and Canada: Identification, Natural History, and Distribution of the Cicindelidae. Oxford University Press, New York.","/h2P7iNCFob6MrtXvZ/0KV0VExqkPzVY","/h2P7iNCFob6MrtXvZ/0KV0VExqkPzVY","pinned"
"a6e7ee3a-73df-4aff-8e49-3db0cc32e896","MOAB_003.basePlot.bet","D13","MOAB","MOAB_003","N","2015-09-03","2015-09-17","2015-09-18","2015-09-28",,"MOAB_003.N.20150917","IyUvclCcKUbI+jRps7oNrfBVp0JQo/sG0+HzF38mUtU=","invert bycatch",,,,,,,,,,"/h2P7iNCFob6MrtXvZ/0KV0VExqkPzVY",
"bd1776c5-bbd4-4e1f-b567-bdf60dcbe93b","MOAB_004.basePlot.bet","D13","MOAB","MOAB_004","N","2015-09-03","2015-09-17","2015-09-18","2015-09-30",,"MOAB_004.N.20150917","5U7Q+xBUPVubZFy6L9dNCY4p0mNJzlcEnHJC7zGgYp8=","invert bycatch",,,,,,,,,,"/h2P7iNCFob6MrtXvZ/0KV0VExqkPzVY",
"e6964436-2e4a-4429-9e6c-ea9a0abe1ea1","MOAB_006.basePlot.bet","D13","MOAB","MOAB_006","N","2015-09-03","2015-09-17","2015-09-18","2015-09-28",,"MOAB_006.N.20150917","W12PQsnHiUiovYxBf2LA9z2S0T5zzMOgugw2u+edrq4=","invert bycatch",,,,,,,,,,"/h2P7iNCFob6MrtXvZ/0KV0VExqkPzVY",
"aa0fb85d-69d1-4304-a08b-5dc504c97855","MOAB_004.basePlot.bet","D13","MOAB","MOAB_004","S","2015-09-03","2015-09-17","2015-09-18","2015-09-30","2015-12-16","MOAB_004.S.20150917","5U7Q+xBUPVsXIUmWO96tYI784ZuA4u8LuFrEExY/VKo=","carabid","CICPUN","Cicindela punctulata","species",,"Olivier",,1,"Pearson, D., C. B. Knisley, and C. J. Kazilek. 2006. A Field Guide to the Tiger Beetles of the United States and Canada: Identification, Natural History, and Distribution of the Cicindelidae. Oxford University Press, New York.","/h2P7iNCFob6MrtXvZ/0KV0VExqkPzVY","/h2P7iNCFob6MrtXvZ/0KV0VExqkPzVY","pinned"
"756ed98b-1550-4bc6-a37a-cefb230d2747","MOAB_004.basePlot.bet","D13","MOAB","MOAB_004","S","2015-09-03","2015-09-17","2015-09-18","2015-09-30",,"MOAB_004.S.20150917","5U7Q+xBUPVsXIUmWO96tYAtq+WyssAJ+w1Db2rSDZQI=","invert bycatch",,,,,,,,,,"/h2P7iNCFob6MrtXvZ/0KV0VExqkPzVY",
"e6b3f9e6-f01f-489b-a358-2fc5dea883f4","MOAB_003.basePlot.bet","D13","MOAB","MOAB_003","S","2015-09-03","2015-09-17","2015-09-18","2015-09-28",,"MOAB_003.S.20150917","IyUvclCcKUYw8kTM1MpLQthWb7ffWM1VLfSttMTkN7I=","invert bycatch",,,,,,,,,,"/h2P7iNCFob6MrtXvZ/0KV0VExqkPzVY",
"61187379-d352-43fb-a194-fc69c6abb313","MOAB_006.basePlot.bet","D13","MOAB","MOAB_006","S","2015-09-03","2015-09-17","2015-09-18","2015-09-28",,"MOAB_006.S.20150917","W12PQsnHiUi5avsn7tVLTkUrxMYHl3CXx6eZfBnEwgI=","invert bycatch",,,,,,,,,,"/h2P7iNCFob6MrtXvZ/0KV0VExqkPzVY",
"92faf256-c92b-4fe6-8436-d89093ea49e8","MOAB_006.basePlot.bet","D13","MOAB","MOAB_006","S","2015-09-03","2015-09-17","2015-09-18","2015-09-28","2015-12-16","MOAB_006.S.20150917","W12PQsnHiUi5avsn7tVLTiLnP0yjaMVP2bqWLLlFvQY=","carabid","PIOSET","Piosoma setosum","species",,"LeConte",,1,"Arnett Jr., R. H., and M. C. Thomas. 2001. American Beetles Archosemata, Myxophaga, Adephaga, Polyphaga: Staphyliniformia. 1st Vol. (C. Press, Ed.). 1st Ed. Boca Raton, FL.","/h2P7iNCFob6MrtXvZ/0KV0VExqkPzVY","/h2P7iNCFob6MrtXvZ/0KV0VExqkPzVY","pinned"
"496b1dd4-8ec0-4650-9072-7eb3d0addf83","MOAB_006.basePlot.bet","D13","MOAB","MOAB_006","S","2015-09-03","2015-09-17","2015-09-18","2015-09-28","2015-12-16","MOAB_006.S.20150917","W12PQsnHiUi5avsn7tVLTt9PwH6qAGNym0R3HUnePbM=","carabid","CARSP14","Carabidae sp.","family",,"Latreille","D13.2015.MorphZB",1,"Arnett Jr., R. H., and M. C. Thomas. 2001. American Beetles Archosemata, Myxophaga, Adephaga, Polyphaga: Staphyliniformia. 1st Vol. (C. Press, Ed.). 1st Ed. Boca Raton, FL.","/h2P7iNCFob6MrtXvZ/0KV0VExqkPzVY","/h2P7iNCFob6MrtXvZ/0KV0VExqkPzVY","pinned"
"085d436e-f698-44c3-a3f0-3c500bee13cc","MOAB_005.basePlot.bet","D13","MOAB","MOAB_005","S","2015-09-03","2015-09-17","2015-09-18","2015-09-24","2015-12-16","MOAB_005.S.20150917","dErP7UpuKYu0BOno+Bn5qcLxOYYV8WP+j0OodJqklBw=","carabid","CARSP14","Carabidae sp.","family",,"Latreille","D13.2015.MorphZF",1,"Lindroth, C. H. 1969. The ground-beetles (Carabidae, excl. Cicindelinae) of Canada and Alaska, parts 1-6. Opuscula E. Entomoligiska Sallskapet.","/h2P7iNCFob6MrtXvZ/0KV0VExqkPzVY","wGVKqNu5xeXKCqkJVSQ93bpoR9cNPKGrbDACuKYLaxs=","pinned"
"50a32c67-b1a6-4331-b31d-bcde87e96c9b","MOAB_009.basePlot.bet","D13","MOAB","MOAB_009","S","2015-09-03","2015-09-17","2015-09-18","2015-09-30",,"MOAB_009.S.20150917","r113m7c7xtyAldjOxBbFm7+KrSYjX/OwoUiN+7e6V1Y=","invert bycatch",,,,,,,,,,"/h2P7iNCFob6MrtXvZ/0KV0VExqkPzVY",
"e267cc62-165c-419e-bdd5-d54a6ef68df6","MOAB_009.basePlot.bet","D13","MOAB","MOAB_009","S","2015-09-03","2015-09-17","2015-09-18","2015-09-30","2015-12-16","MOAB_009.S.20150917","r113m7c7xtyAldjOxBbFm485O77ORqTlczQALhFm8eY=","carabid","CARSP14","Carabidae sp.","family",,"Latreille","D13.2015.MorphZB",1,"Arnett Jr., R. H., and M. C. Thomas. 2001. American Beetles Archosemata, Myxophaga, Adephaga, Polyphaga: Staphyliniformia. 1st Vol. (C. Press, Ed.). 1st Ed. Boca Raton, FL.","/h2P7iNCFob6MrtXvZ/0KV0VExqkPzVY","/h2P7iNCFob6MrtXvZ/0KV0VExqkPzVY","pinned"
"7e2599c1-ae6b-49a5-8eb7-3155338b23ae","MOAB_007.basePlot.bet","D13","MOAB","MOAB_007","S","2015-09-03","2015-09-17","2015-09-18","2015-09-30","2015-12-16","MOAB_007.S.20150917","KUrFeqpu9DvtqFzkMB5u879cP7AypA2vUfDH6RiYkiE=","carabid","CARSP14","Carabidae sp.","family",,"Latreille","D13.2015.MorphZE",1,"Lindroth, C. H. 1969. The ground-beetles (Carabidae, excl. Cicindelinae) of Canada and Alaska, parts 1-6. Opuscula E. Entomoligiska Sallskapet.","/h2P7iNCFob6MrtXvZ/0KV0VExqkPzVY","/h2P7iNCFob6MrtXvZ/0KV0VExqkPzVY","pinned"
"37b43fed-6e08-4ea3-8abd-48e82aa177c1","MOAB_007.basePlot.bet","D13","MOAB","MOAB_007","S","2015-09-03","2015-09-17","2015-09-18","2015-09-30",,"MOAB_007.S.20150917","KUrFeqpu9DvtqFzkMB5u80zFQlpFcpps/9lqelncS0Y=","invert bycatch",,,,,,,,,,"/h2P7iNCFob6MrtXvZ/0KV0VExqkPzVY",
"85bc1048-7f07-47ac-9442-4b9ffcb9136d","MOAB_010.basePlot.bet","D13","MOAB","MOAB_010","S","2015-09-03","2015-09-17","2015-09-18","2015-09-24","2015-12-16","MOAB_010.S.20150917","ey84eokAkd7g+RBPrOmApXms+7IY2zSfz197gbOwOAU=","carabid","CICPUN","Cicindela punctulata","species",,"Olivier",,8,"Pearson, D., C. B. Knisley, and C. J. Kazilek. 2006. A Field Guide to the Tiger Beetles of the United States and Canada: Identification, Natural History, and Distribution of the Cicindelidae. Oxford University Press, New York.","/h2P7iNCFob6MrtXvZ/0KV0VExqkPzVY","wGVKqNu5xeXKCqkJVSQ93bpoR9cNPKGrbDACuKYLaxs=","pinned two individual"
"2dba7c0e-d35e-4733-8858-2fd57398c681","MOAB_010.basePlot.bet","D13","MOAB","MOAB_010","S","2015-09-03","2015-09-17","2015-09-18","2015-09-24","2015-12-16","MOAB_010.S.20150917","ey84eokAkd7g+RBPrOmApVucxLxZFUAlt+t8U0M+krw=","carabid","CARSP14","Carabidae sp.","family",,"Latreille","D13.2015.MorphZB",1,"Arnett Jr., R. H., and M. C. Thomas. 2001. American Beetles Archosemata, Myxophaga, Adephaga, Polyphaga: Staphyliniformia. 1st Vol. (C. Press, Ed.). 1st Ed. Boca Raton, FL.","/h2P7iNCFob6MrtXvZ/0KV0VExqkPzVY","wGVKqNu5xeXKCqkJVSQ93bpoR9cNPKGrbDACuKYLaxs=","pinned"
"de9d0741-fb02-438b-a906-bf273106d0db","MOAB_010.basePlot.bet","D13","MOAB","MOAB_010","S","2015-09-03","2015-09-17","2015-09-18","2015-09-24",,"MOAB_010.S.20150917","ey84eokAkd7g+RBPrOmApajYbgu5vfAo0gAeLcZjW5E=","invert bycatch",,,,,,,,,,"wGVKqNu5xeXKCqkJVSQ93bpoR9cNPKGrbDACuKYLaxs=",
"ec91a8c1-ba2f-4931-ac0f-bda621a76b72","MOAB_001.basePlot.bet","D13","MOAB","MOAB_001","S","2015-09-03","2015-09-17","2015-09-18","2015-09-28",,"MOAB_001.S.20150917","hc7nq0q3kZJpnnQ2oAownHoNXdAdNlB3BJNV2+wZjt8=","invert bycatch",,,,,,,,,,"/h2P7iNCFob6MrtXvZ/0KV0VExqkPzVY",
"58b71fe2-413d-44e7-839f-9677da206190","MOAB_002.basePlot.bet","D13","MOAB","MOAB_002","S","2015-09-03","2015-09-17","2015-09-18","2015-09-30",,"MOAB_002.S.20150917","dDZSo11ZohawgYoIepedwNQTUr/LPFYVgStx2ppn/Z4=","invert bycatch",,,,,,,,,,"/h2P7iNCFob6MrtXvZ/0KV0VExqkPzVY",
"3fd7a638-3ebe-4f52-9dc0-00526ec27e61","MOAB_011.basePlot.bet","D13","MOAB","MOAB_011","S","2015-09-03","2015-09-17","2015-09-18","2015-09-28",,"MOAB_011.S.20150917","fmrsV+TmgPCBbpN/aIq0fQzTE6SO1Nrqs8ncpWHT+vA=","invert bycatch",,,,,,,,,,"/h2P7iNCFob6MrtXvZ/0KV0VExqkPzVY",
"81819928-3a2a-4e71-ab5f-066d6399c9a7","MOAB_005.basePlot.bet","D13","MOAB","MOAB_005","S","2015-09-03","2015-09-17","2015-09-18","2015-09-24",,"MOAB_005.S.20150917","dErP7UpuKYu0BOno+Bn5qZpLMeW/zk8Jb0SjvbnZFAQ=","invert bycatch",,,,,,,,,,"wGVKqNu5xeXKCqkJVSQ93bpoR9cNPKGrbDACuKYLaxs=",
"0b6f3c18-e8ac-4459-b474-6ca2c88cdeb5","MOAB_011.basePlot.bet","D13","MOAB","MOAB_011","W","2015-09-03","2015-09-17","2015-09-18","2015-09-28","2015-12-09","MOAB_011.W.20150917","fmrsV+TmgPCKHJQ7+4pUd6cTEHwu8B1qXYiUwy9zkns=","vert bycatch herp","SCELSP","Sceloporus sp.","genus",,,,1,"Jones, L. J. and R. Lovich. 2009. Lizards of the American Southwest. Rio Nuevo Publishers.","wsPgf8Zw9fJKymWy47Zkre6IykLRH3+g","/h2P7iNCFob6MrtXvZ/0KV0VExqkPzVY","Species identification confirmed by Dr. Jack W. Sites, Jr., Curator of Herpetology at Brigham Young University in Provo, UT. Specimen(s) transferred to the BYU on 12/9/2015 in accordance with our BLM collection permit."
"6740173e-a19b-4218-aaa6-74f46d436f6b","MOAB_011.basePlot.bet","D13","MOAB","MOAB_011","W","2015-09-03","2015-09-17","2015-09-18","2015-09-28",,"MOAB_011.W.20150917","fmrsV+TmgPCKHJQ7+4pUdyZ3r/D/stuntJjsQr91Lxk=","invert bycatch",,,,,,,,,,"/h2P7iNCFob6MrtXvZ/0KV0VExqkPzVY",
"26a8e8c7-2226-424e-9f5a-339c6c1ad5c8","MOAB_010.basePlot.bet","D13","MOAB","MOAB_010","W","2015-09-03","2015-09-17","2015-09-18","2015-09-24","2015-12-16","MOAB_010.W.20150917","ey84eokAkd5Cp0DFClsYDm8SxCDmMHAHfq9y5aPrkkg=","carabid","CICPUN","Cicindela punctulata","species",,"Olivier",,3,"Pearson, D., C. B. Knisley, and C. J. Kazilek. 2006. A Field Guide to the Tiger Beetles of the United States and Canada: Identification, Natural History, and Distribution of the Cicindelidae. Oxford University Press, New York.","/h2P7iNCFob6MrtXvZ/0KV0VExqkPzVY","wGVKqNu5xeXKCqkJVSQ93bpoR9cNPKGrbDACuKYLaxs=","pinned two individuals"
"3d5a039f-d459-422d-9350-4fa4de0ff9dd","MOAB_001.basePlot.bet","D13","MOAB","MOAB_001","W","2015-09-03","2015-09-17","2015-09-18","2015-09-28",,"MOAB_001.W.20150917","hc7nq0q3kZJXrc+I7AKhBtYErbWxgg4r2iQEg34Hz6I=","invert bycatch",,,,,,,,,,"/h2P7iNCFob6MrtXvZ/0KV0VExqkPzVY",
"ef0bcd62-c196-47c2-ba72-042fd5a546d4","MOAB_002.basePlot.bet","D13","MOAB","MOAB_002","W","2015-09-03","2015-09-17","2015-09-18","2015-09-30",,"MOAB_002.W.20150917","dDZSo11ZohZrMC7gZYpV7tUj0Kv5d4G8zsJN+umomnM=","invert bycatch",,,,,,,,,,"/h2P7iNCFob6MrtXvZ/0KV0VExqkPzVY",
"c4287ae7-81a2-4f65-ab3a-deca6cf3be38","MOAB_005.basePlot.bet","D13","MOAB","MOAB_005","W","2015-09-03","2015-09-17","2015-09-18","2015-09-24",,"MOAB_005.W.20150917","dErP7UpuKYumuf3kDH7etVxn+P9GwtGerngsHH0FM3Q=","invert bycatch",,,,,,,,,,"wGVKqNu5xeXKCqkJVSQ93bpoR9cNPKGrbDACuKYLaxs=",
"24862257-e334-446d-9597-f66897dfd0dc","MOAB_007.basePlot.bet","D13","MOAB","MOAB_007","W","2015-09-03","2015-09-17","2015-09-18","2015-09-30","2015-12-16","MOAB_007.W.20150917","KUrFeqpu9Dt8faGCZrnLWSXeJ7HXTQR36KcciMarBX4=","carabid","CARSP14","Carabidae sp.","family",,"Latreille","D13.2015.MorphZE",1,"Lindroth, C. H. 1969. The ground-beetles (Carabidae, excl. Cicindelinae) of Canada and Alaska, parts 1-6. Opuscula E. Entomoligiska Sallskapet.","/h2P7iNCFob6MrtXvZ/0KV0VExqkPzVY","/h2P7iNCFob6MrtXvZ/0KV0VExqkPzVY","pinned"
"92536d49-cee6-43f6-a74c-28d03eb804b2","MOAB_009.basePlot.bet","D13","MOAB","MOAB_009","W","2015-09-03","2015-09-17","2015-09-18","2015-09-30",,"MOAB_009.W.20150917","r113m7c7xtw25pJDxhdj2Ky9N8k6/Hm4wev6TS6Mm4Q=","invert bycatch",,,,,,,,,,"/h2P7iNCFob6MrtXvZ/0KV0VExqkPzVY",
"4f7239ea-bb2c-4a8d-9018-a2138cf1a158","MOAB_007.basePlot.bet","D13","MOAB","MOAB_007","W","2015-09-03","2015-09-17","2015-09-18","2015-09-30",,"MOAB_007.W.20150917","KUrFeqpu9Dt8faGCZrnLWYZhvQBVOHEWdAIYauTvdoI=","invert bycatch",,,,,,,,,,"/h2P7iNCFob6MrtXvZ/0KV0VExqkPzVY",
"e38cbe85-62d7-4747-a7f6-2a8247ac63e0","MOAB_010.basePlot.bet","D13","MOAB","MOAB_010","W","2015-09-03","2015-09-17","2015-09-18","2015-09-24",,"MOAB_010.W.20150917","ey84eokAkd5Cp0DFClsYDvGyK9XRhHU9x71L+pRklhQ=","invert bycatch",,,,,,,,,,"wGVKqNu5xeXKCqkJVSQ93bpoR9cNPKGrbDACuKYLaxs=",
"a7f43a3e-a295-4ddc-b626-9baf49ac0aee","MOAB_004.basePlot.bet","D13","MOAB","MOAB_004","W","2015-09-03","2015-09-17","2015-09-18","2015-09-30","2015-12-16","MOAB_004.W.20150917","5U7Q+xBUPVsr/jfDgdu3K9QP+ihyiNP1mmFFwMZU+iE=","carabid","CICPUN","Cicindela punctulata","species",,"Olivier",,1,"Pearson, D., C. B. Knisley, and C. J. Kazilek. 2006. A Field Guide to the Tiger Beetles of the United States and Canada: Identification, Natural History, and Distribution of the Cicindelidae. Oxford University Press, New York.","/h2P7iNCFob6MrtXvZ/0KV0VExqkPzVY","/h2P7iNCFob6MrtXvZ/0KV0VExqkPzVY","pinned"
"8fa28adb-ca19-4b5c-a36c-08e3e15f3c1b","MOAB_003.basePlot.bet","D13","MOAB","MOAB_003","W","2015-09-03","2015-09-17","2015-09-18","2015-09-28",,"MOAB_003.W.20150917","IyUvclCcKUY1kqgHKVFq4gHPlQi19W2hCNwR6khVy3k=","invert bycatch",,,,,,,,,,"/h2P7iNCFob6MrtXvZ/0KV0VExqkPzVY",
"fa6db640-69d6-4284-9c86-bb79e5e6e235","MOAB_006.basePlot.bet","D13","MOAB","MOAB_006","W","2015-09-03","2015-09-17","2015-09-18","2015-09-28","2015-12-09","MOAB_006.W.20150917","W12PQsnHiUiX9EfqfND2RTLmN2jxal2v+qA5Y4TW6vs=","vert bycatch herp","SCELSP","Sceloporus sp.","genus",,,,1,"Jones, L. J. and R. Lovich. 2009. Lizards of the American Southwest. Rio Nuevo Publishers.","wsPgf8Zw9fJKymWy47Zkre6IykLRH3+g","/h2P7iNCFob6MrtXvZ/0KV0VExqkPzVY","Species identification confirmed by Dr. Jack W. Sites, Jr., Curator of Herpetology at Brigham Young University in Provo, UT. Specimen(s) transferred to the BYU on 12/9/2015 in accordance with our BLM collection permit."
"7350ea7a-aee0-439e-aa60-05096e0d6107","MOAB_011.basePlot.bet","D13","MOAB","MOAB_011","E","2015-09-03","2015-09-17","2015-09-18","2015-09-28",,"MOAB_011.E.20150917","fmrsV+TmgPBjU7/tzdyTTtwVFApXAWk5nvbX8+P6WdM=","invert bycatch",,,,,,,,,,"/h2P7iNCFob6MrtXvZ/0KV0VExqkPzVY",
