uid,namedLocation,domainID,siteID,plotID,trapID,plotType,nlcdClass,decimalLatitude,decimalLongitude,geodeticDatum,coordinateUncertainty,elevation,elevationUncertainty,setDate,collectDate,eventID,daysOfTrapping,sampleCollected,sampleID,cupStatus,lidStatus,fluidLevel,samplingProtocolVersion,recordedBy,remarks
"8ab4085f-6f11-4f06-8a7b-46b7af41ffbb","ORNL_004.basePlot.bet","D07","ORNL","ORNL_004","E","distributed","deciduousForest",35.907947,-84.275213,"WGS84",20.2,296.1,0.2,"2014-05-19","2014-06-03","ORNL.2014.23",15,"Y","ORNL_004.E.20140603","Ok","Ok","Ok","NEON.DOC.014050vE","WmAojBj4q9lPhur9nwi+LcYtlz/DsGor",
"3d11e1f0-968c-40d9-bd5a-14e137652e4d","ORNL_001.basePlot.bet","D07","ORNL","ORNL_001","W","distributed","deciduousForest",35.930250,-84.270110,"WGS84",20.2,244.6,0.3,"2014-05-19","2014-06-03","ORNL.2014.23",15,"Y","ORNL_001.W.20140603","Ok","Ok","High","NEON.DOC.014050vE","WmAojBj4q9lPhur9nwi+LcYtlz/DsGor","filled with rain water"
"7e6cfa09-2807-466d-8d05-ab1cc31e0f4c","ORNL_001.basePlot.bet","D07","ORNL","ORNL_001","E","distributed","deciduousForest",35.930250,-84.270110,"WGS84",20.2,244.6,0.3,"2014-05-19","2014-06-03","ORNL.2014.23",15,"Y","ORNL_001.E.20140603","Ok","Ok","Ok","NEON.DOC.014050vE","WmAojBj4q9lPhur9nwi+LcYtlz/DsGor",
"584b6202-b9a6-45d7-8557-a9c9a0fc3a97","ORNL_003.basePlot.bet","D07","ORNL","ORNL_003","E","distributed","deciduousForest",35.965869,-84.230640,"WGS84",20.2,262.0,0.3,"2014-05-19","2014-06-03","ORNL.2014.23",15,"Y","ORNL_003.E.20140603","Ok","Ok","High","NEON.DOC.014050vE","WmAojBj4q9lPhur9nwi+LcYtlz/DsGor",
"5bdbbe6d-2c7d-441b-85f0-45122022c552","ORNL_029.basePlot.bet","D07","ORNL","ORNL_029","E","distributed","evergreenForest",35.957646,-84.261838,"WGS84",20.1,272.5,0.2,"2014-05-19","2014-06-03","ORNL.2014.23",15,"Y","ORNL_029.E.20140603","Ok","Ok","Ok","NEON.DOC.014050vE","WmAojBj4q9lPhur9nwi+LcYtlz/DsGor",
"4af77ef9-dd9b-4925-a04c-0866af9dd544","ORNL_032.basePlot.bet","D07","ORNL","ORNL_032","E","distributed","evergreenForest",35.944516,-84.326492,"WGS84",20.2,263.1,0.2,"2014-05-19","2014-06-03","ORNL.2014.23",15,"Y","ORNL_032.E.20140603","Ok","Ok","Ok","NEON.DOC.014050vE","WmAojBj4q9lPhur9nwi+LcYtlz/DsGor",
"d04a5e9b-8c2b-4427-bd91-bb15d38ff671","ORNL_006.basePlot.bet","D07","ORNL","ORNL_006","E","distributed","deciduousForest",35.938232,-84.323686,"WGS84",20.2,283.6,0.2,"2014-05-19","2014-06-03","ORNL.2014.23",15,"Y","ORNL_006.E.20140603","Ok","Ok","Ok","NEON.DOC.014050vE","WmAojBj4q9lPhur9nwi+LcYtlz/DsGor",
"eef8856b-e520-4b1f-8000-2bd377ca857d","ORNL_027.basePlot.bet","D07","ORNL","ORNL_027","E","distributed","evergreenForest",35.916311,-84.263280,"WGS84",20.3,245.6,0.3,"2014-05-19","2014-06-03","ORNL.2014.23",15,"Y","ORNL_027.E.20140603","Ok","Ok","Ok","NEON.DOC.014050vE","WmAojBj4q9lPhur9nwi+LcYtlz/DsGor",
"fb7d1c5d-07ce-40a1-9588-e122376d242b","ORNL_031.basePlot.bet","D07","ORNL","ORNL_031","E","distributed","pastureHay",35.948607,-84.221913,"WGS84",20.1,266.7,0.1,"2014-05-19","2014-06-03","ORNL.2014.23",15,"Y","ORNL_031.E.20140603","Ok","Ok","Ok","NEON.DOC.014050vE","WmAojBj4q9lPhur9nwi+LcYtlz/DsGor",
"e7064a73-f30f-4670-81f7-805f97a65e05","ORNL_021.basePlot.bet","D07","ORNL","ORNL_021","E","distributed","pastureHay",35.955641,-84.221347,"WGS84",20.1,277.6,0.1,"2014-05-19","2014-06-03","ORNL.2014.23",15,"Y","ORNL_021.E.20140603","Ok","Ok","High","NEON.DOC.014050vE","WmAojBj4q9lPhur9nwi+LcYtlz/DsGor",
"8b7e7e6e-56ae-44be-9166-0183895cec6a","ORNL_006.basePlot.bet","D07","ORNL","ORNL_006","N","distributed","deciduousForest",35.938232,-84.323686,"WGS84",20.2,283.6,0.2,"2014-05-19","2014-06-03","ORNL.2014.23",15,"Y","ORNL_006.N.20140603","Ok","Ok","Ok","NEON.DOC.014050vE","WmAojBj4q9lPhur9nwi+LcYtlz/DsGor",
"736c6e19-078b-45a4-b18a-9b0e7520b45c","ORNL_021.basePlot.bet","D07","ORNL","ORNL_021","N","distributed","pastureHay",35.955641,-84.221347,"WGS84",20.1,277.6,0.1,"2014-05-19","2014-06-03","ORNL.2014.23",15,"Y","ORNL_021.N.20140603","Ok","Ok","Ok","NEON.DOC.014050vE","WmAojBj4q9lPhur9nwi+LcYtlz/DsGor",
"49147cc9-f2af-48ba-b77f-cfc736b9265c","ORNL_027.basePlot.bet","D07","ORNL","ORNL_027","N","distributed","evergreenForest",35.916311,-84.263280,"WGS84",20.3,245.6,0.3,"2014-05-19","2014-06-03","ORNL.2014.23",15,"Y","ORNL_027.N.20140603","Ok","Ok","Ok","NEON.DOC.014050vE","WmAojBj4q9lPhur9nwi+LcYtlz/DsGor",
"ad85012b-2f13-4b95-bfe1-6aa9eff9e3de","ORNL_031.basePlot.bet","D07","ORNL","ORNL_031","N","distributed","pastureHay",35.948607,-84.221913,"WGS84",20.1,266.7,0.1,"2014-05-19","2014-06-03","ORNL.2014.23",15,"Y","ORNL_031.N.20140603","Ok","Ok","Ok","NEON.DOC.014050vE","WmAojBj4q9lPhur9nwi+LcYtlz/DsGor",
"acba6dd6-c3ea-4097-a83d-b32e87ff8f27","ORNL_002.basePlot.bet","D07","ORNL","ORNL_002","N","distributed","deciduousForest",35.982205,-84.212754,"WGS84",20.2,306.9,0.4,"2014-05-19","2014-06-03","ORNL.2014.23",15,"Y","ORNL_002.N.20140603","Ok","Ok","Low","NEON.DOC.014050vE","WmAojBj4q9lPhur9nwi+LcYtlz/DsGor","cup was empty of fluid."
"d169be85-a9ed-43b1-bd5a-2c52d47ab87c","ORNL_004.basePlot.bet","D07","ORNL","ORNL_004","N","distributed","deciduousForest",35.907947,-84.275213,"WGS84",20.2,296.1,0.2,"2014-05-19","2014-06-03","ORNL.2014.23",15,"Y","ORNL_004.N.20140603","Ok","Ok","Ok","NEON.DOC.014050vE","WmAojBj4q9lPhur9nwi+LcYtlz/DsGor",
"3fbc45ff-548e-492a-b4fc-9dc66cf3c5d0","ORNL_029.basePlot.bet","D07","ORNL","ORNL_029","N","distributed","evergreenForest",35.957646,-84.261838,"WGS84",20.1,272.5,0.2,"2014-05-19","2014-06-03","ORNL.2014.23",15,"Y","ORNL_029.N.20140603","Ok","Ok","Ok","NEON.DOC.014050vE","WmAojBj4q9lPhur9nwi+LcYtlz/DsGor","trap re-dug| due to pine bark, trap not level to the ground."
"e00bad1d-e821-4947-b04d-3d6795bcf883","ORNL_001.basePlot.bet","D07","ORNL","ORNL_001","N","distributed","deciduousForest",35.930250,-84.270110,"WGS84",20.2,244.6,0.3,"2014-05-19","2014-06-03","ORNL.2014.23",15,"Y","ORNL_001.N.20140603","Ok","Ok","Ok","NEON.DOC.014050vE","WmAojBj4q9lPhur9nwi+LcYtlz/DsGor",
"8c655107-cb56-4091-a44d-b7311dcd078a","ORNL_003.basePlot.bet","D07","ORNL","ORNL_003","N","distributed","deciduousForest",35.965869,-84.230640,"WGS84",20.2,262.0,0.3,"2014-05-19","2014-06-03","ORNL.2014.23",15,"Y","ORNL_003.N.20140603","Ok","Ok","Ok","NEON.DOC.014050vE","WmAojBj4q9lPhur9nwi+LcYtlz/DsGor",
"6c155e4d-b674-4f18-ac35-5550ab0e7427","ORNL_032.basePlot.bet","D07","ORNL","ORNL_032","N","distributed","evergreenForest",35.944516,-84.326492,"WGS84",20.2,263.1,0.2,"2014-05-19","2014-06-03","ORNL.2014.23",15,"Y","ORNL_032.N.20140603","Ok","Ok","Ok","NEON.DOC.014050vE","WmAojBj4q9lPhur9nwi+LcYtlz/DsGor",
"1ca9bc98-91d2-416a-8c00-29ae2e3109bc","ORNL_002.basePlot.bet","D07","ORNL","ORNL_002","S","distributed","deciduousForest",35.982205,-84.212754,"WGS84",20.2,306.9,0.4,"2014-05-19","2014-06-03","ORNL.2014.23",15,"Y","ORNL_002.S.20140603","Ok","Ok","Ok","NEON.DOC.014050vE","WmAojBj4q9lPhur9nwi+LcYtlz/DsGor",
"200a2b41-d538-4b5f-8567-ebd0d47a5983","ORNL_029.basePlot.bet","D07","ORNL","ORNL_029","S","distributed","evergreenForest",35.957646,-84.261838,"WGS84",20.1,272.5,0.2,"2014-05-19","2014-06-03","ORNL.2014.23",15,"Y","ORNL_029.S.20140603","Ok","Ok","Ok","NEON.DOC.014050vE","WmAojBj4q9lPhur9nwi+LcYtlz/DsGor",
"862ed2b3-0ea7-4fd7-a73a-cb8539630b07","ORNL_001.basePlot.bet","D07","ORNL","ORNL_001","S","distributed","deciduousForest",35.930250,-84.270110,"WGS84",20.2,244.6,0.3,"2014-05-19","2014-06-03","ORNL.2014.23",15,"Y","ORNL_001.S.20140603","Ok","Ok","Ok","NEON.DOC.014050vE","WmAojBj4q9lPhur9nwi+LcYtlz/DsGor","was originally set in NW corner, so was relocated to S cardinal."
"041028c0-ba98-4070-a005-118092a6dbba","ORNL_003.basePlot.bet","D07","ORNL","ORNL_003","S","distributed","deciduousForest",35.965869,-84.230640,"WGS84",20.2,262.0,0.3,"2014-05-19","2014-06-03","ORNL.2014.23",15,"Y","ORNL_003.S.20140603","Ok","Ok","Ok","NEON.DOC.014050vE","WmAojBj4q9lPhur9nwi+LcYtlz/DsGor",
"b85748ab-c891-44c6-9a96-b3624a8f2812","ORNL_032.basePlot.bet","D07","ORNL","ORNL_032","S","distributed","evergreenForest",35.944516,-84.326492,"WGS84",20.2,263.1,0.2,"2014-05-19","2014-06-03","ORNL.2014.23",15,"Y","ORNL_032.S.20140603","Ok","Ok","Ok","NEON.DOC.014050vE","WmAojBj4q9lPhur9nwi+LcYtlz/DsGor",
"22e733be-6c83-4a7d-a9d5-f3c1b71d739b","ORNL_006.basePlot.bet","D07","ORNL","ORNL_006","S","distributed","deciduousForest",35.938232,-84.323686,"WGS84",20.2,283.6,0.2,"2014-05-19","2014-06-03","ORNL.2014.23",15,"Y","ORNL_006.S.20140603","Ok","Ok","Ok","NEON.DOC.014050vE","WmAojBj4q9lPhur9nwi+LcYtlz/DsGor",
"2e21e35b-f666-45d0-af55-fea364b43692","ORNL_021.basePlot.bet","D07","ORNL","ORNL_021","S","distributed","pastureHay",35.955641,-84.221347,"WGS84",20.1,277.6,0.1,"2014-05-19","2014-06-03","ORNL.2014.23",15,"Y","ORNL_021.S.20140603","Ok","Ok","Ok","NEON.DOC.014050vE","WmAojBj4q9lPhur9nwi+LcYtlz/DsGor",
"ee3bb0a5-dbd3-479a-a5bc-e726ab1bf93e","ORNL_027.basePlot.bet","D07","ORNL","ORNL_027","S","distributed","evergreenForest",35.916311,-84.263280,"WGS84",20.3,245.6,0.3,"2014-05-19","2014-06-03","ORNL.2014.23",15,"Y","ORNL_027.S.20140603","Ok","Ok","Ok","NEON.DOC.014050vE","WmAojBj4q9lPhur9nwi+LcYtlz/DsGor",
"c72ab25e-d47c-4485-a8fd-7ec507e94eaa","ORNL_031.basePlot.bet","D07","ORNL","ORNL_031","S","distributed","pastureHay",35.948607,-84.221913,"WGS84",20.1,266.7,0.1,"2014-05-19","2014-06-03","ORNL.2014.23",15,"Y","ORNL_031.S.20140603","Ok","Ok","Ok","NEON.DOC.014050vE","WmAojBj4q9lPhur9nwi+LcYtlz/DsGor",
"33667da1-72be-44b1-85a9-879dc047cb24","ORNL_004.basePlot.bet","D07","ORNL","ORNL_004","S","distributed","deciduousForest",35.907947,-84.275213,"WGS84",20.2,296.1,0.2,"2014-05-19","2014-06-03","ORNL.2014.23",15,"Y","ORNL_004.S.20140603","Ok","Ok","Ok","NEON.DOC.014050vE","WmAojBj4q9lPhur9nwi+LcYtlz/DsGor",
"70be8d9c-f38f-4aaf-86af-4cc05390ce3f","ORNL_004.basePlot.bet","D07","ORNL","ORNL_004","W","distributed","deciduousForest",35.907947,-84.275213,"WGS84",20.2,296.1,0.2,"2014-05-19","2014-06-03","ORNL.2014.23",15,"Y","ORNL_004.W.20140603","Ok","Ok","Ok","NEON.DOC.014050vE","WmAojBj4q9lPhur9nwi+LcYtlz/DsGor",
"8e61e411-3ba6-4e25-a68d-fcc6d7c3b375","ORNL_029.basePlot.bet","D07","ORNL","ORNL_029","W","distributed","evergreenForest",35.957646,-84.261838,"WGS84",20.1,272.5,0.2,"2014-05-19","2014-06-03","ORNL.2014.23",15,"Y","ORNL_029.W.20140603","Ok","Ok","Ok","NEON.DOC.014050vE","WmAojBj4q9lPhur9nwi+LcYtlz/DsGor",
"4ec0737b-dc17-4b1d-b3bf-079e8c41bc63","ORNL_032.basePlot.bet","D07","ORNL","ORNL_032","W","distributed","evergreenForest",35.944516,-84.326492,"WGS84",20.2,263.1,0.2,"2014-05-19","2014-06-03","ORNL.2014.23",15,"Y","ORNL_032.W.20140603","Ok","Ok","Ok","NEON.DOC.014050vE","WmAojBj4q9lPhur9nwi+LcYtlz/DsGor",
"58a24ff8-722b-4bff-9d41-6402732046d3","ORNL_003.basePlot.bet","D07","ORNL","ORNL_003","W","distributed","deciduousForest",35.965869,-84.230640,"WGS84",20.2,262.0,0.3,"2014-05-19","2014-06-03","ORNL.2014.23",15,"Y","ORNL_003.W.20140603","Ok","Ok","Ok","NEON.DOC.014050vE","WmAojBj4q9lPhur9nwi+LcYtlz/DsGor",
"5f8b5a5f-1786-4cd1-9e3e-2e910598048e","ORNL_006.basePlot.bet","D07","ORNL","ORNL_006","W","distributed","deciduousForest",35.938232,-84.323686,"WGS84",20.2,283.6,0.2,"2014-05-19","2014-06-03","ORNL.2014.23",15,"Y","ORNL_006.W.20140603","Ok","Ok","Ok","NEON.DOC.014050vE","WmAojBj4q9lPhur9nwi+LcYtlz/DsGor",
"d17e4b9f-ef64-455a-b3c8-745b9b713c94","ORNL_021.basePlot.bet","D07","ORNL","ORNL_021","W","distributed","pastureHay",35.955641,-84.221347,"WGS84",20.1,277.6,0.1,"2014-05-19","2014-06-03","ORNL.2014.23",15,"Y","ORNL_021.W.20140603","Ok","Ok","Ok","NEON.DOC.014050vE","WmAojBj4q9lPhur9nwi+LcYtlz/DsGor",
"7b9428a5-936d-4f95-9fb9-a64cbcbaf9a0","ORNL_027.basePlot.bet","D07","ORNL","ORNL_027","W","distributed","evergreenForest",35.916311,-84.263280,"WGS84",20.3,245.6,0.3,"2014-05-19","2014-06-03","ORNL.2014.23",15,"Y","ORNL_027.W.20140603","Ok","Ok","Ok","NEON.DOC.014050vE","WmAojBj4q9lPhur9nwi+LcYtlz/DsGor",
"7db9ff6b-4c2a-4e07-a877-0fc9cea9d5b8","ORNL_031.basePlot.bet","D07","ORNL","ORNL_031","W","distributed","pastureHay",35.948607,-84.221913,"WGS84",20.1,266.7,0.1,"2014-05-19","2014-06-03","ORNL.2014.23",15,"Y","ORNL_031.W.20140603","Ok","Ok","Ok","NEON.DOC.014050vE","WmAojBj4q9lPhur9nwi+LcYtlz/DsGor",
"5f055375-cfa6-4d33-a188-35a1a0339644","ORNL_002.basePlot.bet","D07","ORNL","ORNL_002","W","distributed","deciduousForest",35.982205,-84.212754,"WGS84",20.2,306.9,0.4,"2014-05-19","2014-06-03","ORNL.2014.23",15,"Y","ORNL_002.W.20140603","Ok","Ok","High","NEON.DOC.014050vE","WmAojBj4q9lPhur9nwi+LcYtlz/DsGor","full from rain run off. lots of mud."
"fe8c5784-0cf2-44fb-90d7-4b5f7b24ad03","ORNL_002.basePlot.bet","D07","ORNL","ORNL_002","E","distributed","deciduousForest",35.982205,-84.212754,"WGS84",20.2,306.9,0.4,"2014-05-19","2014-06-03","ORNL.2014.23",15,"Y","ORNL_002.E.20140603","Ok","Ok","Ok","NEON.DOC.014050vE","WmAojBj4q9lPhur9nwi+LcYtlz/DsGor",
"97e53856-f5b5-4c16-a81b-520b68c4b212","ORNL_002.basePlot.bet","D07","ORNL","ORNL_002","S","distributed","deciduousForest",35.982205,-84.212754,"WGS84",20.2,306.9,0.4,"2014-06-03","2014-06-16","ORNL.2014.25",13,"Y","ORNL_002.S.20140616","Ok","Ok","High","NEON.DOC.014050vE","WmAojBj4q9lPhur9nwi+LcYtlz/DsGor",
"199101da-a3b5-4ec7-ad38-041def0250de","ORNL_001.basePlot.bet","D07","ORNL","ORNL_001","S","distributed","deciduousForest",35.930250,-84.270110,"WGS84",20.2,244.6,0.3,"2014-06-03","2014-06-16","ORNL.2014.25",13,"Y","ORNL_001.S.20140616","Ok","Ok","Ok","NEON.DOC.014050vE","WmAojBj4q9lPhur9nwi+LcYtlz/DsGor",
"0d7e1f14-5eac-435e-aec5-38313b7f82a5","ORNL_004.basePlot.bet","D07","ORNL","ORNL_004","S","distributed","deciduousForest",35.907947,-84.275213,"WGS84",20.2,296.1,0.2,"2014-06-03","2014-06-16","ORNL.2014.25",13,"Y","ORNL_004.S.20140616","Ok","Ok","Ok","NEON.DOC.014050vE","WmAojBj4q9lPhur9nwi+LcYtlz/DsGor",
"c7b4d3f7-6297-4f28-96bf-2704f04d4b43","ORNL_032.basePlot.bet","D07","ORNL","ORNL_032","S","distributed","evergreenForest",35.944516,-84.326492,"WGS84",20.2,263.1,0.2,"2014-06-03","2014-06-16","ORNL.2014.25",13,"Y","ORNL_032.S.20140616","Ok","Ok","Ok","NEON.DOC.014050vE","WmAojBj4q9lPhur9nwi+LcYtlz/DsGor",
"60772d53-a64f-4b00-a323-b93c358d3c66","ORNL_003.basePlot.bet","D07","ORNL","ORNL_003","S","distributed","deciduousForest",35.965869,-84.230640,"WGS84",20.2,262.0,0.3,"2014-06-03","2014-06-16","ORNL.2014.25",13,"Y","ORNL_003.S.20140616","Ok","Ok","Ok","NEON.DOC.014050vE","WmAojBj4q9lPhur9nwi+LcYtlz/DsGor",
"6c56fa08-3448-4dff-a719-c4ac393dbafa","ORNL_032.basePlot.bet","D07","ORNL","ORNL_032","W","distributed","evergreenForest",35.944516,-84.326492,"WGS84",20.2,263.1,0.2,"2014-06-03","2014-06-16","ORNL.2014.25",13,"Y","ORNL_032.W.20140616","Ok","Ok","Ok","NEON.DOC.014050vE","WmAojBj4q9lPhur9nwi+LcYtlz/DsGor",
"2e4e0c40-584e-45cd-895c-841f746585bb","ORNL_003.basePlot.bet","D07","ORNL","ORNL_003","W","distributed","deciduousForest",35.965869,-84.230640,"WGS84",20.2,262.0,0.3,"2014-06-03","2014-06-16","ORNL.2014.25",13,"Y","ORNL_003.W.20140616","Ok","Ok","Ok","NEON.DOC.014050vE","WmAojBj4q9lPhur9nwi+LcYtlz/DsGor",
"250639d7-a8d2-4908-9f99-6567c2b4109f","ORNL_027.basePlot.bet","D07","ORNL","ORNL_027","W","distributed","evergreenForest",35.916311,-84.263280,"WGS84",20.3,245.6,0.3,"2014-06-03","2014-06-16","ORNL.2014.25",13,"Y","ORNL_027.W.20140616","Ok","Ok","Low","NEON.DOC.014050vE","WmAojBj4q9lPhur9nwi+LcYtlz/DsGor",
"606cb5d0-8f47-4b83-a1f8-8c310a3c9a51","ORNL_006.basePlot.bet","D07","ORNL","ORNL_006","W","distributed","deciduousForest",35.938232,-84.323686,"WGS84",20.2,283.6,0.2,"2014-06-03","2014-06-16","ORNL.2014.25",13,"Y","ORNL_006.W.20140616","Ok","Ok","Ok","NEON.DOC.014050vE","WmAojBj4q9lPhur9nwi+LcYtlz/DsGor",
"2dba97f2-9079-4793-93da-bfe14e66ed42","ORNL_004.basePlot.bet","D07","ORNL","ORNL_004","W","distributed","deciduousForest",35.907947,-84.275213,"WGS84",20.2,296.1,0.2,"2014-06-03","2014-06-16","ORNL.2014.25",13,"Y","ORNL_004.W.20140616","Ok","Ok","Ok","NEON.DOC.014050vE","WmAojBj4q9lPhur9nwi+LcYtlz/DsGor",
"5b743bab-0de1-4e0e-bca2-1f41a9a7f207","ORNL_002.basePlot.bet","D07","ORNL","ORNL_002","W","distributed","deciduousForest",35.982205,-84.212754,"WGS84",20.2,306.9,0.4,"2014-06-03","2014-06-16","ORNL.2014.25",13,"Y","ORNL_002.W.20140616","Ok","Ok","High","NEON.DOC.014050vE","WmAojBj4q9lPhur9nwi+LcYtlz/DsGor","mud in the cup"
"86117cce-ba5f-4773-8465-c726fd48a0b2","ORNL_001.basePlot.bet","D07","ORNL","ORNL_001","W","distributed","deciduousForest",35.930250,-84.270110,"WGS84",20.2,244.6,0.3,"2014-06-03","2014-06-16","ORNL.2014.25",13,"Y","ORNL_001.W.20140616","Ok","Ok","Ok","NEON.DOC.014050vE","WmAojBj4q9lPhur9nwi+LcYtlz/DsGor",
"949a999e-fa21-414b-89d8-ed861c5b6be0","ORNL_004.basePlot.bet","D07","ORNL","ORNL_004","E","distributed","deciduousForest",35.907947,-84.275213,"WGS84",20.2,296.1,0.2,"2014-06-03","2014-06-16","ORNL.2014.25",13,"Y","ORNL_004.E.20140616","Ok","Ok","Ok","NEON.DOC.014050vE","WmAojBj4q9lPhur9nwi+LcYtlz/DsGor",
"fce519d5-8cbc-4031-b00c-e957512d4610","ORNL_002.basePlot.bet","D07","ORNL","ORNL_002","E","distributed","deciduousForest",35.982205,-84.212754,"WGS84",20.2,306.9,0.4,"2014-06-03","2014-06-16","ORNL.2014.25",13,"Y","ORNL_002.E.20140616","Ok","Ok","Ok","NEON.DOC.014050vE","WmAojBj4q9lPhur9nwi+LcYtlz/DsGor",
"1be7915d-0b4f-4508-8ef1-ce24273f2f8e","ORNL_027.basePlot.bet","D07","ORNL","ORNL_027","E","distributed","evergreenForest",35.916311,-84.263280,"WGS84",20.3,245.6,0.3,"2014-06-03","2014-06-16","ORNL.2014.25",13,"Y","ORNL_027.E.20140616","Ok","Ok","Ok","NEON.DOC.014050vE","WmAojBj4q9lPhur9nwi+LcYtlz/DsGor",
"b72ca73f-e04b-459b-b193-7d25c6ab013a","ORNL_006.basePlot.bet","D07","ORNL","ORNL_006","E","distributed","deciduousForest",35.938232,-84.323686,"WGS84",20.2,283.6,0.2,"2014-06-03","2014-06-16","ORNL.2014.25",13,"Y","ORNL_006.E.20140616","Ok","Ok","Ok","NEON.DOC.014050vE","WmAojBj4q9lPhur9nwi+LcYtlz/DsGor",
"9a61bf6a-4033-4657-b6f9-cb9c4de687c9","ORNL_032.basePlot.bet","D07","ORNL","ORNL_032","E","distributed","evergreenForest",35.944516,-84.326492,"WGS84",20.2,263.1,0.2,"2014-06-03","2014-06-16","ORNL.2014.25",13,"Y","ORNL_032.E.20140616","Ok","Ok","Ok","NEON.DOC.014050vE","WmAojBj4q9lPhur9nwi+LcYtlz/DsGor",
"04fa26f5-f1bc-42f9-9f7c-e071822e31e9","ORNL_003.basePlot.bet","D07","ORNL","ORNL_003","E","distributed","deciduousForest",35.965869,-84.230640,"WGS84",20.2,262.0,0.3,"2014-06-03","2014-06-16","ORNL.2014.25",13,"Y","ORNL_003.E.20140616","Ok","Ok","Ok","NEON.DOC.014050vE","WmAojBj4q9lPhur9nwi+LcYtlz/DsGor",
"81d42fed-b095-4753-8624-3e9322b05701","ORNL_001.basePlot.bet","D07","ORNL","ORNL_001","E","distributed","deciduousForest",35.930250,-84.270110,"WGS84",20.2,244.6,0.3,"2014-06-03","2014-06-16","ORNL.2014.25",13,"Y","ORNL_001.E.20140616","Ok","Ok","Ok","NEON.DOC.014050vE","WmAojBj4q9lPhur9nwi+LcYtlz/DsGor",
"219fc5e6-6d57-4d56-a250-41af145ac1a0","ORNL_003.basePlot.bet","D07","ORNL","ORNL_003","N","distributed","deciduousForest",35.965869,-84.230640,"WGS84",20.2,262.0,0.3,"2014-06-03","2014-06-16","ORNL.2014.25",13,"Y","ORNL_003.N.20140616","Ok","Ok","Ok","NEON.DOC.014050vE","WmAojBj4q9lPhur9nwi+LcYtlz/DsGor",
"f4277b0b-5fc3-49f2-8b19-723bb661cfb9","ORNL_032.basePlot.bet","D07","ORNL","ORNL_032","N","distributed","evergreenForest",35.944516,-84.326492,"WGS84",20.2,263.1,0.2,"2014-06-03","2014-06-16","ORNL.2014.25",13,"Y","ORNL_032.N.20140616","Ok","Ok","Ok","NEON.DOC.014050vE","WmAojBj4q9lPhur9nwi+LcYtlz/DsGor",
"8c785238-ecfc-4cda-b87c-cecf05d18c28","ORNL_006.basePlot.bet","D07","ORNL","ORNL_006","N","distributed","deciduousForest",35.938232,-84.323686,"WGS84",20.2,283.6,0.2,"2014-06-03","2014-06-16","ORNL.2014.25",13,"Y","ORNL_006.N.20140616","Ok","Ok","High","NEON.DOC.014050vE","WmAojBj4q9lPhur9nwi+LcYtlz/DsGor",
"e828854b-3e28-484c-a0a9-67c6545a35e5","ORNL_002.basePlot.bet","D07","ORNL","ORNL_002","N","distributed","deciduousForest",35.982205,-84.212754,"WGS84",20.2,306.9,0.4,"2014-06-03","2014-06-16","ORNL.2014.25",13,"Y","ORNL_002.N.20140616","Ok","Ok","High","NEON.DOC.014050vE","WmAojBj4q9lPhur9nwi+LcYtlz/DsGor",
"e25b9ca6-882c-46aa-b562-28379e001878","ORNL_027.basePlot.bet","D07","ORNL","ORNL_027","N","distributed","evergreenForest",35.916311,-84.263280,"WGS84",20.3,245.6,0.3,"2014-06-03","2014-06-16","ORNL.2014.25",13,"Y","ORNL_027.N.20140616","Ok","Ok","Ok","NEON.DOC.014050vE","WmAojBj4q9lPhur9nwi+LcYtlz/DsGor",
"7a1635f2-7f1a-444f-a869-a8c18c61a72f","ORNL_001.basePlot.bet","D07","ORNL","ORNL_001","N","distributed","deciduousForest",35.930250,-84.270110,"WGS84",20.2,244.6,0.3,"2014-06-03","2014-06-16","ORNL.2014.25",13,"Y","ORNL_001.N.20140616","Ok","Ok","Ok","NEON.DOC.014050vE","WmAojBj4q9lPhur9nwi+LcYtlz/DsGor",
"6b4b6810-8a58-46ec-b206-575f4897fa6f","ORNL_004.basePlot.bet","D07","ORNL","ORNL_004","N","distributed","deciduousForest",35.907947,-84.275213,"WGS84",20.2,296.1,0.2,"2014-06-03","2014-06-16","ORNL.2014.25",13,"Y","ORNL_004.N.20140616","Ok","Ok","Ok","NEON.DOC.014050vE","WmAojBj4q9lPhur9nwi+LcYtlz/DsGor",
"d02d55b4-9cb0-42f9-b286-aac3d0cecbce","ORNL_027.basePlot.bet","D07","ORNL","ORNL_027","S","distributed","evergreenForest",35.916311,-84.263280,"WGS84",20.3,245.6,0.3,"2014-06-03","2014-06-16","ORNL.2014.25",13,"Y","ORNL_027.S.20140616","Ok","Ok","Ok","NEON.DOC.014050vE","WmAojBj4q9lPhur9nwi+LcYtlz/DsGor",
"9b9a342f-6a3a-4dfe-83ff-827f463e847b","ORNL_006.basePlot.bet","D07","ORNL","ORNL_006","S","distributed","deciduousForest",35.938232,-84.323686,"WGS84",20.2,283.6,0.2,"2014-06-03","2014-06-16","ORNL.2014.25",13,"Y","ORNL_006.S.20140616","Ok","Ok","Ok","NEON.DOC.014050vE","WmAojBj4q9lPhur9nwi+LcYtlz/DsGor",
"0dc68692-d62a-42ab-94f0-bbbf6acae0c6","ORNL_031.basePlot.bet","D07","ORNL","ORNL_031","E","distributed","pastureHay",35.948607,-84.221913,"WGS84",20.1,266.7,0.1,"2014-06-03","2014-06-17","ORNL.2014.25",14,"Y","ORNL_031.E.20140617","Ok","Ok","Ok","NEON.DOC.014050vE","WmAojBj4q9lPhur9nwi+LcYtlz/DsGor",
"660bd587-4787-4bb9-8a34-b22af5e4f731","ORNL_029.basePlot.bet","D07","ORNL","ORNL_029","E","distributed","evergreenForest",35.957646,-84.261838,"WGS84",20.1,272.5,0.2,"2014-06-03","2014-06-17","ORNL.2014.25",14,"Y","ORNL_029.E.20140617","Ok","Ok","Ok","NEON.DOC.014050vE","WmAojBj4q9lPhur9nwi+LcYtlz/DsGor",
"d7a40df2-1284-41f0-a9b9-0564e0eaeb8c","ORNL_021.basePlot.bet","D07","ORNL","ORNL_021","E","distributed","pastureHay",35.955641,-84.221347,"WGS84",20.1,277.6,0.1,"2014-06-03","2014-06-17","ORNL.2014.25",14,"Y","ORNL_021.E.20140617","Ok","Ok","Ok","NEON.DOC.014050vE","WmAojBj4q9lPhur9nwi+LcYtlz/DsGor",
"643e5bfd-e732-4eea-aeac-da042a8550bf","ORNL_021.basePlot.bet","D07","ORNL","ORNL_021","N","distributed","pastureHay",35.955641,-84.221347,"WGS84",20.1,277.6,0.1,"2014-06-03","2014-06-17","ORNL.2014.25",14,"Y","ORNL_021.N.20140617","Ok","Ok","Ok","NEON.DOC.014050vE","WmAojBj4q9lPhur9nwi+LcYtlz/DsGor",
"01d965c7-140a-4ca6-b913-763ed8ec023e","ORNL_031.basePlot.bet","D07","ORNL","ORNL_031","N","distributed","pastureHay",35.948607,-84.221913,"WGS84",20.1,266.7,0.1,"2014-06-03","2014-06-17","ORNL.2014.25",14,"Y","ORNL_031.N.20140617","Ok","Ok","Ok","NEON.DOC.014050vE","WmAojBj4q9lPhur9nwi+LcYtlz/DsGor",
"90bee143-bcc6-4660-ba1a-3daddbd3b0a9","ORNL_021.basePlot.bet","D07","ORNL","ORNL_021","W","distributed","pastureHay",35.955641,-84.221347,"WGS84",20.1,277.6,0.1,"2014-06-03","2014-06-17","ORNL.2014.25",14,"Y","ORNL_021.W.20140617","Ok","Ok","Ok","NEON.DOC.014050vE","WmAojBj4q9lPhur9nwi+LcYtlz/DsGor",
"bcf4aea9-09a5-4151-a336-dfea42648d9f","ORNL_031.basePlot.bet","D07","ORNL","ORNL_031","S","distributed","pastureHay",35.948607,-84.221913,"WGS84",20.1,266.7,0.1,"2014-06-03","2014-06-17","ORNL.2014.25",14,"Y","ORNL_031.S.20140617","Ok","Ok","Ok","NEON.DOC.014050vE","WmAojBj4q9lPhur9nwi+LcYtlz/DsGor",
"67a6f3e5-26cb-46f7-817e-92c43078dc84","ORNL_029.basePlot.bet","D07","ORNL","ORNL_029","S","distributed","evergreenForest",35.957646,-84.261838,"WGS84",20.1,272.5,0.2,"2014-06-03","2014-06-17","ORNL.2014.25",14,"Y","ORNL_029.S.20140617","Ok","Ok","Ok","NEON.DOC.014050vE","WmAojBj4q9lPhur9nwi+LcYtlz/DsGor",
"d55f99fc-325a-4aae-b5be-7585076a2503","ORNL_021.basePlot.bet","D07","ORNL","ORNL_021","S","distributed","pastureHay",35.955641,-84.221347,"WGS84",20.1,277.6,0.1,"2014-06-03","2014-06-17","ORNL.2014.25",14,"Y","ORNL_021.S.20140617","Ok","Ok","Ok","NEON.DOC.014050vE","WmAojBj4q9lPhur9nwi+LcYtlz/DsGor",
"3b263bc1-d708-409d-9bd6-0845c670aa59","ORNL_029.basePlot.bet","D07","ORNL","ORNL_029","W","distributed","evergreenForest",35.957646,-84.261838,"WGS84",20.1,272.5,0.2,"2014-06-03","2014-06-17","ORNL.2014.25",14,"Y","ORNL_029.W.20140617","Ok","Ok","Ok","NEON.DOC.014050vE","WmAojBj4q9lPhur9nwi+LcYtlz/DsGor",
"a609dd94-70c5-44e4-b5fc-0e9a8c08a8ba","ORNL_031.basePlot.bet","D07","ORNL","ORNL_031","W","distributed","pastureHay",35.948607,-84.221913,"WGS84",20.1,266.7,0.1,"2014-06-03","2014-06-17","ORNL.2014.25",14,"Y","ORNL_031.W.20140617","Ok","Ok","Ok","NEON.DOC.014050vE","WmAojBj4q9lPhur9nwi+LcYtlz/DsGor",
"3809211c-f33f-4ed5-803e-935baa001979","ORNL_029.basePlot.bet","D07","ORNL","ORNL_029","N","distributed","evergreenForest",35.957646,-84.261838,"WGS84",20.1,272.5,0.2,"2014-06-03","2014-06-17","ORNL.2014.25",14,"Y","ORNL_029.N.20140617","Ok","Ok","Ok","NEON.DOC.014050vE","WmAojBj4q9lPhur9nwi+LcYtlz/DsGor",
"b808ef3f-5fa1-4237-bd3b-e376db759b04","ORNL_006.basePlot.bet","D07","ORNL","ORNL_006","N","distributed","deciduousForest",35.938232,-84.323686,"WGS84",20.2,283.6,0.2,"2014-06-16","2014-06-30","ORNL.2014.27",14,"Y","ORNL_006.N.20140630","Ok","Ok","Ok","NEON.DOC.014050vE","WmAojBj4q9lPhur9nwi+LcYtlz/DsGor",
"15703fd3-3a16-4d4e-bed4-add38321e1db","ORNL_003.basePlot.bet","D07","ORNL","ORNL_003","N","distributed","deciduousForest",35.965869,-84.230640,"WGS84",20.2,262.0,0.3,"2014-06-16","2014-06-30","ORNL.2014.27",14,"Y","ORNL_003.N.20140630","Ok","Ok","Ok","NEON.DOC.014050vE","WmAojBj4q9lPhur9nwi+LcYtlz/DsGor",
"9198199a-2569-45b1-bc23-38e0afdb8658","ORNL_001.basePlot.bet","D07","ORNL","ORNL_001","N","distributed","deciduousForest",35.930250,-84.270110,"WGS84",20.2,244.6,0.3,"2014-06-16","2014-06-30","ORNL.2014.27",14,"Y","ORNL_001.N.20140630","Ok","Ok","Ok","NEON.DOC.014050vE","WmAojBj4q9lPhur9nwi+LcYtlz/DsGor",
"b17191c9-2def-4419-b3a5-566dfdcd398f","ORNL_002.basePlot.bet","D07","ORNL","ORNL_002","N","distributed","deciduousForest",35.982205,-84.212754,"WGS84",20.2,306.9,0.4,"2014-06-16","2014-06-30","ORNL.2014.27",14,"Y","ORNL_002.N.20140630","Ok","Ok","Ok","NEON.DOC.014050vE","WmAojBj4q9lPhur9nwi+LcYtlz/DsGor",
"9a554fab-51c3-4491-8f60-26873f43c389","ORNL_032.basePlot.bet","D07","ORNL","ORNL_032","N","distributed","evergreenForest",35.944516,-84.326492,"WGS84",20.2,263.1,0.2,"2014-06-16","2014-06-30","ORNL.2014.27",14,"Y","ORNL_032.N.20140630","Ok","Ok","Ok","NEON.DOC.014050vE","WmAojBj4q9lPhur9nwi+LcYtlz/DsGor",
"5ada01cb-3ea4-4319-a854-0d3707b1a590","ORNL_027.basePlot.bet","D07","ORNL","ORNL_027","E","distributed","evergreenForest",35.916311,-84.263280,"WGS84",20.3,245.6,0.3,"2014-06-16","2014-06-30","ORNL.2014.27",14,"Y","ORNL_027.E.20140630","Ok","Ok","Ok","NEON.DOC.014050vE","WmAojBj4q9lPhur9nwi+LcYtlz/DsGor",
"ddf5b306-f9bb-4bb6-bf1c-471548c9f409","ORNL_006.basePlot.bet","D07","ORNL","ORNL_006","E","distributed","deciduousForest",35.938232,-84.323686,"WGS84",20.2,283.6,0.2,"2014-06-16","2014-06-30","ORNL.2014.27",14,"Y","ORNL_006.E.20140630","Ok","Ok","Ok","NEON.DOC.014050vE","WmAojBj4q9lPhur9nwi+LcYtlz/DsGor",
"079c3803-6724-4092-a5b5-e37cde3f7df4","ORNL_032.basePlot.bet","D07","ORNL","ORNL_032","E","distributed","evergreenForest",35.944516,-84.326492,"WGS84",20.2,263.1,0.2,"2014-06-16","2014-06-30","ORNL.2014.27",14,"Y","ORNL_032.E.20140630","Ok","Ok","Ok","NEON.DOC.014050vE","WmAojBj4q9lPhur9nwi+LcYtlz/DsGor",
"5d124e53-4c97-4cdf-9a92-dadd6abcb5cb","ORNL_003.basePlot.bet","D07","ORNL","ORNL_003","E","distributed","deciduousForest",35.965869,-84.230640,"WGS84",20.2,262.0,0.3,"2014-06-16","2014-06-30","ORNL.2014.27",14,"Y","ORNL_003.E.20140630","Ok","Ok","Ok","NEON.DOC.014050vE","WmAojBj4q9lPhur9nwi+LcYtlz/DsGor",
"4fb82af7-e5b5-4556-827c-9faa559269db","ORNL_002.basePlot.bet","D07","ORNL","ORNL_002","E","distributed","deciduousForest",35.982205,-84.212754,"WGS84",20.2,306.9,0.4,"2014-06-16","2014-06-30","ORNL.2014.27",14,"Y","ORNL_002.E.20140630","Ok","Ok","Ok","NEON.DOC.014050vE","WmAojBj4q9lPhur9nwi+LcYtlz/DsGor",
"187907b1-69cf-4e77-8460-6fd79b90a802","ORNL_001.basePlot.bet","D07","ORNL","ORNL_001","E","distributed","deciduousForest",35.930250,-84.270110,"WGS84",20.2,244.6,0.3,"2014-06-16","2014-06-30","ORNL.2014.27",14,"Y","ORNL_001.E.20140630","Ok","Ok","Ok","NEON.DOC.014050vE","WmAojBj4q9lPhur9nwi+LcYtlz/DsGor",
"b744f8e6-dad2-4004-9c8f-3401075cf8ef","ORNL_027.basePlot.bet","D07","ORNL","ORNL_027","N","distributed","evergreenForest",35.916311,-84.263280,"WGS84",20.3,245.6,0.3,"2014-06-16","2014-06-30","ORNL.2014.27",14,"Y","ORNL_027.N.20140630","Ok","Ok","Ok","NEON.DOC.014050vE","WmAojBj4q9lPhur9nwi+LcYtlz/DsGor",
"2e6fa952-1189-4fb4-8d90-288e6f1d7cc2","ORNL_003.basePlot.bet","D07","ORNL","ORNL_003","W","distributed","deciduousForest",35.965869,-84.230640,"WGS84",20.2,262.0,0.3,"2014-06-16","2014-06-30","ORNL.2014.27",14,"Y","ORNL_003.W.20140630","Ok","Ok","Ok","NEON.DOC.014050vE","WmAojBj4q9lPhur9nwi+LcYtlz/DsGor",
"d28b45d7-b1d3-4575-a226-9286c0828dbd","ORNL_001.basePlot.bet","D07","ORNL","ORNL_001","W","distributed","deciduousForest",35.930250,-84.270110,"WGS84",20.2,244.6,0.3,"2014-06-16","2014-06-30","ORNL.2014.27",14,"Y","ORNL_001.W.20140630","Ok","Ok","Ok","NEON.DOC.014050vE","WmAojBj4q9lPhur9nwi+LcYtlz/DsGor",
"f7374dfb-7633-4975-98d4-bc4e180c944e","ORNL_002.basePlot.bet","D07","ORNL","ORNL_002","W","distributed","deciduousForest",35.982205,-84.212754,"WGS84",20.2,306.9,0.4,"2014-06-16","2014-06-30","ORNL.2014.27",14,"Y","ORNL_002.W.20140630","Ok","Ok","High","NEON.DOC.014050vE","WmAojBj4q9lPhur9nwi+LcYtlz/DsGor",
"b445bc8a-af4d-4502-b1f4-3c2192fc17b5","ORNL_006.basePlot.bet","D07","ORNL","ORNL_006","W","distributed","deciduousForest",35.938232,-84.323686,"WGS84",20.2,283.6,0.2,"2014-06-16","2014-06-30","ORNL.2014.27",14,"Y","ORNL_006.W.20140630","Ok","Ok","Ok","NEON.DOC.014050vE","WmAojBj4q9lPhur9nwi+LcYtlz/DsGor",
"8bf50dee-af7e-4d0e-b6a8-5a2a861e7b48","ORNL_027.basePlot.bet","D07","ORNL","ORNL_027","W","distributed","evergreenForest",35.916311,-84.263280,"WGS84",20.3,245.6,0.3,"2014-06-16","2014-06-30","ORNL.2014.27",14,"Y","ORNL_027.W.20140630","Ok","Ok","Ok","NEON.DOC.014050vE","WmAojBj4q9lPhur9nwi+LcYtlz/DsGor",
"ad6d48db-b3ed-4c73-9fd5-1fc3a2f84ca9","ORNL_032.basePlot.bet","D07","ORNL","ORNL_032","W","distributed","evergreenForest",35.944516,-84.326492,"WGS84",20.2,263.1,0.2,"2014-06-16","2014-06-30","ORNL.2014.27",14,"Y","ORNL_032.W.20140630","Ok","Ok","Ok","NEON.DOC.014050vE","WmAojBj4q9lPhur9nwi+LcYtlz/DsGor",
"547acf05-0900-4f8b-97a4-07eb0db92d9b","ORNL_032.basePlot.bet","D07","ORNL","ORNL_032","S","distributed","evergreenForest",35.944516,-84.326492,"WGS84",20.2,263.1,0.2,"2014-06-16","2014-06-30","ORNL.2014.27",14,"Y","ORNL_032.S.20140630","Ok","Ok","Ok","NEON.DOC.014050vE","WmAojBj4q9lPhur9nwi+LcYtlz/DsGor",
"4c42e213-d485-4d43-9b55-40011110f783","ORNL_003.basePlot.bet","D07","ORNL","ORNL_003","S","distributed","deciduousForest",35.965869,-84.230640,"WGS84",20.2,262.0,0.3,"2014-06-16","2014-06-30","ORNL.2014.27",14,"Y","ORNL_003.S.20140630","Ok","Ok","Ok","NEON.DOC.014050vE","WmAojBj4q9lPhur9nwi+LcYtlz/DsGor",
"959fc2c4-7a5c-4943-8586-9e29d6b623eb","ORNL_001.basePlot.bet","D07","ORNL","ORNL_001","S","distributed","deciduousForest",35.930250,-84.270110,"WGS84",20.2,244.6,0.3,"2014-06-16","2014-06-30","ORNL.2014.27",14,"Y","ORNL_001.S.20140630","Ok","Ok","Ok","NEON.DOC.014050vE","WmAojBj4q9lPhur9nwi+LcYtlz/DsGor",
"db5a5fa8-b9bd-4212-a71d-c0d193ecf4f0","ORNL_002.basePlot.bet","D07","ORNL","ORNL_002","S","distributed","deciduousForest",35.982205,-84.212754,"WGS84",20.2,306.9,0.4,"2014-06-16","2014-06-30","ORNL.2014.27",14,"Y","ORNL_002.S.20140630","Ok","Ok","High","NEON.DOC.014050vE","WmAojBj4q9lPhur9nwi+LcYtlz/DsGor",
"118f46d1-cfaf-4ba4-80d7-ae9836e4e41e","ORNL_027.basePlot.bet","D07","ORNL","ORNL_027","S","distributed","evergreenForest",35.916311,-84.263280,"WGS84",20.3,245.6,0.3,"2014-06-16","2014-06-30","ORNL.2014.27",14,"Y","ORNL_027.S.20140630","Ok","Ok","Ok","NEON.DOC.014050vE","WmAojBj4q9lPhur9nwi+LcYtlz/DsGor",
"a4824fb7-aed7-4462-bca3-77f0de00409b","ORNL_006.basePlot.bet","D07","ORNL","ORNL_006","S","distributed","deciduousForest",35.938232,-84.323686,"WGS84",20.2,283.6,0.2,"2014-06-16","2014-06-30","ORNL.2014.27",14,"Y","ORNL_006.S.20140630","Ok","Ok","Ok","NEON.DOC.014050vE","WmAojBj4q9lPhur9nwi+LcYtlz/DsGor",
"35de916d-1f44-4fb8-939b-353dcbc2e553","ORNL_031.basePlot.bet","D07","ORNL","ORNL_031","E","distributed","pastureHay",35.948607,-84.221913,"WGS84",20.1,266.7,0.1,"2014-06-17","2014-06-30","ORNL.2014.27",13,"Y","ORNL_031.E.20140630","Ok","Ok","Ok","NEON.DOC.014050vE","WmAojBj4q9lPhur9nwi+LcYtlz/DsGor",
"d7742010-9cb5-4cdd-b434-6faa7817ff5f","ORNL_029.basePlot.bet","D07","ORNL","ORNL_029","E","distributed","evergreenForest",35.957646,-84.261838,"WGS84",20.1,272.5,0.2,"2014-06-17","2014-06-30","ORNL.2014.27",13,"Y","ORNL_029.E.20140630","Ok","Ok","Ok","NEON.DOC.014050vE","WmAojBj4q9lPhur9nwi+LcYtlz/DsGor",
"8f244964-36b9-4d4c-af9d-892de3ab1584","ORNL_029.basePlot.bet","D07","ORNL","ORNL_029","N","distributed","evergreenForest",35.957646,-84.261838,"WGS84",20.1,272.5,0.2,"2014-06-17","2014-06-30","ORNL.2014.27",13,"Y","ORNL_029.N.20140630","Ok","Ok","Ok","NEON.DOC.014050vE","WmAojBj4q9lPhur9nwi+LcYtlz/DsGor",
"41494064-87f6-49d8-977d-6e56ae1489de","ORNL_021.basePlot.bet","D07","ORNL","ORNL_021","N","distributed","pastureHay",35.955641,-84.221347,"WGS84",20.1,277.6,0.1,"2014-06-17","2014-06-30","ORNL.2014.27",13,"Y","ORNL_021.N.20140630","Ok","Ok","Ok","NEON.DOC.014050vE","WmAojBj4q9lPhur9nwi+LcYtlz/DsGor",
"b4f15d94-fff5-48fa-a662-2e37564e4720","ORNL_031.basePlot.bet","D07","ORNL","ORNL_031","N","distributed","pastureHay",35.948607,-84.221913,"WGS84",20.1,266.7,0.1,"2014-06-17","2014-06-30","ORNL.2014.27",13,"Y","ORNL_031.N.20140630","Ok","Ok","Ok","NEON.DOC.014050vE","WmAojBj4q9lPhur9nwi+LcYtlz/DsGor",
"5ce95b6b-9bb3-467e-ae82-7db02f196ede","ORNL_021.basePlot.bet","D07","ORNL","ORNL_021","W","distributed","pastureHay",35.955641,-84.221347,"WGS84",20.1,277.6,0.1,"2014-06-17","2014-06-30","ORNL.2014.27",13,"Y","ORNL_021.W.20140630","Ok","Ok","Ok","NEON.DOC.014050vE","WmAojBj4q9lPhur9nwi+LcYtlz/DsGor",
"f2d1b1ea-cb28-41ce-b706-a7f31b437188","ORNL_021.basePlot.bet","D07","ORNL","ORNL_021","S","distributed","pastureHay",35.955641,-84.221347,"WGS84",20.1,277.6,0.1,"2014-06-17","2014-06-30","ORNL.2014.27",13,"Y","ORNL_021.S.20140630","Ok","Ok","Ok","NEON.DOC.014050vE","WmAojBj4q9lPhur9nwi+LcYtlz/DsGor",
"0b7a76e7-0220-45c6-99fb-b0ffbfff9764","ORNL_031.basePlot.bet","D07","ORNL","ORNL_031","S","distributed","pastureHay",35.948607,-84.221913,"WGS84",20.1,266.7,0.1,"2014-06-17","2014-06-30","ORNL.2014.27",13,"Y","ORNL_031.S.20140630","Ok","Ok","Ok","NEON.DOC.014050vE","WmAojBj4q9lPhur9nwi+LcYtlz/DsGor",
"180ff16d-22bb-4072-b84f-cd9b7efc3f90","ORNL_029.basePlot.bet","D07","ORNL","ORNL_029","W","distributed","evergreenForest",35.957646,-84.261838,"WGS84",20.1,272.5,0.2,"2014-06-17","2014-06-30","ORNL.2014.27",13,"Y","ORNL_029.W.20140630","Ok","Ok","Ok","NEON.DOC.014050vE","WmAojBj4q9lPhur9nwi+LcYtlz/DsGor",
"e66a37c6-9dc7-4df6-9541-29c7313cbd0b","ORNL_031.basePlot.bet","D07","ORNL","ORNL_031","W","distributed","pastureHay",35.948607,-84.221913,"WGS84",20.1,266.7,0.1,"2014-06-17","2014-06-30","ORNL.2014.27",13,"Y","ORNL_031.W.20140630","Ok","Ok","Ok","NEON.DOC.014050vE","WmAojBj4q9lPhur9nwi+LcYtlz/DsGor",
"07673758-8580-4b80-9662-58ed7ce40a2b","ORNL_021.basePlot.bet","D07","ORNL","ORNL_021","E","distributed","pastureHay",35.955641,-84.221347,"WGS84",20.1,277.6,0.1,"2014-06-17","2014-06-30","ORNL.2014.27",13,"Y","ORNL_021.E.20140630","Ok","Ok","Ok","NEON.DOC.014050vE","WmAojBj4q9lPhur9nwi+LcYtlz/DsGor",
"ae1e9e5c-ae43-4ba8-9d65-62ab8dd24588","ORNL_029.basePlot.bet","D07","ORNL","ORNL_029","S","distributed","evergreenForest",35.957646,-84.261838,"WGS84",20.1,272.5,0.2,"2014-06-17","2014-06-30","ORNL.2014.27",13,"Y","ORNL_029.S.20140630","Ok","Ok","Low","NEON.DOC.014050vE","WmAojBj4q9lPhur9nwi+LcYtlz/DsGor","cup empty of PG but had catch in it"
