uid,namedLocation,domainID,siteID,plotID,trapID,setDate,collectDate,processingDate,etOHChangeDate,identifiedDate,sampleID,subsampleID,sampleType,taxonID,scientificName,taxonRank,identificationQualifier,scientificNameAuthorship,morphospeciesID,individualCount,identificationReferences,identifiedBy,recordedBy,remarks
"e7b8add9-3d53-4395-85a2-81a6fa4e4f83","ORNL_004.basePlot.bet","D07","ORNL","ORNL_004","S","2014-05-19","2014-06-03","2014-06-04","2014-06-04","2015-01-08","ORNL_004.S.20140603","qnVzy9oXbL1h21nP00fGynG90JkAfxK6i/QWBI2CI1Q=","carabid","CYLUNI","Cylindera unipunctata","species",,"Fabricius",,1,"Kaufman, K., R. Bowers, and N. Bowers. 2007. Kaufman Field Guide to Mammals of North America. 12th Ed. Houghton Mifflin Company, New York, NY.","SwQFnZuakvNlojbzbwi0Q7Lk54l+Hztc0cig3HNKUGA=","nAKPQvGWPz3w50pS9SF/Wg/TlEjgxRE8","all pinned"
"d9dcc090-1fe0-4fd9-9362-dfc059e93ae1","ORNL_002.basePlot.bet","D07","ORNL","ORNL_002","S","2014-05-19","2014-06-03","2014-06-04","2014-06-04","2015-01-08","ORNL_002.S.20140603","FcwZvbWDjdgugsHpabABtt8AVfHnVMXCjj/BpX0kUtw=","carabid","CYCFUC","Cyclotrachelus fucatus","species","cf. species","Freitag",,1,"Kaufman, K., R. Bowers, and N. Bowers. 2007. Kaufman Field Guide to Mammals of North America. 12th Ed. Houghton Mifflin Company, New York, NY.","nAKPQvGWPz3w50pS9SF/Wg/TlEjgxRE8","nAKPQvGWPz3w50pS9SF/Wg/TlEjgxRE8","all pinned"
"792c7ef9-650f-4f79-8560-b912fce78722","ORNL_027.basePlot.bet","D07","ORNL","ORNL_027","S","2014-05-19","2014-06-03","2014-06-04","2014-06-04","2015-01-08","ORNL_027.S.20140603","di/gYcSB3uDc5MxHkX1EfEQmHTE/NX96JdMrCSfiytY=","carabid","GALJAN","Galerita janus","species","cf. species","Fabricius",,1,"Kaufman, K., R. Bowers, and N. Bowers. 2007. Kaufman Field Guide to Mammals of North America. 12th Ed. Houghton Mifflin Company, New York, NY.","nAKPQvGWPz3w50pS9SF/Wg/TlEjgxRE8","nAKPQvGWPz3w50pS9SF/Wg/TlEjgxRE8","all pinned"
"e4b94cfd-dc23-4b9a-85bc-2f6f00e92aea","ORNL_027.basePlot.bet","D07","ORNL","ORNL_027","S","2014-05-19","2014-06-03","2014-06-04","2014-06-04","2015-01-08","ORNL_027.S.20140603","di/gYcSB3uDc5MxHkX1EfCE2GkFuD0PDJ1iglNVlTTg=","carabid","CARSP14","Carabidae sp.","family",,"Latreille","D07.2014.MorphA",1,"Other","nAKPQvGWPz3w50pS9SF/Wg/TlEjgxRE8","nAKPQvGWPz3w50pS9SF/Wg/TlEjgxRE8","ALL PINNED"
"a7380266-e9e4-41eb-acbb-667ee655801c","ORNL_002.basePlot.bet","D07","ORNL","ORNL_002","S","2014-05-19","2014-06-03","2014-06-04","2014-06-04","2015-01-08","ORNL_002.S.20140603","FcwZvbWDjdgugsHpabABtlAzxtKeDXouB/EDNkVaHOk=","carabid","HARSP7","Harpalus sp.","genus",,"Latreille",,1,"Kaufman, K., R. Bowers, and N. Bowers. 2007. Kaufman Field Guide to Mammals of North America. 12th Ed. Houghton Mifflin Company, New York, NY.","nAKPQvGWPz3w50pS9SF/Wg/TlEjgxRE8","nAKPQvGWPz3w50pS9SF/Wg/TlEjgxRE8","all pinned"
"01620508-20a2-44b7-b515-51386899ff45","ORNL_006.basePlot.bet","D07","ORNL","ORNL_006","S","2014-05-19","2014-06-03","2014-06-04","2014-06-04","2015-01-08","ORNL_006.S.20140603","XUOG9+A5sIO+WCCWVG2uYV8b4BSzijPjQE+WGvIY7qI=","carabid","CYCFUC","Cyclotrachelus fucatus","species","cf. species","Freitag",,3,"Kaufman, K., R. Bowers, and N. Bowers. 2007. Kaufman Field Guide to Mammals of North America. 12th Ed. Houghton Mifflin Company, New York, NY.","nAKPQvGWPz3w50pS9SF/Wg/TlEjgxRE8","nAKPQvGWPz3w50pS9SF/Wg/TlEjgxRE8","all pinned"
"6901717f-a9c7-465d-ba2b-d30c11d52810","ORNL_006.basePlot.bet","D07","ORNL","ORNL_006","S","2014-05-19","2014-06-03","2014-06-04","2014-06-04","2015-01-08","ORNL_006.S.20140603","XUOG9+A5sIO+WCCWVG2uYaKpdgm90eg8eK3Dz7zGhbA=","carabid","CYCSOD2","Cyclotrachelus sodalis sodalis","subspecies","cf. species","LeConte",,1,"Kaufman, K., R. Bowers, and N. Bowers. 2007. Kaufman Field Guide to Mammals of North America. 12th Ed. Houghton Mifflin Company, New York, NY.","nAKPQvGWPz3w50pS9SF/Wg/TlEjgxRE8","nAKPQvGWPz3w50pS9SF/Wg/TlEjgxRE8","all pinned"
"df3cad12-2bdd-42ca-8f40-4665d880e430","ORNL_032.basePlot.bet","D07","ORNL","ORNL_032","W","2014-05-19","2014-06-03","2014-06-04","2014-06-04","2015-01-08","ORNL_032.W.20140603","DcTblkLRhlewiKLiNsBV9S1dtOBITvmdUkZz6KCm5WU=","carabid","CHLSP10","Chlaenius sp.","genus",,"Bonelli",,1,"Kaufman, K., R. Bowers, and N. Bowers. 2007. Kaufman Field Guide to Mammals of North America. 12th Ed. Houghton Mifflin Company, New York, NY.","SwQFnZuakvNlojbzbwi0Q7Lk54l+Hztc0cig3HNKUGA=","nAKPQvGWPz3w50pS9SF/Wg/TlEjgxRE8","all pinned"
"dae1b539-f174-4aa5-88a0-dfff06907556","ORNL_029.basePlot.bet","D07","ORNL","ORNL_029","W","2014-05-19","2014-06-03","2014-06-04","2014-06-04","2015-01-08","ORNL_029.W.20140603","7LdWMHVTMySQyNV+4IwMemqsbIkLj+MKI2idCJr6meM=","carabid","CYCSOD2","Cyclotrachelus sodalis sodalis","subspecies","cf. species","LeConte",,2,"Kaufman, K., R. Bowers, and N. Bowers. 2007. Kaufman Field Guide to Mammals of North America. 12th Ed. Houghton Mifflin Company, New York, NY.","nAKPQvGWPz3w50pS9SF/Wg/TlEjgxRE8","nAKPQvGWPz3w50pS9SF/Wg/TlEjgxRE8","all pinned"
"533fc20d-682c-436a-8158-9ade694681b7","ORNL_032.basePlot.bet","D07","ORNL","ORNL_032","W","2014-05-19","2014-06-03","2014-06-04","2014-06-04","2015-01-08","ORNL_032.W.20140603","DcTblkLRhlewiKLiNsBV9dmk2tKD6ngopiiq0H67KzY=","carabid","CYCFUC","Cyclotrachelus fucatus","species","cf. species","Freitag",,3,"Kaufman, K., R. Bowers, and N. Bowers. 2007. Kaufman Field Guide to Mammals of North America. 12th Ed. Houghton Mifflin Company, New York, NY.","nAKPQvGWPz3w50pS9SF/Wg/TlEjgxRE8","nAKPQvGWPz3w50pS9SF/Wg/TlEjgxRE8","all pinned"
"740a4344-b741-4244-938e-3cf669cc1186","ORNL_003.basePlot.bet","D07","ORNL","ORNL_003","W","2014-05-19","2014-06-03","2014-06-04","2014-06-04","2015-01-08","ORNL_003.W.20140603","952sL8sB3/h61xzhTCEUTkuPEV+mVxpLnrPb3QsMJL0=","carabid","CYCSOD2","Cyclotrachelus sodalis sodalis","subspecies","cf. species","LeConte",,1,"Kaufman, K., R. Bowers, and N. Bowers. 2007. Kaufman Field Guide to Mammals of North America. 12th Ed. Houghton Mifflin Company, New York, NY.","nAKPQvGWPz3w50pS9SF/Wg/TlEjgxRE8","nAKPQvGWPz3w50pS9SF/Wg/TlEjgxRE8","all pinned"
"4d8c9cf4-93f7-4f55-89de-c0620d2e9737","ORNL_003.basePlot.bet","D07","ORNL","ORNL_003","W","2014-05-19","2014-06-03","2014-06-04","2014-06-04","2015-01-08","ORNL_003.W.20140603","952sL8sB3/h61xzhTCEUTjcOxFowsR/NufH/QVV4a1w=","carabid","CYCFUC","Cyclotrachelus fucatus","species","cf. species","Freitag",,1,"Kaufman, K., R. Bowers, and N. Bowers. 2007. Kaufman Field Guide to Mammals of North America. 12th Ed. Houghton Mifflin Company, New York, NY.","nAKPQvGWPz3w50pS9SF/Wg/TlEjgxRE8","nAKPQvGWPz3w50pS9SF/Wg/TlEjgxRE8","all pinned"
"c04af819-80be-4a6f-9361-c16aa11e37bc","ORNL_002.basePlot.bet","D07","ORNL","ORNL_002","W","2014-05-19","2014-06-03","2014-06-04","2014-06-04","2015-01-08","ORNL_002.W.20140603","FcwZvbWDjdiZxgA+A+PAD+NHMc/CspCDXE4GXQG1x7Q=","carabid","CYCFUC","Cyclotrachelus fucatus","species","cf. species","Freitag",,1,"Kaufman, K., R. Bowers, and N. Bowers. 2007. Kaufman Field Guide to Mammals of North America. 12th Ed. Houghton Mifflin Company, New York, NY.","nAKPQvGWPz3w50pS9SF/Wg/TlEjgxRE8","nAKPQvGWPz3w50pS9SF/Wg/TlEjgxRE8","all pinned"
"3075d97b-b133-4513-b67f-bf05092dbbd2","ORNL_001.basePlot.bet","D07","ORNL","ORNL_001","W","2014-05-19","2014-06-03","2014-06-04","2014-06-04","2015-01-08","ORNL_001.W.20140603","1iGudFvILgmGq9ZwnrQSvWchq45Guff1JIotolFL2s4=","carabid","CYCFUC","Cyclotrachelus fucatus","species","cf. species","Freitag",,1,"Kaufman, K., R. Bowers, and N. Bowers. 2007. Kaufman Field Guide to Mammals of North America. 12th Ed. Houghton Mifflin Company, New York, NY.","nAKPQvGWPz3w50pS9SF/Wg/TlEjgxRE8","nAKPQvGWPz3w50pS9SF/Wg/TlEjgxRE8","all pinned"
"f2fdd0ba-acdc-48ee-93e1-f03edcce91b9","ORNL_004.basePlot.bet","D07","ORNL","ORNL_004","W","2014-05-19","2014-06-03","2014-06-04","2014-06-04","2015-01-08","ORNL_004.W.20140603","qnVzy9oXbL11H11uXxBr/GtRYP+HGRRR9bBBQM0gNI0=","carabid","CYCFUC","Cyclotrachelus fucatus","species","cf. species","Freitag",,1,"Kaufman, K., R. Bowers, and N. Bowers. 2007. Kaufman Field Guide to Mammals of North America. 12th Ed. Houghton Mifflin Company, New York, NY.","nAKPQvGWPz3w50pS9SF/Wg/TlEjgxRE8","nAKPQvGWPz3w50pS9SF/Wg/TlEjgxRE8","all pinned"
"2c23d84b-9270-4b38-aa4c-e12f4918c09f","ORNL_002.basePlot.bet","D07","ORNL","ORNL_002","W","2014-05-19","2014-06-03","2014-06-04","2014-06-04","2015-01-08","ORNL_002.W.20140603","FcwZvbWDjdiZxgA+A+PAD4iLdTOyYJ9rC80UMM9EUJY=","carabid","HARSP7","Harpalus sp.","genus",,"Latreille",,1,"Kaufman, K., R. Bowers, and N. Bowers. 2007. Kaufman Field Guide to Mammals of North America. 12th Ed. Houghton Mifflin Company, New York, NY.","nAKPQvGWPz3w50pS9SF/Wg/TlEjgxRE8","nAKPQvGWPz3w50pS9SF/Wg/TlEjgxRE8","all pinned"
"b9d5c6c3-172c-4f46-8e9b-69bb0b725b1e","ORNL_031.basePlot.bet","D07","ORNL","ORNL_031","W","2014-05-19","2014-06-03","2014-06-04","2014-06-04","2015-01-08","ORNL_031.W.20140603","G1V5MttZ4JJqbrnNbrZm6j/HA4nez6U1Gibh5cqUsWQ=","carabid","SCASP12","Scarites sp.","genus",,"Fabricius",,1,"Kaufman, K., R. Bowers, and N. Bowers. 2007. Kaufman Field Guide to Mammals of North America. 12th Ed. Houghton Mifflin Company, New York, NY.","SwQFnZuakvNlojbzbwi0Q7Lk54l+Hztc0cig3HNKUGA=","nAKPQvGWPz3w50pS9SF/Wg/TlEjgxRE8","all pinned"
"90be633f-68d4-4228-8e97-e71108f18003","ORNL_002.basePlot.bet","D07","ORNL","ORNL_002","W","2014-05-19","2014-06-03","2014-06-04","2014-06-04","2015-01-08","ORNL_002.W.20140603","FcwZvbWDjdiZxgA+A+PADzMnZmYa0Gl5irIQY6Ef7JA=","carabid","DICSP5","Dicaelus sp.","genus",,"Bonelli",,1,"Kaufman, K., R. Bowers, and N. Bowers. 2007. Kaufman Field Guide to Mammals of North America. 12th Ed. Houghton Mifflin Company, New York, NY.","SwQFnZuakvNlojbzbwi0Q7Lk54l+Hztc0cig3HNKUGA=","nAKPQvGWPz3w50pS9SF/Wg/TlEjgxRE8","all pinned"
"1b3593eb-0022-47c9-8e4b-965ab7e6a094","ORNL_006.basePlot.bet","D07","ORNL","ORNL_006","W","2014-05-19","2014-06-03","2014-06-04","2014-06-04","2015-01-08","ORNL_006.W.20140603","XUOG9+A5sINdX84tSJZ7upNqcmRuyx4wk7Y65scT0e8=","carabid","CYCFUC","Cyclotrachelus fucatus","species","cf. species","Freitag",,8,"Kaufman, K., R. Bowers, and N. Bowers. 2007. Kaufman Field Guide to Mammals of North America. 12th Ed. Houghton Mifflin Company, New York, NY.","nAKPQvGWPz3w50pS9SF/Wg/TlEjgxRE8","nAKPQvGWPz3w50pS9SF/Wg/TlEjgxRE8","all pinned"
"5ef9f9c8-d1c7-4507-9b72-f369248d5512","ORNL_027.basePlot.bet","D07","ORNL","ORNL_027","W","2014-05-19","2014-06-03","2014-06-04","2014-06-04","2015-01-08","ORNL_027.W.20140603","di/gYcSB3uBQaKXEjHeU8INnAUa95BP0T5vtrLs3aLs=","carabid","CARSP14","Carabidae sp.","family",,"Latreille","D07.2014.MorphA",6,"Other",,"nAKPQvGWPz3w50pS9SF/Wg/TlEjgxRE8","ALL PINNED"
"1d475e2e-8dd2-49d2-8d86-f05fcda7b428","ORNL_027.basePlot.bet","D07","ORNL","ORNL_027","W","2014-05-19","2014-06-03","2014-06-04","2014-06-04","2015-01-08","ORNL_027.W.20140603","di/gYcSB3uBQaKXEjHeU8FBuamx2yNtg3wMM5GUpmmQ=","carabid","CYCFUC","Cyclotrachelus fucatus","species","cf. species","Freitag",,1,"Kaufman, K., R. Bowers, and N. Bowers. 2007. Kaufman Field Guide to Mammals of North America. 12th Ed. Houghton Mifflin Company, New York, NY.","nAKPQvGWPz3w50pS9SF/Wg/TlEjgxRE8","nAKPQvGWPz3w50pS9SF/Wg/TlEjgxRE8","all pinned"
"03b132c0-8ce9-4d92-af5d-a00073c3d30b","ORNL_029.basePlot.bet","D07","ORNL","ORNL_029","E","2014-05-19","2014-06-03","2014-06-04","2014-06-04","2015-01-08","ORNL_029.E.20140603","7LdWMHVTMyTGnpRE8+acbhQ6zXkuRGhVW38yat6h4NI=","carabid","CYCSOD2","Cyclotrachelus sodalis sodalis","subspecies","cf. species","LeConte",,1,"Kaufman, K., R. Bowers, and N. Bowers. 2007. Kaufman Field Guide to Mammals of North America. 12th Ed. Houghton Mifflin Company, New York, NY.","nAKPQvGWPz3w50pS9SF/Wg/TlEjgxRE8","nAKPQvGWPz3w50pS9SF/Wg/TlEjgxRE8","all pinned"
"51bb91e7-90ce-4066-a887-d53ea3beaad6","ORNL_032.basePlot.bet","D07","ORNL","ORNL_032","E","2014-05-19","2014-06-03","2014-06-04","2014-06-04","2015-01-08","ORNL_032.E.20140603","DcTblkLRhlec+GvS3BxY51ehLuz5YWAOp0FLOr++s4Y=","carabid","CYCFUC","Cyclotrachelus fucatus","species","cf. species","Freitag",,4,"Kaufman, K., R. Bowers, and N. Bowers. 2007. Kaufman Field Guide to Mammals of North America. 12th Ed. Houghton Mifflin Company, New York, NY.","nAKPQvGWPz3w50pS9SF/Wg/TlEjgxRE8","nAKPQvGWPz3w50pS9SF/Wg/TlEjgxRE8","all pinned"
"076edd17-aa09-4677-aad9-b2ce56d9eddb","ORNL_021.basePlot.bet","D07","ORNL","ORNL_021","E","2014-05-19","2014-06-03","2014-06-04","2014-06-04","2015-01-08","ORNL_021.E.20140603","LlqcsvOjN4Dt83E2LbwgnnOwnhf6Vbbdladj66kXcVo=","carabid","ANISP9","Anisodactylus sp.","genus",,"Dejean",,1,"Kaufman, K., R. Bowers, and N. Bowers. 2007. Kaufman Field Guide to Mammals of North America. 12th Ed. Houghton Mifflin Company, New York, NY.","SwQFnZuakvNlojbzbwi0Q7Lk54l+Hztc0cig3HNKUGA=","nAKPQvGWPz3w50pS9SF/Wg/TlEjgxRE8","all pinned"
"07786b9a-dcf5-4120-8a9a-2ddc83428de8","ORNL_031.basePlot.bet","D07","ORNL","ORNL_031","E","2014-05-19","2014-06-03","2014-06-04","2014-06-04","2015-01-08","ORNL_031.E.20140603","G1V5MttZ4JL8onh0fiaMxIaXiLi0o3jfDZkt96UCYGQ=","carabid","ANISP9","Anisodactylus sp.","genus",,"Dejean",,2,"Kaufman, K., R. Bowers, and N. Bowers. 2007. Kaufman Field Guide to Mammals of North America. 12th Ed. Houghton Mifflin Company, New York, NY.","SwQFnZuakvNlojbzbwi0Q7Lk54l+Hztc0cig3HNKUGA=","nAKPQvGWPz3w50pS9SF/Wg/TlEjgxRE8","all pinned"
"6a16337b-c379-4c4d-9e05-21d4021bb227","ORNL_021.basePlot.bet","D07","ORNL","ORNL_021","E","2014-05-19","2014-06-03","2014-06-04","2014-06-04",,"ORNL_021.E.20140603","LlqcsvOjN4Dt83E2Lbwgngx71c44FkZdRejOkh7OvGk=","other carabid","CARSP14","Carabidae sp.","family",,"Latreille",,1,"Other",,"nAKPQvGWPz3w50pS9SF/Wg/TlEjgxRE8","individualCount estimated based on number of pinning records|D07.2014.MorphB, pinned"
"a6e6ed0c-6e06-4311-b195-6efc5a22726c","ORNL_031.basePlot.bet","D07","ORNL","ORNL_031","E","2014-05-19","2014-06-03","2014-06-04","2014-06-04","2015-01-08","ORNL_031.E.20140603","G1V5MttZ4JL8onh0fiaMxPSSJ9ScQ1bIBr1DNq1XU1s=","carabid","SCASP12","Scarites sp.","genus",,"Fabricius",,1,"Kaufman, K., R. Bowers, and N. Bowers. 2007. Kaufman Field Guide to Mammals of North America. 12th Ed. Houghton Mifflin Company, New York, NY.","SwQFnZuakvNlojbzbwi0Q7Lk54l+Hztc0cig3HNKUGA=","nAKPQvGWPz3w50pS9SF/Wg/TlEjgxRE8","all pinned"
"1742066c-82a9-4acc-bb43-ea13ffa652e6","ORNL_027.basePlot.bet","D07","ORNL","ORNL_027","E","2014-05-19","2014-06-03","2014-06-04","2014-06-04","2015-01-08","ORNL_027.E.20140603","di/gYcSB3uBrVsec72T1U8LwVkOmd3ELwVjN/PJCEOk=","carabid","CHLSP10","Chlaenius sp.","genus",,"Bonelli",,1,"Kaufman, K., R. Bowers, and N. Bowers. 2007. Kaufman Field Guide to Mammals of North America. 12th Ed. Houghton Mifflin Company, New York, NY.","SwQFnZuakvNlojbzbwi0Q7Lk54l+Hztc0cig3HNKUGA=","nAKPQvGWPz3w50pS9SF/Wg/TlEjgxRE8","all pinned"
"bb47c2f7-f0c5-4357-ab0a-0a5b3d3e5da3","ORNL_027.basePlot.bet","D07","ORNL","ORNL_027","E","2014-05-19","2014-06-03","2014-06-04","2014-06-04","2015-01-08","ORNL_027.E.20140603","di/gYcSB3uBrVsec72T1U+G1ylFtGjb6rwp88kZi/GY=","carabid","CYLUNI","Cylindera unipunctata","species",,"Fabricius",,1,"Kaufman, K., R. Bowers, and N. Bowers. 2007. Kaufman Field Guide to Mammals of North America. 12th Ed. Houghton Mifflin Company, New York, NY.","SwQFnZuakvNlojbzbwi0Q7Lk54l+Hztc0cig3HNKUGA=","nAKPQvGWPz3w50pS9SF/Wg/TlEjgxRE8","all pinned"
"15ed51ac-d87f-41d7-995b-395cc6fd384e","ORNL_021.basePlot.bet","D07","ORNL","ORNL_021","E","2014-05-19","2014-06-03","2014-06-04","2014-06-04",,"ORNL_021.E.20140603","LlqcsvOjN4Dt83E2LbwgnrSvHn/v9A6uIXU/eFVisZM=","other carabid","CARSP14","Carabidae sp.","family",,"Latreille",,2,"Other",,"nAKPQvGWPz3w50pS9SF/Wg/TlEjgxRE8","individualCount estimated based on number of pinning records|D07.2014.MorphC| all pinned"
"16672776-df4a-4090-8f2f-d8a5dba0918e","ORNL_004.basePlot.bet","D07","ORNL","ORNL_004","N","2014-05-19","2014-06-03","2014-06-04","2014-06-04",,"ORNL_004.N.20140603","qnVzy9oXbL2WfYqna9ibgjHV2eZFmIiWiNMf0w6TzsM=","invert bycatch",,,,,,,,,,"nAKPQvGWPz3w50pS9SF/Wg/TlEjgxRE8",
"8ca11e2f-f024-430f-9c8e-afff555cb671","ORNL_003.basePlot.bet","D07","ORNL","ORNL_003","N","2014-05-19","2014-06-03","2014-06-04","2014-06-04",,"ORNL_003.N.20140603","952sL8sB3/hPgCSVW0iY/mDgCxe70aMSBZNJ2RRDxME=","invert bycatch",,,,,,,,,,"nAKPQvGWPz3w50pS9SF/Wg/TlEjgxRE8",
"1a450177-3595-4d2b-9e65-b25d80119c7f","ORNL_003.basePlot.bet","D07","ORNL","ORNL_003","N","2014-05-19","2014-06-03","2014-06-04","2014-06-04",,"ORNL_003.N.20140603","952sL8sB3/hPgCSVW0iY/mDgCxe70aMSnxFW39rh3y8=","invert bycatch",,,,,,,,,,"nAKPQvGWPz3w50pS9SF/Wg/TlEjgxRE8",
"f0189a86-d3a7-4de9-a5dd-7a3c17315132","ORNL_032.basePlot.bet","D07","ORNL","ORNL_032","N","2014-05-19","2014-06-03","2014-06-04","2014-06-04","2015-01-08","ORNL_032.N.20140603","DcTblkLRhlctKT64h1wczhwUqhowt3loYJZtCO6Sc04=","carabid","CYCFUC","Cyclotrachelus fucatus","species","cf. species","Freitag",,5,"Kaufman, K., R. Bowers, and N. Bowers. 2007. Kaufman Field Guide to Mammals of North America. 12th Ed. Houghton Mifflin Company, New York, NY.","nAKPQvGWPz3w50pS9SF/Wg/TlEjgxRE8","nAKPQvGWPz3w50pS9SF/Wg/TlEjgxRE8","all pinned"
"5dc2ba04-f974-4d53-b995-207d6e61c825","ORNL_006.basePlot.bet","D07","ORNL","ORNL_006","N","2014-05-19","2014-06-03","2014-06-04","2014-06-04","2015-01-08","ORNL_006.N.20140603","XUOG9+A5sIM2AutjsFun46Yp4MzCYlm4veFlJ3FgJSg=","carabid","CYCFUC","Cyclotrachelus fucatus","species","cf. species","Freitag",,3,"Kaufman, K., R. Bowers, and N. Bowers. 2007. Kaufman Field Guide to Mammals of North America. 12th Ed. Houghton Mifflin Company, New York, NY.","nAKPQvGWPz3w50pS9SF/Wg/TlEjgxRE8","nAKPQvGWPz3w50pS9SF/Wg/TlEjgxRE8","all pinned"
"f78a5ebe-46a1-43ac-881d-559f87c70303","ORNL_021.basePlot.bet","D07","ORNL","ORNL_021","N","2014-05-19","2014-06-03","2014-06-04","2014-06-04","2015-01-08","ORNL_021.N.20140603","LlqcsvOjN4BiVKEwjni1b37vkSJI4Zx9WkxuS1O+gto=","carabid","ANISP9","Anisodactylus sp.","genus",,"Dejean",,1,"Kaufman, K., R. Bowers, and N. Bowers. 2007. Kaufman Field Guide to Mammals of North America. 12th Ed. Houghton Mifflin Company, New York, NY.","SwQFnZuakvNlojbzbwi0Q7Lk54l+Hztc0cig3HNKUGA=","nAKPQvGWPz3w50pS9SF/Wg/TlEjgxRE8","all pinned"
"1cb313ea-2ed0-4370-8542-62b1d512b8dc","ORNL_031.basePlot.bet","D07","ORNL","ORNL_031","N","2014-05-19","2014-06-03","2014-06-04","2014-06-04",,"ORNL_031.N.20140603","G1V5MttZ4JLyxCEPmthBvEcZcFeHVWW1opzKbr/GyXk=","invert bycatch",,,,,,,,,,"nAKPQvGWPz3w50pS9SF/Wg/TlEjgxRE8",
"844dbc28-a66b-4b8d-8e64-6f2289eadcfd","ORNL_021.basePlot.bet","D07","ORNL","ORNL_021","N","2014-05-19","2014-06-03","2014-06-04","2014-06-04",,"ORNL_021.N.20140603","LlqcsvOjN4BiVKEwjni1b4+hlFFSfCgIfu4yhkvsF/k=","invert bycatch",,,,,,,,,,"nAKPQvGWPz3w50pS9SF/Wg/TlEjgxRE8",
"1b887577-d899-4a34-8701-20471e3d41b1","ORNL_006.basePlot.bet","D07","ORNL","ORNL_006","N","2014-05-19","2014-06-03","2014-06-04","2014-06-04",,"ORNL_006.N.20140603","XUOG9+A5sIM2AutjsFun49DBhYmmRQ3k1KnOdmulUWQ=","invert bycatch",,,,,,,,,,"nAKPQvGWPz3w50pS9SF/Wg/TlEjgxRE8",
"fce9cdb2-b582-4068-9648-2ca270131a08","ORNL_027.basePlot.bet","D07","ORNL","ORNL_027","N","2014-05-19","2014-06-03","2014-06-04","2014-06-04",,"ORNL_027.N.20140603","di/gYcSB3uASifuksiMwvnj5u6oQnXKwVdDLcvCSSGk=","invert bycatch",,,,,,,,,,"nAKPQvGWPz3w50pS9SF/Wg/TlEjgxRE8",
"28be7077-4236-44e2-b85c-e4d8d65a62b6","ORNL_002.basePlot.bet","D07","ORNL","ORNL_002","N","2014-05-19","2014-06-03","2014-06-04","2014-06-04",,"ORNL_002.N.20140603","FcwZvbWDjdjoj7fDp6bZ6TAJLvIBokRxy6jP8Xm3Kl8=","invert bycatch",,,,,,,,,,"nAKPQvGWPz3w50pS9SF/Wg/TlEjgxRE8",
"46244cc3-e01f-492e-8014-6eb9350c16dc","ORNL_001.basePlot.bet","D07","ORNL","ORNL_001","N","2014-05-19","2014-06-03","2014-06-04","2014-06-04",,"ORNL_001.N.20140603","1iGudFvILgktiAfxi1KZS7Is0Pjg8ptfruxQsmJQ/M8=","invert bycatch",,,,,,,,,,"nAKPQvGWPz3w50pS9SF/Wg/TlEjgxRE8",
"9d2549b5-505f-4192-aed0-75acfbb060d0","ORNL_004.basePlot.bet","D07","ORNL","ORNL_004","N","2014-05-19","2014-06-03","2014-06-04","2014-06-04",,"ORNL_004.N.20140603","qnVzy9oXbL2WfYqna9ibgjHV2eZFmIiWnehfaIlSkdg=","invert bycatch",,,,,,,,,,"nAKPQvGWPz3w50pS9SF/Wg/TlEjgxRE8",
"624a7413-d146-4ee0-b54d-b57c35f405f9","ORNL_029.basePlot.bet","D07","ORNL","ORNL_029","N","2014-05-19","2014-06-03","2014-06-04","2014-06-04",,"ORNL_029.N.20140603","7LdWMHVTMySjcVKubN7bJIewx8AZae1mDZCi2Bui7KE=","invert bycatch",,,,,,,,,,"nAKPQvGWPz3w50pS9SF/Wg/TlEjgxRE8",
"7961efed-82ca-4ecf-b58e-7cb1c52e6dd1","ORNL_001.basePlot.bet","D07","ORNL","ORNL_001","N","2014-05-19","2014-06-03","2014-06-04","2014-06-04","2015-01-08","ORNL_001.N.20140603","1iGudFvILgktiAfxi1KZS0MscxZ4Zcht8bXD+o5unkA=","carabid","CYCFUC","Cyclotrachelus fucatus","species","cf. species","Freitag",,4,"Kaufman, K., R. Bowers, and N. Bowers. 2007. Kaufman Field Guide to Mammals of North America. 12th Ed. Houghton Mifflin Company, New York, NY.","nAKPQvGWPz3w50pS9SF/Wg/TlEjgxRE8","nAKPQvGWPz3w50pS9SF/Wg/TlEjgxRE8","all pinned"
"f0b0ba17-ef14-4aa4-91a3-29df8a6ae90a","ORNL_003.basePlot.bet","D07","ORNL","ORNL_003","N","2014-05-19","2014-06-03","2014-06-04","2014-06-04","2015-01-08","ORNL_003.N.20140603","952sL8sB3/hPgCSVW0iY/oxoOaoNu+pkkMhclfcfTZg=","carabid","CYCFUC","Cyclotrachelus fucatus","species","cf. species","Freitag",,2,"Kaufman, K., R. Bowers, and N. Bowers. 2007. Kaufman Field Guide to Mammals of North America. 12th Ed. Houghton Mifflin Company, New York, NY.","nAKPQvGWPz3w50pS9SF/Wg/TlEjgxRE8","nAKPQvGWPz3w50pS9SF/Wg/TlEjgxRE8","all pinned"
"7d66d3ce-b9c5-42eb-b6e5-843565d145df","ORNL_032.basePlot.bet","D07","ORNL","ORNL_032","N","2014-05-19","2014-06-03","2014-06-04","2014-06-04",,"ORNL_032.N.20140603","DcTblkLRhlctKT64h1wcziwb6nK5FKpFpJ0dOHCJWkY=","invert bycatch",,,,,,,,,,"nAKPQvGWPz3w50pS9SF/Wg/TlEjgxRE8",
"77e0447a-1110-4a81-9406-89cf0976f813","ORNL_027.basePlot.bet","D07","ORNL","ORNL_027","S","2014-05-19","2014-06-03","2014-06-04","2014-06-04","2015-01-08","ORNL_027.S.20140603","di/gYcSB3uDc5MxHkX1EfLu/4sc3H/EYzyo6QaElNv0=","carabid","CYCSOD2","Cyclotrachelus sodalis sodalis","subspecies","cf. species","LeConte",,2,"Kaufman, K., R. Bowers, and N. Bowers. 2007. Kaufman Field Guide to Mammals of North America. 12th Ed. Houghton Mifflin Company, New York, NY.","nAKPQvGWPz3w50pS9SF/Wg/TlEjgxRE8","nAKPQvGWPz3w50pS9SF/Wg/TlEjgxRE8","all pinned"
"4e5ce7a5-a6cc-4487-a2ef-8c3491f80966","ORNL_027.basePlot.bet","D07","ORNL","ORNL_027","E","2014-06-03","2014-06-16","2014-06-17","2014-06-17","2015-01-08","ORNL_027.E.20140616","di/gYcSB3uBrVsec72T1Uzt5PGmoV8Jx3BNaOS5znHo=","carabid","GALJAN","Galerita janus","species","cf. species","Fabricius",,1,"Kaufman, K., R. Bowers, and N. Bowers. 2007. Kaufman Field Guide to Mammals of North America. 12th Ed. Houghton Mifflin Company, New York, NY.","nAKPQvGWPz3w50pS9SF/Wg/TlEjgxRE8","nAKPQvGWPz3w50pS9SF/Wg/TlEjgxRE8","all pinned"
"e9e0ed7d-1640-4b7f-8e2d-3e3658e259d1","ORNL_001.basePlot.bet","D07","ORNL","ORNL_001","E","2014-06-03","2014-06-16","2014-06-17","2014-06-17","2015-01-08","ORNL_001.E.20140616","1iGudFvILgmOa4lKdff8ZfQUpghlUAzcsYQUc6Cm7uQ=","carabid","PASELO","Pasimachus elongatus","species",,"LeConte",,1,"Kaufman, K., R. Bowers, and N. Bowers. 2007. Kaufman Field Guide to Mammals of North America. 12th Ed. Houghton Mifflin Company, New York, NY.","SwQFnZuakvNlojbzbwi0Q7Lk54l+Hztc0cig3HNKUGA=","nAKPQvGWPz3w50pS9SF/Wg/TlEjgxRE8","all pinned"
"adc70345-d378-473e-aca1-1732862f1d1f","ORNL_032.basePlot.bet","D07","ORNL","ORNL_032","E","2014-06-03","2014-06-16","2014-06-17","2014-06-17","2015-01-08","ORNL_032.E.20140616","DcTblkLRhlec+GvS3BxY58bfVo2wE8+P0POl5cmG4yc=","carabid","CYCFUC","Cyclotrachelus fucatus","species","cf. species","Freitag",,4,"Kaufman, K., R. Bowers, and N. Bowers. 2007. Kaufman Field Guide to Mammals of North America. 12th Ed. Houghton Mifflin Company, New York, NY.","nAKPQvGWPz3w50pS9SF/Wg/TlEjgxRE8","nAKPQvGWPz3w50pS9SF/Wg/TlEjgxRE8","all pinned"
"2852beaa-8d93-401a-8619-5b64ad939c2c","ORNL_006.basePlot.bet","D07","ORNL","ORNL_006","E","2014-06-03","2014-06-16","2014-06-17","2014-06-17","2015-01-08","ORNL_006.E.20140616","XUOG9+A5sIMPEXumsx9713bGNMsgba1hOTuDbOyB5sY=","carabid","GALJAN","Galerita janus","species","cf. species","Fabricius",,1,"Kaufman, K., R. Bowers, and N. Bowers. 2007. Kaufman Field Guide to Mammals of North America. 12th Ed. Houghton Mifflin Company, New York, NY.","nAKPQvGWPz3w50pS9SF/Wg/TlEjgxRE8","nAKPQvGWPz3w50pS9SF/Wg/TlEjgxRE8","all pinned"
"bcb18459-3ae4-4c09-a2fb-012672c8c548","ORNL_006.basePlot.bet","D07","ORNL","ORNL_006","E","2014-06-03","2014-06-16","2014-06-17","2014-06-17","2015-01-08","ORNL_006.E.20140616","XUOG9+A5sIMPEXumsx971+ztO+L0rcBm6I8w5JDk+yQ=","carabid","CYCFUC","Cyclotrachelus fucatus","species","cf. species","Freitag",,1,"Kaufman, K., R. Bowers, and N. Bowers. 2007. Kaufman Field Guide to Mammals of North America. 12th Ed. Houghton Mifflin Company, New York, NY.","nAKPQvGWPz3w50pS9SF/Wg/TlEjgxRE8","nAKPQvGWPz3w50pS9SF/Wg/TlEjgxRE8","all pinned"
"0cf1197f-d53c-416e-9a9e-f1e4746d9d89","ORNL_027.basePlot.bet","D07","ORNL","ORNL_027","E","2014-06-03","2014-06-16","2014-06-17","2014-06-17","2015-01-08","ORNL_027.E.20140616","di/gYcSB3uBrVsec72T1U+zO12MMRyPZ3GcrJUuZFPE=","carabid","CYCFUC","Cyclotrachelus fucatus","species","cf. species","Freitag",,1,"Kaufman, K., R. Bowers, and N. Bowers. 2007. Kaufman Field Guide to Mammals of North America. 12th Ed. Houghton Mifflin Company, New York, NY.","SwQFnZuakvNlojbzbwi0Q7Lk54l+Hztc0cig3HNKUGA=","nAKPQvGWPz3w50pS9SF/Wg/TlEjgxRE8","all pinned"
"afe0e80f-5cd2-461b-a00c-386efbe0e251","ORNL_006.basePlot.bet","D07","ORNL","ORNL_006","N","2014-06-03","2014-06-16","2014-06-17","2014-06-17","2015-01-08","ORNL_006.N.20140616","XUOG9+A5sIM2AutjsFun4wDcQluwZ20id09rrz8Irq0=","carabid","CYCFUC","Cyclotrachelus fucatus","species","cf. species","Freitag",,1,"Kaufman, K., R. Bowers, and N. Bowers. 2007. Kaufman Field Guide to Mammals of North America. 12th Ed. Houghton Mifflin Company, New York, NY.","nAKPQvGWPz3w50pS9SF/Wg/TlEjgxRE8","nAKPQvGWPz3w50pS9SF/Wg/TlEjgxRE8","all pinned"
"c8602c89-8ebd-4c8a-8dd7-567d768bcf1d","ORNL_027.basePlot.bet","D07","ORNL","ORNL_027","N","2014-06-03","2014-06-16","2014-06-17","2014-06-17","2015-01-08","ORNL_027.N.20140616","di/gYcSB3uASifuksiMwvsUqI/m2eE4VMlwN3AtshIU=","carabid","CHLSP10","Chlaenius sp.","genus",,"Bonelli",,4,"Kaufman, K., R. Bowers, and N. Bowers. 2007. Kaufman Field Guide to Mammals of North America. 12th Ed. Houghton Mifflin Company, New York, NY.","SwQFnZuakvNlojbzbwi0Q7Lk54l+Hztc0cig3HNKUGA=","nAKPQvGWPz3w50pS9SF/Wg/TlEjgxRE8","all pinned"
"f89acb9a-1235-4bc5-a812-7f57628f10bd","ORNL_027.basePlot.bet","D07","ORNL","ORNL_027","N","2014-06-03","2014-06-16","2014-06-17","2014-06-17",,"ORNL_027.N.20140616","di/gYcSB3uASifuksiMwvuhlk/EYtMgioW3umQ0xBt0=","invert bycatch",,,,,,,,,,"nAKPQvGWPz3w50pS9SF/Wg/TlEjgxRE8",
"26400383-d3a0-49af-a6c1-8d128972df71","ORNL_006.basePlot.bet","D07","ORNL","ORNL_006","N","2014-06-03","2014-06-16","2014-06-17","2014-06-17",,"ORNL_006.N.20140616","XUOG9+A5sIM2AutjsFun4xrp3fp2CyHxrpyjqd5cBgY=","invert bycatch",,,,,,,,,,"nAKPQvGWPz3w50pS9SF/Wg/TlEjgxRE8",
"af742010-417e-42fe-8ae2-fd0db938d172","ORNL_027.basePlot.bet","D07","ORNL","ORNL_027","N","2014-06-03","2014-06-16","2014-06-17","2014-06-17","2015-01-08","ORNL_027.N.20140616","di/gYcSB3uASifuksiMwvjJCVBXAIka23dm8Efq8S2Q=","carabid","SPHSTE1","Sphaeroderus stenostomus lecontei","subspecies",,"Dejean",,1,"Kaufman, K., R. Bowers, and N. Bowers. 2007. Kaufman Field Guide to Mammals of North America. 12th Ed. Houghton Mifflin Company, New York, NY.","nAKPQvGWPz3w50pS9SF/Wg/TlEjgxRE8","nAKPQvGWPz3w50pS9SF/Wg/TlEjgxRE8","all pinned"
"874a059e-cd45-46f3-9e60-845ef8f8c041","ORNL_002.basePlot.bet","D07","ORNL","ORNL_002","N","2014-06-03","2014-06-16","2014-06-17","2014-06-17","2015-01-08","ORNL_002.N.20140616","FcwZvbWDjdjoj7fDp6bZ6Qhe/puIAb/Sax2lgHgFRms=","carabid","CYCFUC","Cyclotrachelus fucatus","species","cf. species","Freitag",,1,"Kaufman, K., R. Bowers, and N. Bowers. 2007. Kaufman Field Guide to Mammals of North America. 12th Ed. Houghton Mifflin Company, New York, NY.","nAKPQvGWPz3w50pS9SF/Wg/TlEjgxRE8","nAKPQvGWPz3w50pS9SF/Wg/TlEjgxRE8","all pinned"
"f055498d-3fb3-4651-a63b-fbc9a3fde8c7","ORNL_002.basePlot.bet","D07","ORNL","ORNL_002","N","2014-06-03","2014-06-16","2014-06-17","2014-06-17",,"ORNL_002.N.20140616","FcwZvbWDjdjoj7fDp6bZ6eje30+kmXdSbBibyrCcFlI=","invert bycatch",,,,,,,,,,"nAKPQvGWPz3w50pS9SF/Wg/TlEjgxRE8",
"41fd0edb-8ad8-4872-a663-edaaf30100e6","ORNL_001.basePlot.bet","D07","ORNL","ORNL_001","N","2014-06-03","2014-06-16","2014-06-17","2014-06-17","2015-01-08","ORNL_001.N.20140616","1iGudFvILgktiAfxi1KZS+xS7eob7HrcSNKXLLlHm84=","carabid","DICSP5","Dicaelus sp.","genus",,"Bonelli",,1,"Kaufman, K., R. Bowers, and N. Bowers. 2007. Kaufman Field Guide to Mammals of North America. 12th Ed. Houghton Mifflin Company, New York, NY.","SwQFnZuakvNlojbzbwi0Q7Lk54l+Hztc0cig3HNKUGA=","nAKPQvGWPz3w50pS9SF/Wg/TlEjgxRE8","all pinned"
"475d65cd-d812-4b83-bf4f-44f259af68a3","ORNL_001.basePlot.bet","D07","ORNL","ORNL_001","N","2014-06-03","2014-06-16","2014-06-17","2014-06-17","2015-01-08","ORNL_001.N.20140616","1iGudFvILgktiAfxi1KZS6M3ljsgfRPvT6Rq+CWofO4=","carabid","CYCFUC","Cyclotrachelus fucatus","species","cf. species","Freitag",,2,"Kaufman, K., R. Bowers, and N. Bowers. 2007. Kaufman Field Guide to Mammals of North America. 12th Ed. Houghton Mifflin Company, New York, NY.","nAKPQvGWPz3w50pS9SF/Wg/TlEjgxRE8","nAKPQvGWPz3w50pS9SF/Wg/TlEjgxRE8","all pinned"
"cae0c984-eddd-4422-898a-ceef4756b269","ORNL_004.basePlot.bet","D07","ORNL","ORNL_004","N","2014-06-03","2014-06-16","2014-06-17","2014-06-17",,"ORNL_004.N.20140616","qnVzy9oXbL2WfYqna9ibgiXiliOvIymsRvJm4t5/LWM=","invert bycatch",,,,,,,,,,"nAKPQvGWPz3w50pS9SF/Wg/TlEjgxRE8",
"fd0a5d8d-0cc9-41f2-b387-15ea9703bebf","ORNL_003.basePlot.bet","D07","ORNL","ORNL_003","N","2014-06-03","2014-06-16","2014-06-17","2014-06-17","2015-01-08","ORNL_003.N.20140616","952sL8sB3/hPgCSVW0iY/hNQOj7bQIew9c5E5fMeSRE=","carabid","CYCSOD2","Cyclotrachelus sodalis sodalis","subspecies","cf. species","LeConte",,1,"Kaufman, K., R. Bowers, and N. Bowers. 2007. Kaufman Field Guide to Mammals of North America. 12th Ed. Houghton Mifflin Company, New York, NY.","nAKPQvGWPz3w50pS9SF/Wg/TlEjgxRE8","nAKPQvGWPz3w50pS9SF/Wg/TlEjgxRE8","all pinned"
"9ba3081c-14ac-43cb-b632-3996278ad854","ORNL_003.basePlot.bet","D07","ORNL","ORNL_003","N","2014-06-03","2014-06-16","2014-06-17","2014-06-17",,"ORNL_003.N.20140616","952sL8sB3/hPgCSVW0iY/laW7jYRma6kQdNuQrQKNto=","invert bycatch",,,,,,,,,,"nAKPQvGWPz3w50pS9SF/Wg/TlEjgxRE8",
"e7fc03d5-2544-464b-b3cc-52395e818621","ORNL_003.basePlot.bet","D07","ORNL","ORNL_003","N","2014-06-03","2014-06-16","2014-06-17","2014-06-17","2015-01-08","ORNL_003.N.20140616","952sL8sB3/hPgCSVW0iY/jscp60c2qxEiuNgtnRGSPY=","carabid","DICSP5","Dicaelus sp.","genus",,"Bonelli",,1,"Kaufman, K., R. Bowers, and N. Bowers. 2007. Kaufman Field Guide to Mammals of North America. 12th Ed. Houghton Mifflin Company, New York, NY.","SwQFnZuakvNlojbzbwi0Q7Lk54l+Hztc0cig3HNKUGA=","nAKPQvGWPz3w50pS9SF/Wg/TlEjgxRE8","all pinned"
"00ec6d3d-9d25-4a22-af67-6d2a6cc4bf53","ORNL_001.basePlot.bet","D07","ORNL","ORNL_001","N","2014-06-03","2014-06-16","2014-06-17","2014-06-17",,"ORNL_001.N.20140616","1iGudFvILgktiAfxi1KZS80dxa3hwTZJLFhVjzzPFf4=","invert bycatch",,,,,,,,,,"nAKPQvGWPz3w50pS9SF/Wg/TlEjgxRE8",
"cb288022-985b-4a50-9495-98f0e2af4260","ORNL_032.basePlot.bet","D07","ORNL","ORNL_032","N","2014-06-03","2014-06-16","2014-06-17","2014-06-17","2015-01-08","ORNL_032.N.20140616","DcTblkLRhlctKT64h1wcztDYdwFLczcQP7duqxb0NFE=","carabid","SCASP3","Scaphinotus (Nomaretus) sp.","subgenus",,"LeConte",,1,"Kaufman, K., R. Bowers, and N. Bowers. 2007. Kaufman Field Guide to Mammals of North America. 12th Ed. Houghton Mifflin Company, New York, NY.","SwQFnZuakvNlojbzbwi0Q7Lk54l+Hztc0cig3HNKUGA=","nAKPQvGWPz3w50pS9SF/Wg/TlEjgxRE8","all pinned"
"56e8ad5d-3815-4740-b417-ec25c5880853","ORNL_032.basePlot.bet","D07","ORNL","ORNL_032","N","2014-06-03","2014-06-16","2014-06-17","2014-06-17","2015-01-08","ORNL_032.N.20140616","DcTblkLRhlctKT64h1wczowkzE5CSL9vq8A31gITL7Q=","carabid","CHLSP10","Chlaenius sp.","genus",,"Bonelli",,1,"Kaufman, K., R. Bowers, and N. Bowers. 2007. Kaufman Field Guide to Mammals of North America. 12th Ed. Houghton Mifflin Company, New York, NY.","SwQFnZuakvNlojbzbwi0Q7Lk54l+Hztc0cig3HNKUGA=","nAKPQvGWPz3w50pS9SF/Wg/TlEjgxRE8","all pinned"
"58de4ee3-0b19-4a8d-92d1-91d5bfd5300a","ORNL_032.basePlot.bet","D07","ORNL","ORNL_032","N","2014-06-03","2014-06-16","2014-06-17","2014-06-17",,"ORNL_032.N.20140616","DcTblkLRhlctKT64h1wczljD00Ldk72QDyQe0uF4n7s=","invert bycatch",,,,,,,,,,"nAKPQvGWPz3w50pS9SF/Wg/TlEjgxRE8",
"433e86a8-a6a6-463a-a79f-c53e11115ec3","ORNL_027.basePlot.bet","D07","ORNL","ORNL_027","S","2014-06-03","2014-06-16","2014-06-17","2014-06-17","2015-01-08","ORNL_027.S.20140616","di/gYcSB3uDc5MxHkX1EfO4mYZweqGn3g+ZXCl32VzQ=","carabid","CARSP14","Carabidae sp.","family",,"Latreille","D07.2014.MorphA",1,"Kaufman, K., R. Bowers, and N. Bowers. 2007. Kaufman Field Guide to Mammals of North America. 12th Ed. Houghton Mifflin Company, New York, NY.","nAKPQvGWPz3w50pS9SF/Wg/TlEjgxRE8","nAKPQvGWPz3w50pS9SF/Wg/TlEjgxRE8","all pinned"
"1307365c-4c24-4875-9a61-5ed727fd5f62","ORNL_032.basePlot.bet","D07","ORNL","ORNL_032","S","2014-06-03","2014-06-16","2014-06-17","2014-06-17","2015-01-08","ORNL_032.S.20140616","DcTblkLRhle9w0wrJuiIxKC5nnhB8TH3zdlBmHzjh6E=","carabid","CYCFUC","Cyclotrachelus fucatus","species","cf. species","Freitag",,1,"Kaufman, K., R. Bowers, and N. Bowers. 2007. Kaufman Field Guide to Mammals of North America. 12th Ed. Houghton Mifflin Company, New York, NY.","nAKPQvGWPz3w50pS9SF/Wg/TlEjgxRE8","nAKPQvGWPz3w50pS9SF/Wg/TlEjgxRE8","all pinned"
"9f2a0928-4c62-4f88-9f12-575422ac7880","ORNL_027.basePlot.bet","D07","ORNL","ORNL_027","S","2014-06-03","2014-06-16","2014-06-17","2014-06-17",,"ORNL_027.S.20140616","di/gYcSB3uDc5MxHkX1EfLx8eEr/CV+jdmzTT9nG0YY=","other carabid","CARSP14","Carabidae sp.","family",,"Latreille",,3,"Other",,"nAKPQvGWPz3w50pS9SF/Wg/TlEjgxRE8","individualCount estimated based on number of pinning records|3 individuals pinned (D07MorphD)"
"15103446-aa3a-479f-9806-cb8b5f42865c","ORNL_027.basePlot.bet","D07","ORNL","ORNL_027","S","2014-06-03","2014-06-16","2014-06-17","2014-06-17","2015-01-08","ORNL_027.S.20140616","di/gYcSB3uDc5MxHkX1EfDUPmJ3sA5veTdIv3s7hUtM=","carabid","SCAUNI1","Scaphinotus unicolor","species",,"Fabricius",,1,"Kaufman, K., R. Bowers, and N. Bowers. 2007. Kaufman Field Guide to Mammals of North America. 12th Ed. Houghton Mifflin Company, New York, NY.","SwQFnZuakvNlojbzbwi0Q7Lk54l+Hztc0cig3HNKUGA=","nAKPQvGWPz3w50pS9SF/Wg/TlEjgxRE8","all pinned"
"ab6d10d0-b39e-4907-8e06-605b3bd86b6c","ORNL_027.basePlot.bet","D07","ORNL","ORNL_027","S","2014-06-03","2014-06-16","2014-06-17","2014-06-17","2015-01-08","ORNL_027.S.20140616","di/gYcSB3uDc5MxHkX1EfO4mYZweqGn35Hhzk45+Kk8=","carabid","CARSP14","Carabidae sp.","family",,"Latreille","D07.2014.MorphA",1,"Kaufman, K., R. Bowers, and N. Bowers. 2007. Kaufman Field Guide to Mammals of North America. 12th Ed. Houghton Mifflin Company, New York, NY.","nAKPQvGWPz3w50pS9SF/Wg/TlEjgxRE8","nAKPQvGWPz3w50pS9SF/Wg/TlEjgxRE8","all pinned"
"d4ad0694-78ba-4d36-a2aa-cbb36bc40aa9","ORNL_003.basePlot.bet","D07","ORNL","ORNL_003","S","2014-06-03","2014-06-16","2014-06-17","2014-06-17","2015-01-08","ORNL_003.S.20140616","952sL8sB3/gmKngPwKih2ckrWLU088sF8m2AOOYY1ZU=","carabid","CYCFUC","Cyclotrachelus fucatus","species","cf. species","Freitag",,1,"Kaufman, K., R. Bowers, and N. Bowers. 2007. Kaufman Field Guide to Mammals of North America. 12th Ed. Houghton Mifflin Company, New York, NY.","nAKPQvGWPz3w50pS9SF/Wg/TlEjgxRE8","nAKPQvGWPz3w50pS9SF/Wg/TlEjgxRE8","all pinned"
"24fc84ea-3a67-4040-abd4-b1cead9f040e","ORNL_006.basePlot.bet","D07","ORNL","ORNL_006","S","2014-06-03","2014-06-16","2014-06-17","2014-06-17","2015-01-08","ORNL_006.S.20140616","XUOG9+A5sIO+WCCWVG2uYe1BfTKxMK8MoWpDXJCuuWs=","carabid","CYCFUC","Cyclotrachelus fucatus","species","cf. species","Freitag",,1,"Kaufman, K., R. Bowers, and N. Bowers. 2007. Kaufman Field Guide to Mammals of North America. 12th Ed. Houghton Mifflin Company, New York, NY.","nAKPQvGWPz3w50pS9SF/Wg/TlEjgxRE8","nAKPQvGWPz3w50pS9SF/Wg/TlEjgxRE8","all pinned"
"62626a87-deea-4e86-904d-a840066eeb8a","ORNL_027.basePlot.bet","D07","ORNL","ORNL_027","S","2014-06-03","2014-06-16","2014-06-17","2014-06-17","2015-01-08","ORNL_027.S.20140616","di/gYcSB3uDc5MxHkX1EfFlHZsQ6QZ0GIo2QKF5mT3I=","carabid","CHLSP10","Chlaenius sp.","genus",,"Bonelli",,4,"Kaufman, K., R. Bowers, and N. Bowers. 2007. Kaufman Field Guide to Mammals of North America. 12th Ed. Houghton Mifflin Company, New York, NY.","SwQFnZuakvNlojbzbwi0Q7Lk54l+Hztc0cig3HNKUGA=","nAKPQvGWPz3w50pS9SF/Wg/TlEjgxRE8","all pinned"
"bab7d813-cf0f-421e-872f-ea4f1d4554d7","ORNL_002.basePlot.bet","D07","ORNL","ORNL_002","W","2014-06-03","2014-06-16","2014-06-17","2014-06-17","2015-01-08","ORNL_002.W.20140616","FcwZvbWDjdiZxgA+A+PAD7SKBGxJrKvKjlMcZvCMLlE=","carabid","PTESP23","Pterostichus sp.","genus",,"Bonelli",,1,"Kaufman, K., R. Bowers, and N. Bowers. 2007. Kaufman Field Guide to Mammals of North America. 12th Ed. Houghton Mifflin Company, New York, NY.","SwQFnZuakvNlojbzbwi0Q7Lk54l+Hztc0cig3HNKUGA=","nAKPQvGWPz3w50pS9SF/Wg/TlEjgxRE8","all pinned"
"1bd153f2-00ff-4020-babc-c53f50f7d3bb","ORNL_003.basePlot.bet","D07","ORNL","ORNL_003","W","2014-06-03","2014-06-16","2014-06-17","2014-06-17","2014-06-17","ORNL_003.W.20140616","952sL8sB3/h61xzhTCEUThioq9BR3GQHh8Yu0Sl7Vkc=","vert bycatch herp","DIAPUN5","Diadophis punctatus edwardsii","subspecies",,"Merrem",,1,"Other","nAKPQvGWPz3w50pS9SF/Wg/TlEjgxRE8","nAKPQvGWPz3w50pS9SF/Wg/TlEjgxRE8",
"3c5b3f55-7d45-4d59-97d6-dc18f1eae661","ORNL_027.basePlot.bet","D07","ORNL","ORNL_027","W","2014-06-03","2014-06-16","2014-06-17","2014-06-17","2015-01-08","ORNL_027.W.20140616","di/gYcSB3uBQaKXEjHeU8ALdJ8g30LMAt/cpEDi2w6s=","carabid","CARSP14","Carabidae sp.","family",,"Latreille","D07.2014.MorphA",2,"Kaufman, K., R. Bowers, and N. Bowers. 2007. Kaufman Field Guide to Mammals of North America. 12th Ed. Houghton Mifflin Company, New York, NY.","nAKPQvGWPz3w50pS9SF/Wg/TlEjgxRE8","nAKPQvGWPz3w50pS9SF/Wg/TlEjgxRE8","all pinned"
"8fb9963b-c286-43a9-a97c-25d3bf6f58d8","ORNL_027.basePlot.bet","D07","ORNL","ORNL_027","W","2014-06-03","2014-06-16","2014-06-17","2014-06-17",,"ORNL_027.W.20140616","di/gYcSB3uBQaKXEjHeU8KFWK58JsuoffwN6dKt2u+0=","other carabid","CARSP14","Carabidae sp.","family",,"Latreille",,1,"Other",,"nAKPQvGWPz3w50pS9SF/Wg/TlEjgxRE8","individualCount estimated based on number of pinning records|1 individual pinned (D07MorphD)"
"5b9d9d29-fd06-440c-94ab-7fe8369b5039","ORNL_027.basePlot.bet","D07","ORNL","ORNL_027","W","2014-06-03","2014-06-16","2014-06-17","2014-06-17","2015-01-08","ORNL_027.W.20140616","di/gYcSB3uBQaKXEjHeU8CpdX8mQSnpjOpA13Jc+c4Y=","carabid","CYLUNI","Cylindera unipunctata","species",,"Fabricius",,1,"Kaufman, K., R. Bowers, and N. Bowers. 2007. Kaufman Field Guide to Mammals of North America. 12th Ed. Houghton Mifflin Company, New York, NY.","SwQFnZuakvNlojbzbwi0Q7Lk54l+Hztc0cig3HNKUGA=","nAKPQvGWPz3w50pS9SF/Wg/TlEjgxRE8","all pinned"
"bbab350e-d1b2-42e1-9dbe-b2f868260007","ORNL_021.basePlot.bet","D07","ORNL","ORNL_021","W","2014-06-03","2014-06-17","2014-06-17","2014-06-17",,"ORNL_021.W.20140617","LlqcsvOjN4Ahhe348f8byoAjjz4FVxoxOBJDT8GJtdM=","other carabid","CARSP14","Carabidae sp.","family",,"Latreille",,1,"Other",,"nAKPQvGWPz3w50pS9SF/Wg/TlEjgxRE8","individualCount estimated based on number of pinning records|1 individual pinned (D07MorphC)"
"974daf3c-e24d-4d3d-b219-75a683aae94b","ORNL_021.basePlot.bet","D07","ORNL","ORNL_021","E","2014-06-03","2014-06-17","2014-06-17","2014-06-17","2015-01-08","ORNL_021.E.20140617","LlqcsvOjN4Dt83E2Lbwgnrgs7IoiX3a8dY4eJx8i88k=","carabid","ANISP9","Anisodactylus sp.","genus",,"Dejean",,3,"Kaufman, K., R. Bowers, and N. Bowers. 2007. Kaufman Field Guide to Mammals of North America. 12th Ed. Houghton Mifflin Company, New York, NY.","SwQFnZuakvNlojbzbwi0Q7Lk54l+Hztc0cig3HNKUGA=","nAKPQvGWPz3w50pS9SF/Wg/TlEjgxRE8","all pinned"
"381b530b-4c7e-4479-8d61-9360d88517d3","ORNL_021.basePlot.bet","D07","ORNL","ORNL_021","E","2014-06-03","2014-06-17","2014-06-17","2014-06-17",,"ORNL_021.E.20140617","LlqcsvOjN4Dt83E2LbwgnsUHmj0O5CS/HeuddPMlDu0=","other carabid","CARSP14","Carabidae sp.","family",,"Latreille",,1,"Other",,"nAKPQvGWPz3w50pS9SF/Wg/TlEjgxRE8","individualCount estimated based on number of pinning records|1 individual pinned (D07MorphC)"
"e91cb51c-094f-4237-9606-6377b1507cb2","ORNL_021.basePlot.bet","D07","ORNL","ORNL_021","N","2014-06-03","2014-06-17","2014-06-17","2014-06-17",,"ORNL_021.N.20140617","LlqcsvOjN4BiVKEwjni1bz2rc1VD69d2QfGoY6aPMmM=","invert bycatch",,,,,,,,,,"nAKPQvGWPz3w50pS9SF/Wg/TlEjgxRE8",
"a8551089-6f52-4c03-ab14-ff642741a7fc","ORNL_031.basePlot.bet","D07","ORNL","ORNL_031","N","2014-06-03","2014-06-17","2014-06-17","2014-06-17","2015-01-08","ORNL_031.N.20140617","G1V5MttZ4JLyxCEPmthBvAIxm0BsEZNlAVb73qmVOoA=","carabid","HARSP7","Harpalus sp.","genus",,"Latreille",,1,"Kaufman, K., R. Bowers, and N. Bowers. 2007. Kaufman Field Guide to Mammals of North America. 12th Ed. Houghton Mifflin Company, New York, NY.","nAKPQvGWPz3w50pS9SF/Wg/TlEjgxRE8","nAKPQvGWPz3w50pS9SF/Wg/TlEjgxRE8","all pinned"
"d5d7131b-3f06-4351-aef3-9bfe27648f82","ORNL_029.basePlot.bet","D07","ORNL","ORNL_029","N","2014-06-03","2014-06-17","2014-06-17","2014-06-17",,"ORNL_029.N.20140617","7LdWMHVTMySjcVKubN7bJO+CU8Zywfh0LmOthPtSwCE=","invert bycatch",,,,,,,,,,"nAKPQvGWPz3w50pS9SF/Wg/TlEjgxRE8",
"4d17bd7b-0b14-4542-9e86-1eb57a801319","ORNL_021.basePlot.bet","D07","ORNL","ORNL_021","W","2014-06-03","2014-06-17","2014-06-17","2014-06-17","2015-01-08","ORNL_021.W.20140617","LlqcsvOjN4Ahhe348f8bytd6NBJiXR/uz+ky2qOcYSk=","carabid","ANISP9","Anisodactylus sp.","genus",,"Dejean",,2,"Kaufman, K., R. Bowers, and N. Bowers. 2007. Kaufman Field Guide to Mammals of North America. 12th Ed. Houghton Mifflin Company, New York, NY.","SwQFnZuakvNlojbzbwi0Q7Lk54l+Hztc0cig3HNKUGA=","nAKPQvGWPz3w50pS9SF/Wg/TlEjgxRE8","all pinned"
"46cada96-77d8-4482-ae0f-b49fc718528b","ORNL_029.basePlot.bet","D07","ORNL","ORNL_029","S","2014-06-03","2014-06-17","2014-06-17","2014-06-17","2015-01-08","ORNL_029.S.20140617","7LdWMHVTMySEsnC6pdN9Gt0osVg0rZGnkys/iAvCJkw=","carabid","CYCSOD2","Cyclotrachelus sodalis sodalis","subspecies","cf. species","LeConte",,1,"Kaufman, K., R. Bowers, and N. Bowers. 2007. Kaufman Field Guide to Mammals of North America. 12th Ed. Houghton Mifflin Company, New York, NY.","nAKPQvGWPz3w50pS9SF/Wg/TlEjgxRE8","nAKPQvGWPz3w50pS9SF/Wg/TlEjgxRE8","all pinned"
"49681566-4695-4c09-b306-b0f94cb69d31","ORNL_021.basePlot.bet","D07","ORNL","ORNL_021","S","2014-06-03","2014-06-17","2014-06-17","2014-06-17","2015-01-08","ORNL_021.S.20140617","LlqcsvOjN4Dthg3qJyr9ADoC3xpJ8L/r3IoqiHWQNBo=","carabid","ANISP9","Anisodactylus sp.","genus",,"Dejean",,5,"Kaufman, K., R. Bowers, and N. Bowers. 2007. Kaufman Field Guide to Mammals of North America. 12th Ed. Houghton Mifflin Company, New York, NY.","SwQFnZuakvNlojbzbwi0Q7Lk54l+Hztc0cig3HNKUGA=","nAKPQvGWPz3w50pS9SF/Wg/TlEjgxRE8","all pinned"
"f34483c0-5e1b-4286-8076-4b26fd0a3341","ORNL_029.basePlot.bet","D07","ORNL","ORNL_029","S","2014-06-03","2014-06-17","2014-06-17","2014-06-17","2015-01-08","ORNL_029.S.20140617","7LdWMHVTMySEsnC6pdN9Gp0tvMuHiapF7cNiH4QZ9G0=","carabid","CYCFUC","Cyclotrachelus fucatus","species","cf. species","Freitag",,1,"Kaufman, K., R. Bowers, and N. Bowers. 2007. Kaufman Field Guide to Mammals of North America. 12th Ed. Houghton Mifflin Company, New York, NY.","nAKPQvGWPz3w50pS9SF/Wg/TlEjgxRE8","nAKPQvGWPz3w50pS9SF/Wg/TlEjgxRE8","all pinned"
"dd250987-5b9d-46e3-be2d-99f212f10c8c","ORNL_031.basePlot.bet","D07","ORNL","ORNL_031","S","2014-06-03","2014-06-17","2014-06-17","2014-06-17","2015-01-08","ORNL_031.S.20140617","G1V5MttZ4JI0Q5tVqK+OMHdWbIGCxMngq2kXd2zLe7Q=","carabid","ANISP9","Anisodactylus sp.","genus",,"Dejean",,3,"Kaufman, K., R. Bowers, and N. Bowers. 2007. Kaufman Field Guide to Mammals of North America. 12th Ed. Houghton Mifflin Company, New York, NY.","SwQFnZuakvNlojbzbwi0Q7Lk54l+Hztc0cig3HNKUGA=","nAKPQvGWPz3w50pS9SF/Wg/TlEjgxRE8","all pinned"
"dc9011b7-2fb8-4d64-82dc-93e5dbbf8232","ORNL_021.basePlot.bet","D07","ORNL","ORNL_021","W","2014-06-03","2014-06-17","2014-06-17","2014-06-17",,"ORNL_021.W.20140617","LlqcsvOjN4Ahhe348f8byoAjjz4FVxoxiLyo3g7wMZk=","other carabid","CARSP14","Carabidae sp.","family",,"Latreille",,1,"Other",,"nAKPQvGWPz3w50pS9SF/Wg/TlEjgxRE8","individualCount estimated based on number of pinning records|1 individual pinned (D07MorphE)"
"a57ac217-bbc0-4f19-aec6-40d0e52647e6","ORNL_021.basePlot.bet","D07","ORNL","ORNL_021","W","2014-06-03","2014-06-17","2014-06-17","2014-06-17","2015-01-08","ORNL_021.W.20140617","LlqcsvOjN4Ahhe348f8byisUXjPEgKhHBBuWvgjvBSw=","carabid","DICSP5","Dicaelus sp.","genus",,"Bonelli",,2,"Kaufman, K., R. Bowers, and N. Bowers. 2007. Kaufman Field Guide to Mammals of North America. 12th Ed. Houghton Mifflin Company, New York, NY.","SwQFnZuakvNlojbzbwi0Q7Lk54l+Hztc0cig3HNKUGA=","nAKPQvGWPz3w50pS9SF/Wg/TlEjgxRE8","all pinned"
"146624ac-b352-424e-926c-834adb476fdb","ORNL_031.basePlot.bet","D07","ORNL","ORNL_031","N","2014-06-03","2014-06-17","2014-06-17","2014-06-17",,"ORNL_031.N.20140617","G1V5MttZ4JLyxCEPmthBvH3NldsAdCvR0oSvE4+ewDE=","invert bycatch",,,,,,,,,,"nAKPQvGWPz3w50pS9SF/Wg/TlEjgxRE8",
"d56598fc-5546-4a30-aa1f-f60443cfc0a4","ORNL_027.basePlot.bet","D07","ORNL","ORNL_027","E","2014-06-16","2014-06-30","2014-07-01","2014-07-01","2015-01-08","ORNL_027.E.20140630","di/gYcSB3uBrVsec72T1UzDyP3y6YVGqPPWzdcws3OE=","carabid","CHLSP10","Chlaenius sp.","genus",,"Bonelli",,1,"Kaufman, K., R. Bowers, and N. Bowers. 2007. Kaufman Field Guide to Mammals of North America. 12th Ed. Houghton Mifflin Company, New York, NY.","SwQFnZuakvNlojbzbwi0Q7Lk54l+Hztc0cig3HNKUGA=","nAKPQvGWPz3w50pS9SF/Wg/TlEjgxRE8","all pinned"
"282fe4e9-d28e-4ef5-8a48-32213952bab4","ORNL_002.basePlot.bet","D07","ORNL","ORNL_002","W","2014-06-16","2014-06-30","2014-07-01","2014-07-01","2015-01-08","ORNL_002.W.20140630","FcwZvbWDjdiZxgA+A+PADxoFtAFbcFhTgf3uogT7QvY=","carabid","CYCFUC","Cyclotrachelus fucatus","species","cf. species","Freitag",,1,"Kaufman, K., R. Bowers, and N. Bowers. 2007. Kaufman Field Guide to Mammals of North America. 12th Ed. Houghton Mifflin Company, New York, NY.","nAKPQvGWPz3w50pS9SF/Wg/TlEjgxRE8","nAKPQvGWPz3w50pS9SF/Wg/TlEjgxRE8","all pinned"
"329e1db7-3a06-4a51-8c11-526e1cc46327","ORNL_006.basePlot.bet","D07","ORNL","ORNL_006","N","2014-06-16","2014-06-30","2014-07-01","2014-07-01",,"ORNL_006.N.20140630","XUOG9+A5sIM2AutjsFun4/HeCZuhp9F4rM4LRh0ZcqM=","invert bycatch",,,,,,,,,,"nAKPQvGWPz3w50pS9SF/Wg/TlEjgxRE8",
"786117e1-2a06-4bb7-ac49-c4f95e7d5d20","ORNL_027.basePlot.bet","D07","ORNL","ORNL_027","N","2014-06-16","2014-06-30","2014-07-01","2014-07-01",,"ORNL_027.N.20140630","di/gYcSB3uASifuksiMwvnnP9utT0k4wKn+0DQdMVzU=","invert bycatch",,,,,,,,,,"nAKPQvGWPz3w50pS9SF/Wg/TlEjgxRE8",
"8429f503-c2f4-4b91-9741-606fe0375892","ORNL_006.basePlot.bet","D07","ORNL","ORNL_006","N","2014-06-16","2014-06-30","2014-07-01","2014-07-01",,"ORNL_006.N.20140630","XUOG9+A5sIM2AutjsFun4/HeCZuhp9F4I/R40evnfSg=","invert bycatch",,,,,,,,,,"nAKPQvGWPz3w50pS9SF/Wg/TlEjgxRE8",
"9797651c-1ebd-44a0-8ae8-6a5513a81b69","ORNL_002.basePlot.bet","D07","ORNL","ORNL_002","N","2014-06-16","2014-06-30","2014-07-01","2014-07-01","2015-01-08","ORNL_002.N.20140630","FcwZvbWDjdjoj7fDp6bZ6dC4SxfH/4MS2iYX90oAziE=","carabid","MYASP1","Myas sp.","genus",,"Sturm",,1,"Kaufman, K., R. Bowers, and N. Bowers. 2007. Kaufman Field Guide to Mammals of North America. 12th Ed. Houghton Mifflin Company, New York, NY.","SwQFnZuakvNlojbzbwi0Q7Lk54l+Hztc0cig3HNKUGA=","nAKPQvGWPz3w50pS9SF/Wg/TlEjgxRE8","all pinned"
"d779d82e-376c-433a-9d70-43a775aaf8cd","ORNL_002.basePlot.bet","D07","ORNL","ORNL_002","N","2014-06-16","2014-06-30","2014-07-01","2014-07-01","2015-01-08","ORNL_002.N.20140630","FcwZvbWDjdjoj7fDp6bZ6eTyJstaOGdy/wm7QESGKd8=","carabid","GALJAN","Galerita janus","species","cf. species","Fabricius",,1,"Kaufman, K., R. Bowers, and N. Bowers. 2007. Kaufman Field Guide to Mammals of North America. 12th Ed. Houghton Mifflin Company, New York, NY.","nAKPQvGWPz3w50pS9SF/Wg/TlEjgxRE8","nAKPQvGWPz3w50pS9SF/Wg/TlEjgxRE8","all pinned"
"2c587557-366d-4e8d-b40f-e5a3e9b63d63","ORNL_001.basePlot.bet","D07","ORNL","ORNL_001","N","2014-06-16","2014-06-30","2014-07-01","2014-07-01",,"ORNL_001.N.20140630","1iGudFvILgktiAfxi1KZS3KO+OmB5A3spoOxFT6o3cc=","invert bycatch",,,,,,,,,,"nAKPQvGWPz3w50pS9SF/Wg/TlEjgxRE8",
"53d7c0a6-87d1-4c56-9f11-4e779d87fa2a","ORNL_003.basePlot.bet","D07","ORNL","ORNL_003","N","2014-06-16","2014-06-30","2014-07-01","2014-07-01",,"ORNL_003.N.20140630","952sL8sB3/hPgCSVW0iY/gcu2L/+2k6bUklER7PYucg=","invert bycatch",,,,,,,,,,"nAKPQvGWPz3w50pS9SF/Wg/TlEjgxRE8",
"34499ee9-9015-4923-97d3-734500f271b3","ORNL_003.basePlot.bet","D07","ORNL","ORNL_003","N","2014-06-16","2014-06-30","2014-07-01","2014-07-01","2015-01-08","ORNL_003.N.20140630","952sL8sB3/hPgCSVW0iY/h500biipCytEFGBBasKEB0=","carabid","DICSP5","Dicaelus sp.","genus",,"Bonelli",,1,"Kaufman, K., R. Bowers, and N. Bowers. 2007. Kaufman Field Guide to Mammals of North America. 12th Ed. Houghton Mifflin Company, New York, NY.","SwQFnZuakvNlojbzbwi0Q7Lk54l+Hztc0cig3HNKUGA=","nAKPQvGWPz3w50pS9SF/Wg/TlEjgxRE8","all pinned"
"683e6a45-2cfb-48cd-93a0-c09ac748f0ad","ORNL_032.basePlot.bet","D07","ORNL","ORNL_032","N","2014-06-16","2014-06-30","2014-07-01","2014-07-01",,"ORNL_032.N.20140630","DcTblkLRhlctKT64h1wczjX8xf1/E0iCKdih8H6mAp8=","invert bycatch",,,,,,,,,,"nAKPQvGWPz3w50pS9SF/Wg/TlEjgxRE8",
"24893971-4fad-4077-abc9-69900d408041","ORNL_032.basePlot.bet","D07","ORNL","ORNL_032","N","2014-06-16","2014-06-30","2014-07-01","2014-07-01","2015-01-08","ORNL_032.N.20140630","DcTblkLRhlctKT64h1wczvMmLgq9D4H517/pZhWQP3A=","carabid","CHLSP10","Chlaenius sp.","genus",,"Bonelli",,1,"Kaufman, K., R. Bowers, and N. Bowers. 2007. Kaufman Field Guide to Mammals of North America. 12th Ed. Houghton Mifflin Company, New York, NY.","SwQFnZuakvNlojbzbwi0Q7Lk54l+Hztc0cig3HNKUGA=","nAKPQvGWPz3w50pS9SF/Wg/TlEjgxRE8","all pinned"
"a21865b1-3316-4126-b9cd-4a0b3b10a546","ORNL_003.basePlot.bet","D07","ORNL","ORNL_003","N","2014-06-16","2014-06-30","2014-07-01","2014-07-01","2015-01-08","ORNL_003.N.20140630","952sL8sB3/hPgCSVW0iY/tecEaKoxZY3jxnVW6tNVx0=","carabid","CHLSP10","Chlaenius sp.","genus",,"Bonelli",,1,"Kaufman, K., R. Bowers, and N. Bowers. 2007. Kaufman Field Guide to Mammals of North America. 12th Ed. Houghton Mifflin Company, New York, NY.","SwQFnZuakvNlojbzbwi0Q7Lk54l+Hztc0cig3HNKUGA=","nAKPQvGWPz3w50pS9SF/Wg/TlEjgxRE8","all pinned"
"eabb71a2-6f16-4a17-b695-c2da244560c9","ORNL_001.basePlot.bet","D07","ORNL","ORNL_001","N","2014-06-16","2014-06-30","2014-07-01","2014-07-01","2015-01-08","ORNL_001.N.20140630","1iGudFvILgktiAfxi1KZS5eqQ5gsi5ndNnZWjyYlIu0=","carabid","PTESP23","Pterostichus sp.","genus",,"Bonelli",,2,"Kaufman, K., R. Bowers, and N. Bowers. 2007. Kaufman Field Guide to Mammals of North America. 12th Ed. Houghton Mifflin Company, New York, NY.","SwQFnZuakvNlojbzbwi0Q7Lk54l+Hztc0cig3HNKUGA=","nAKPQvGWPz3w50pS9SF/Wg/TlEjgxRE8","all pinned"
"4f7d7299-0ba8-4301-ab54-fec5355327c1","ORNL_002.basePlot.bet","D07","ORNL","ORNL_002","N","2014-06-16","2014-06-30","2014-07-01","2014-07-01","2015-01-08","ORNL_002.N.20140630","FcwZvbWDjdjoj7fDp6bZ6Zh/aVXx9ERFCgEbvqfcsNc=","carabid","DICSP5","Dicaelus sp.","genus",,"Bonelli",,1,"Kaufman, K., R. Bowers, and N. Bowers. 2007. Kaufman Field Guide to Mammals of North America. 12th Ed. Houghton Mifflin Company, New York, NY.","SwQFnZuakvNlojbzbwi0Q7Lk54l+Hztc0cig3HNKUGA=","nAKPQvGWPz3w50pS9SF/Wg/TlEjgxRE8","all pinned"
"31ee2c66-0c8a-4aa3-ba1c-73ad9a35a39b","ORNL_002.basePlot.bet","D07","ORNL","ORNL_002","N","2014-06-16","2014-06-30","2014-07-01","2014-07-01",,"ORNL_002.N.20140630","FcwZvbWDjdjoj7fDp6bZ6UKI5Ak3HVCh+TlQaKoGeF8=","invert bycatch",,,,,,,,,,"nAKPQvGWPz3w50pS9SF/Wg/TlEjgxRE8",
"de36fba4-9a27-4f85-90bc-5b598ddf0d48","ORNL_001.basePlot.bet","D07","ORNL","ORNL_001","N","2014-06-16","2014-06-30","2014-07-01","2014-07-01","2015-01-08","ORNL_001.N.20140630","1iGudFvILgktiAfxi1KZS2b+O9dpAvmQnpxjxRe/Vl0=","carabid","CYCFUC","Cyclotrachelus fucatus","species","cf. species","Freitag",,4,"Kaufman, K., R. Bowers, and N. Bowers. 2007. Kaufman Field Guide to Mammals of North America. 12th Ed. Houghton Mifflin Company, New York, NY.","nAKPQvGWPz3w50pS9SF/Wg/TlEjgxRE8","nAKPQvGWPz3w50pS9SF/Wg/TlEjgxRE8","all pinned"
"2204fe0a-a575-42f3-b9e1-a9453ef5e883","ORNL_006.basePlot.bet","D07","ORNL","ORNL_006","N","2014-06-16","2014-06-30","2014-07-01","2014-07-01","2015-01-08","ORNL_006.N.20140630","XUOG9+A5sIM2AutjsFun41G+i4FqMM6DNbAZt3BlMIo=","carabid","CYCFUC","Cyclotrachelus fucatus","species","cf. species","Freitag",,4,"Kaufman, K., R. Bowers, and N. Bowers. 2007. Kaufman Field Guide to Mammals of North America. 12th Ed. Houghton Mifflin Company, New York, NY.","nAKPQvGWPz3w50pS9SF/Wg/TlEjgxRE8","nAKPQvGWPz3w50pS9SF/Wg/TlEjgxRE8","all pinned"
"ffb3282c-3e54-4df2-8335-cca182cb67f4","ORNL_027.basePlot.bet","D07","ORNL","ORNL_027","N","2014-06-16","2014-06-30","2014-07-01","2014-07-01","2015-01-08","ORNL_027.N.20140630","di/gYcSB3uASifuksiMwvk0IKa6/VdiOvyt1rh5xm54=","carabid","PTESP23","Pterostichus sp.","genus",,"Bonelli",,1,"Kaufman, K., R. Bowers, and N. Bowers. 2007. Kaufman Field Guide to Mammals of North America. 12th Ed. Houghton Mifflin Company, New York, NY.","SwQFnZuakvNlojbzbwi0Q7Lk54l+Hztc0cig3HNKUGA=","nAKPQvGWPz3w50pS9SF/Wg/TlEjgxRE8","all pinned"
"0f660854-9837-441d-9098-5c0172ac448c","ORNL_027.basePlot.bet","D07","ORNL","ORNL_027","N","2014-06-16","2014-06-30","2014-07-01","2014-07-01",,"ORNL_027.N.20140630","di/gYcSB3uASifuksiMwvl37jsXVg54vMW8Fe8ZT4Kw=","other carabid","CARSP14","Carabidae sp.","family",,"Latreille",,1,"Other",,"nAKPQvGWPz3w50pS9SF/Wg/TlEjgxRE8","individualCount estimated based on number of pinning records|all pinned (D07MorphB)"
"7fdd8d6f-552f-4a8e-811e-e242d3fc4120","ORNL_027.basePlot.bet","D07","ORNL","ORNL_027","S","2014-06-16","2014-06-30","2014-07-01","2014-07-01","2015-01-08","ORNL_027.S.20140630","di/gYcSB3uDc5MxHkX1EfGFdmQjJz70vupzjjauNPGA=","carabid","CHLSP10","Chlaenius sp.","genus",,"Bonelli",,1,"Kaufman, K., R. Bowers, and N. Bowers. 2007. Kaufman Field Guide to Mammals of North America. 12th Ed. Houghton Mifflin Company, New York, NY.","SwQFnZuakvNlojbzbwi0Q7Lk54l+Hztc0cig3HNKUGA=","nAKPQvGWPz3w50pS9SF/Wg/TlEjgxRE8","all pinned"
"3f79cd9c-927e-427d-a4d9-8ab32080ee0b","ORNL_027.basePlot.bet","D07","ORNL","ORNL_027","S","2014-06-16","2014-06-30","2014-07-01","2014-07-01",,"ORNL_027.S.20140630","di/gYcSB3uDc5MxHkX1EfKeTCRdglGXRE9lYSWLeO3s=","other carabid","CARSP14","Carabidae sp.","family",,"Latreille",,1,"Other",,"nAKPQvGWPz3w50pS9SF/Wg/TlEjgxRE8","individualCount estimated based on number of pinning records|all pinned (D07MorphB)"
"f6c431e1-4cc6-4a99-a90e-b2b08192d087","ORNL_006.basePlot.bet","D07","ORNL","ORNL_006","S","2014-06-16","2014-06-30","2014-06-30","2014-06-30","2014-07-01","ORNL_006.S.20140630","XUOG9+A5sIO+WCCWVG2uYT6jR0fPSHXJk0VZl+7sEXg=","vert bycatch herp","ANAAME","Anaxyrus americanus","species",,"Holbrook",,1,"Other","nAKPQvGWPz3w50pS9SF/Wg/TlEjgxRE8","nAKPQvGWPz3w50pS9SF/Wg/TlEjgxRE8",
"b292f315-df88-42e1-a2ee-07377cfcee97","ORNL_006.basePlot.bet","D07","ORNL","ORNL_006","S","2014-06-16","2014-06-30","2014-07-01","2014-07-01","2015-01-08","ORNL_006.S.20140630","XUOG9+A5sIO+WCCWVG2uYQz9v/Eyd4bYKg5nfnEyQa0=","carabid","CYCSOD2","Cyclotrachelus sodalis sodalis","subspecies","cf. species","LeConte",,1,"Kaufman, K., R. Bowers, and N. Bowers. 2007. Kaufman Field Guide to Mammals of North America. 12th Ed. Houghton Mifflin Company, New York, NY.","nAKPQvGWPz3w50pS9SF/Wg/TlEjgxRE8","nAKPQvGWPz3w50pS9SF/Wg/TlEjgxRE8","all pinned"
"c8067212-8e02-47b8-aecd-942b5fbc9258","ORNL_006.basePlot.bet","D07","ORNL","ORNL_006","S","2014-06-16","2014-06-30","2014-07-01","2014-07-01","2015-01-08","ORNL_006.S.20140630","XUOG9+A5sIO+WCCWVG2uYTfJ5kry3LPVHPb+oDAuY2o=","carabid","CYCFUC","Cyclotrachelus fucatus","species","cf. species","Freitag",,2,"Kaufman, K., R. Bowers, and N. Bowers. 2007. Kaufman Field Guide to Mammals of North America. 12th Ed. Houghton Mifflin Company, New York, NY.","nAKPQvGWPz3w50pS9SF/Wg/TlEjgxRE8","nAKPQvGWPz3w50pS9SF/Wg/TlEjgxRE8","all pinned"
"911e480d-b5f8-4dc7-ad67-a41f54a0bb4f","ORNL_006.basePlot.bet","D07","ORNL","ORNL_006","S","2014-06-16","2014-06-30","2014-07-01","2014-07-01","2015-01-08","ORNL_006.S.20140630","XUOG9+A5sIO+WCCWVG2uYcygUxmJR2BWiCAHlZhPovo=","carabid","DICSP5","Dicaelus sp.","genus",,"Bonelli",,1,"Kaufman, K., R. Bowers, and N. Bowers. 2007. Kaufman Field Guide to Mammals of North America. 12th Ed. Houghton Mifflin Company, New York, NY.","SwQFnZuakvNlojbzbwi0Q7Lk54l+Hztc0cig3HNKUGA=","nAKPQvGWPz3w50pS9SF/Wg/TlEjgxRE8","all pinned"
"df96b9d5-1fd6-44f2-9856-419f3e1c3f09","ORNL_027.basePlot.bet","D07","ORNL","ORNL_027","S","2014-06-16","2014-06-30","2014-07-01","2014-07-01","2015-01-08","ORNL_027.S.20140630","di/gYcSB3uDc5MxHkX1EfHfiSkgGmEFnZsH1kBt0EL0=","carabid","CARSP14","Carabidae sp.","family",,"Latreille","D07.2014.MorphA",1,"Other","nAKPQvGWPz3w50pS9SF/Wg/TlEjgxRE8","nAKPQvGWPz3w50pS9SF/Wg/TlEjgxRE8","all pinned"
"f4177605-00f8-4928-826b-f79122d2e8d8","ORNL_006.basePlot.bet","D07","ORNL","ORNL_006","S","2014-06-16","2014-06-30","2014-07-01","2014-07-01","2015-01-08","ORNL_006.S.20140630","XUOG9+A5sIO+WCCWVG2uYcoXHFiM8z1Nrvp1bizuoC4=","carabid","GALJAN","Galerita janus","species","cf. species","Fabricius",,1,"Kaufman, K., R. Bowers, and N. Bowers. 2007. Kaufman Field Guide to Mammals of North America. 12th Ed. Houghton Mifflin Company, New York, NY.","nAKPQvGWPz3w50pS9SF/Wg/TlEjgxRE8","nAKPQvGWPz3w50pS9SF/Wg/TlEjgxRE8","all pinned"
"84c92ba6-92ec-4ab8-9c01-2d02ee77cbd5","ORNL_001.basePlot.bet","D07","ORNL","ORNL_001","W","2014-06-16","2014-06-30","2014-07-01","2014-07-01","2015-01-08","ORNL_001.W.20140630","1iGudFvILgmGq9ZwnrQSvZvEKoS01WHexnPqT3bJBfw=","carabid","CYCFUC","Cyclotrachelus fucatus","species","cf. species","Freitag",,1,"Kaufman, K., R. Bowers, and N. Bowers. 2007. Kaufman Field Guide to Mammals of North America. 12th Ed. Houghton Mifflin Company, New York, NY.","nAKPQvGWPz3w50pS9SF/Wg/TlEjgxRE8","nAKPQvGWPz3w50pS9SF/Wg/TlEjgxRE8","all pinned"
"3e3453eb-d0c1-4d90-97b2-6b55a2b9d4d8","ORNL_032.basePlot.bet","D07","ORNL","ORNL_032","W","2014-06-16","2014-06-30","2014-07-01","2014-07-01","2015-01-08","ORNL_032.W.20140630","DcTblkLRhlewiKLiNsBV9RgC0Ta3YfhxyOCqzRo071o=","carabid","CYCFUC","Cyclotrachelus fucatus","species","cf. species","Freitag",,1,"Kaufman, K., R. Bowers, and N. Bowers. 2007. Kaufman Field Guide to Mammals of North America. 12th Ed. Houghton Mifflin Company, New York, NY.","nAKPQvGWPz3w50pS9SF/Wg/TlEjgxRE8","nAKPQvGWPz3w50pS9SF/Wg/TlEjgxRE8","all pinned"
"b1b605c5-f47a-4307-aa4d-2afdd7388899","ORNL_027.basePlot.bet","D07","ORNL","ORNL_027","W","2014-06-16","2014-06-30","2014-07-01","2014-07-01","2015-01-08","ORNL_027.W.20140630","di/gYcSB3uBQaKXEjHeU8Cs0BDHUXw51yvOo0ywVxWI=","carabid","DICSP5","Dicaelus sp.","genus",,"Bonelli",,1,"Kaufman, K., R. Bowers, and N. Bowers. 2007. Kaufman Field Guide to Mammals of North America. 12th Ed. Houghton Mifflin Company, New York, NY.","SwQFnZuakvNlojbzbwi0Q7Lk54l+Hztc0cig3HNKUGA=","nAKPQvGWPz3w50pS9SF/Wg/TlEjgxRE8","all pinned"
"ec1b5599-08a2-4e55-b8b7-c774bcd9c399","ORNL_002.basePlot.bet","D07","ORNL","ORNL_002","W","2014-06-16","2014-06-30","2014-07-01","2014-07-01","2015-01-08","ORNL_002.W.20140630","FcwZvbWDjdiZxgA+A+PAD0BZb5KQx2zyH2WN2nloCQ4=","carabid","DICSP5","Dicaelus sp.","genus",,"Bonelli",,2,"Kaufman, K., R. Bowers, and N. Bowers. 2007. Kaufman Field Guide to Mammals of North America. 12th Ed. Houghton Mifflin Company, New York, NY.","SwQFnZuakvNlojbzbwi0Q7Lk54l+Hztc0cig3HNKUGA=","nAKPQvGWPz3w50pS9SF/Wg/TlEjgxRE8","all pinned"
"2b51e55e-2de7-4f3f-8988-3d4b2aefc6c8","ORNL_027.basePlot.bet","D07","ORNL","ORNL_027","E","2014-06-16","2014-06-30","2014-07-01","2014-07-01",,"ORNL_027.E.20140630","di/gYcSB3uBrVsec72T1U+cpY7zy6Opwzady0tCdYRY=","other carabid","CARSP14","Carabidae sp.","family",,"Latreille",,1,"Other",,"nAKPQvGWPz3w50pS9SF/Wg/TlEjgxRE8","individualCount estimated based on number of pinning records|all pinned (D07MorphB)"
"9a5534dc-1a4c-4462-8a36-c75b730e4169","ORNL_021.basePlot.bet","D07","ORNL","ORNL_021","E","2014-06-17","2014-06-30","2014-07-01","2014-07-01","2015-01-08","ORNL_021.E.20140630","LlqcsvOjN4Dt83E2Lbwgnjat9KQczHHIRkoAGMKOxoo=","carabid","HARSP7","Harpalus sp.","genus",,"Latreille",,1,"Kaufman, K., R. Bowers, and N. Bowers. 2007. Kaufman Field Guide to Mammals of North America. 12th Ed. Houghton Mifflin Company, New York, NY.","nAKPQvGWPz3w50pS9SF/Wg/TlEjgxRE8","nAKPQvGWPz3w50pS9SF/Wg/TlEjgxRE8","all pinned"
"66789374-806e-4a8e-b17e-7a265bfb6ecd","ORNL_029.basePlot.bet","D07","ORNL","ORNL_029","W","2014-06-17","2014-06-30","2014-07-01","2014-07-01","2015-01-08","ORNL_029.W.20140630","7LdWMHVTMySQyNV+4IwMelp87xRhgxgd1czEE1ib/i8=","carabid","PTESP23","Pterostichus sp.","genus",,"Bonelli",,4,"Kaufman, K., R. Bowers, and N. Bowers. 2007. Kaufman Field Guide to Mammals of North America. 12th Ed. Houghton Mifflin Company, New York, NY.","SwQFnZuakvNlojbzbwi0Q7Lk54l+Hztc0cig3HNKUGA=","nAKPQvGWPz3w50pS9SF/Wg/TlEjgxRE8","all pinned"
"d3125f53-b017-4d31-8c93-8b13aba32f21","ORNL_029.basePlot.bet","D07","ORNL","ORNL_029","E","2014-06-17","2014-06-30","2014-07-01","2014-07-01","2015-01-08","ORNL_029.E.20140630","7LdWMHVTMyTGnpRE8+acbl5QIxrSbjKU59+6EYVCcrg=","carabid","PTESP23","Pterostichus sp.","genus",,"Bonelli",,1,"Kaufman, K., R. Bowers, and N. Bowers. 2007. Kaufman Field Guide to Mammals of North America. 12th Ed. Houghton Mifflin Company, New York, NY.","SwQFnZuakvNlojbzbwi0Q7Lk54l+Hztc0cig3HNKUGA=","nAKPQvGWPz3w50pS9SF/Wg/TlEjgxRE8","all pinned"
"b24282c7-86ea-4bc1-809f-c63cfb03fed8","ORNL_021.basePlot.bet","D07","ORNL","ORNL_021","E","2014-06-17","2014-06-30","2014-07-01","2014-07-01","2015-01-08","ORNL_021.E.20140630","LlqcsvOjN4Dt83E2LbwgnvqahKyVnNFTdE1VmXinfBE=","carabid","ANISP9","Anisodactylus sp.","genus",,"Dejean",,4,"Kaufman, K., R. Bowers, and N. Bowers. 2007. Kaufman Field Guide to Mammals of North America. 12th Ed. Houghton Mifflin Company, New York, NY.","SwQFnZuakvNlojbzbwi0Q7Lk54l+Hztc0cig3HNKUGA=","nAKPQvGWPz3w50pS9SF/Wg/TlEjgxRE8","all pinned"
"9c951902-4ae6-482b-865c-5d5c1218a649","ORNL_031.basePlot.bet","D07","ORNL","ORNL_031","N","2014-06-17","2014-06-30","2014-07-01","2014-07-01",,"ORNL_031.N.20140630","G1V5MttZ4JLyxCEPmthBvFSLptlOgb65kwgc+TAycbw=","invert bycatch",,,,,,,,,,"nAKPQvGWPz3w50pS9SF/Wg/TlEjgxRE8",
"f14f40ca-cec2-40ad-bf65-d2c21c5e8765","ORNL_031.basePlot.bet","D07","ORNL","ORNL_031","N","2014-06-17","2014-06-30","2014-07-01","2014-07-01","2015-01-08","ORNL_031.N.20140630","G1V5MttZ4JLyxCEPmthBvH8NHT2WRFAmZNGFLZQriQk=","carabid","ANISP9","Anisodactylus sp.","genus",,"Dejean",,1,"Kaufman, K., R. Bowers, and N. Bowers. 2007. Kaufman Field Guide to Mammals of North America. 12th Ed. Houghton Mifflin Company, New York, NY.","SwQFnZuakvNlojbzbwi0Q7Lk54l+Hztc0cig3HNKUGA=","nAKPQvGWPz3w50pS9SF/Wg/TlEjgxRE8","all pinned"
"1c42aec6-6597-4604-b74a-a5ea4690cfa2","ORNL_029.basePlot.bet","D07","ORNL","ORNL_029","N","2014-06-17","2014-06-30","2014-07-01","2014-07-01",,"ORNL_029.N.20140630","7LdWMHVTMySjcVKubN7bJFD067c/1dEKCNNoRxE/rZg=","invert bycatch",,,,,,,,,,"nAKPQvGWPz3w50pS9SF/Wg/TlEjgxRE8",
"bcc9bdee-1b97-446d-9eaa-0a547ce27cf1","ORNL_021.basePlot.bet","D07","ORNL","ORNL_021","N","2014-06-17","2014-06-30","2014-07-01","2014-07-01",,"ORNL_021.N.20140630","LlqcsvOjN4BiVKEwjni1b4KvsPHlx6teELpoHODqKVM=","invert bycatch",,,,,,,,,,"nAKPQvGWPz3w50pS9SF/Wg/TlEjgxRE8",
"321be0f3-9383-4de3-9ea5-b363f045d4c5","ORNL_021.basePlot.bet","D07","ORNL","ORNL_021","N","2014-06-17","2014-06-30","2014-07-01","2014-07-01","2015-01-08","ORNL_021.N.20140630","LlqcsvOjN4BiVKEwjni1b4OLaqYYHYiZ9yfc15ozMHE=","carabid","ANISP9","Anisodactylus sp.","genus",,"Dejean",,1,"Kaufman, K., R. Bowers, and N. Bowers. 2007. Kaufman Field Guide to Mammals of North America. 12th Ed. Houghton Mifflin Company, New York, NY.","SwQFnZuakvNlojbzbwi0Q7Lk54l+Hztc0cig3HNKUGA=","nAKPQvGWPz3w50pS9SF/Wg/TlEjgxRE8","all pinned"
"e388689b-1798-4d52-a9e7-9e9f446ee403","ORNL_029.basePlot.bet","D07","ORNL","ORNL_029","S","2014-06-17","2014-06-30","2014-07-01","2014-07-01","2015-01-08","ORNL_029.S.20140630","7LdWMHVTMySEsnC6pdN9GjLwmh8o+XZUAIfsse3PfL4=","carabid","CYCSOD2","Cyclotrachelus sodalis sodalis","subspecies","cf. species","LeConte",,3,"Kaufman, K., R. Bowers, and N. Bowers. 2007. Kaufman Field Guide to Mammals of North America. 12th Ed. Houghton Mifflin Company, New York, NY.","nAKPQvGWPz3w50pS9SF/Wg/TlEjgxRE8","nAKPQvGWPz3w50pS9SF/Wg/TlEjgxRE8","all pinned"
"033cb74b-4ef5-48a9-bccd-c4b49197c92d","ORNL_029.basePlot.bet","D07","ORNL","ORNL_029","S","2014-06-17","2014-06-30","2014-07-01","2014-07-01",,"ORNL_029.S.20140630","7LdWMHVTMySEsnC6pdN9GqhMGLIoDLClzoHMg3nAf/k=","other carabid","CARSP14","Carabidae sp.","family",,"Latreille",,1,"Other",,"nAKPQvGWPz3w50pS9SF/Wg/TlEjgxRE8","individualCount estimated based on number of pinning records|all pinned (D07MorphB)"
"76e60dd5-29c1-44a1-9e0d-12fc0acbad61","ORNL_021.basePlot.bet","D07","ORNL","ORNL_021","S","2014-06-17","2014-06-30","2014-07-01","2014-07-01","2015-01-08","ORNL_021.S.20140630","LlqcsvOjN4Dthg3qJyr9AIYfCmU9dekO70fDZ3w5W3E=","carabid","ANISP9","Anisodactylus sp.","genus",,"Dejean",,4,"Kaufman, K., R. Bowers, and N. Bowers. 2007. Kaufman Field Guide to Mammals of North America. 12th Ed. Houghton Mifflin Company, New York, NY.","SwQFnZuakvNlojbzbwi0Q7Lk54l+Hztc0cig3HNKUGA=","nAKPQvGWPz3w50pS9SF/Wg/TlEjgxRE8","all pinned"
"0c843bb0-e58c-42ad-89c9-bd2a0a802b6e","ORNL_021.basePlot.bet","D07","ORNL","ORNL_021","S","2014-06-17","2014-06-30","2014-07-01","2014-07-01","2015-01-08","ORNL_021.S.20140630","LlqcsvOjN4Dthg3qJyr9ALxXC3KBlVSdQFrqJ7qyrEg=","carabid","SCASP12","Scarites sp.","genus",,"Fabricius",,1,"Kaufman, K., R. Bowers, and N. Bowers. 2007. Kaufman Field Guide to Mammals of North America. 12th Ed. Houghton Mifflin Company, New York, NY.","SwQFnZuakvNlojbzbwi0Q7Lk54l+Hztc0cig3HNKUGA=","nAKPQvGWPz3w50pS9SF/Wg/TlEjgxRE8","all pinned"
"0eaba9c7-f0f7-4ed3-b59e-8fe6cab6b263","ORNL_031.basePlot.bet","D07","ORNL","ORNL_031","W","2014-06-17","2014-06-30","2014-07-01","2014-07-01","2015-01-08","ORNL_031.W.20140630","G1V5MttZ4JJqbrnNbrZm6nbzY4ANxsMrki1WR5UEBI8=","carabid","ANISP9","Anisodactylus sp.","genus",,"Dejean",,3,"Kaufman, K., R. Bowers, and N. Bowers. 2007. Kaufman Field Guide to Mammals of North America. 12th Ed. Houghton Mifflin Company, New York, NY.","SwQFnZuakvNlojbzbwi0Q7Lk54l+Hztc0cig3HNKUGA=","nAKPQvGWPz3w50pS9SF/Wg/TlEjgxRE8","all pinned"
"88cecdf1-ba05-440b-adf2-a4e9a1b08eac","ORNL_031.basePlot.bet","D07","ORNL","ORNL_031","W","2014-06-17","2014-06-30","2014-07-01","2014-07-01","2015-01-08","ORNL_031.W.20140630","G1V5MttZ4JJqbrnNbrZm6svvwXPGj1/wm483djRGVps=","carabid","SCASP12","Scarites sp.","genus",,"Fabricius",,1,"Kaufman, K., R. Bowers, and N. Bowers. 2007. Kaufman Field Guide to Mammals of North America. 12th Ed. Houghton Mifflin Company, New York, NY.","SwQFnZuakvNlojbzbwi0Q7Lk54l+Hztc0cig3HNKUGA=","nAKPQvGWPz3w50pS9SF/Wg/TlEjgxRE8","all pinned"
"64582375-8762-40db-bd71-d4739cedc9b1","ORNL_021.basePlot.bet","D07","ORNL","ORNL_021","W","2014-06-17","2014-06-30","2014-07-01","2014-07-01","2015-01-08","ORNL_021.W.20140630","LlqcsvOjN4Ahhe348f8bylituZxEdBdki2ZnaUar5Bk=","carabid","ANISP9","Anisodactylus sp.","genus",,"Dejean",,2,"Kaufman, K., R. Bowers, and N. Bowers. 2007. Kaufman Field Guide to Mammals of North America. 12th Ed. Houghton Mifflin Company, New York, NY.","SwQFnZuakvNlojbzbwi0Q7Lk54l+Hztc0cig3HNKUGA=","nAKPQvGWPz3w50pS9SF/Wg/TlEjgxRE8","all pinned"
"e2904d66-5a41-4199-a5e1-12ce2f62547c","ORNL_029.basePlot.bet","D07","ORNL","ORNL_029","W","2014-06-17","2014-06-30","2014-07-01","2014-07-01","2015-01-08","ORNL_029.W.20140630","7LdWMHVTMySQyNV+4IwMejhXLwfZZe9Gn7m5Zpth8BM=","carabid","CYCSOD2","Cyclotrachelus sodalis sodalis","subspecies","cf. species","LeConte",,8,"Kaufman, K., R. Bowers, and N. Bowers. 2007. Kaufman Field Guide to Mammals of North America. 12th Ed. Houghton Mifflin Company, New York, NY.","nAKPQvGWPz3w50pS9SF/Wg/TlEjgxRE8","nAKPQvGWPz3w50pS9SF/Wg/TlEjgxRE8","all pinned"
"e7707c4c-16de-4e7d-a0a6-57a9ab146f10","ORNL_029.basePlot.bet","D07","ORNL","ORNL_029","E","2014-06-17","2014-06-30","2014-07-01","2014-07-01","2015-01-08","ORNL_029.E.20140630","7LdWMHVTMyTGnpRE8+acbhPd4YoC5XTS1jr/AxyCVBM=","carabid","CYCSOD2","Cyclotrachelus sodalis sodalis","subspecies","cf. species","LeConte",,1,"Kaufman, K., R. Bowers, and N. Bowers. 2007. Kaufman Field Guide to Mammals of North America. 12th Ed. Houghton Mifflin Company, New York, NY.","nAKPQvGWPz3w50pS9SF/Wg/TlEjgxRE8","nAKPQvGWPz3w50pS9SF/Wg/TlEjgxRE8","all pinned"
