uid,namedLocation,domainID,siteID,plotID,setDate,collectDate,identifiedDate,individualID,taxonID,kingdom,phylum,class,order,family,subfamily,tribe,genus,subgenus,specificEpithet,infraspecificEpithet,scientificName,scientificNameAuthorship,taxonRank,identificationQualifier,sex,morphospeciesID,identificationReferences,identifiedBy,laboratoryName,identificationRemarks,sampleCondition,dnaBarcoded,geneticSampleID,remarks
"f52eea87-1cd5-4089-8c76-e0a92364f6ee","ORNL_032.basePlot.bet","D07","ORNL","ORNL_032","2014-05-19","2014-06-03","2017-01-15","NEON.BET.D07.000169","CYCFUC","Animalia","Arthropoda","Insecta","Coleoptera","Carabidae","Harpalinae","Pterostichini","Cyclotrachelus","Cyclotrachelus","fucatus",,"Cyclotrachelus fucatus","Freitag","species",,"F",,"Freitag, R. 1969. A revision of the species of the genus Evarthrus LeConte. Quaestiones Entomologicae 5:89-212.","Kipling Will","Essig Museum of Entomology",,"No known compromise","N",,
"4180841b-ff13-403b-ae46-5ec8c13cf951","ORNL_032.basePlot.bet","D07","ORNL","ORNL_032","2014-05-19","2014-06-03","2017-01-15","NEON.BET.D07.000163","CYCFUC","Animalia","Arthropoda","Insecta","Coleoptera","Carabidae","Harpalinae","Pterostichini","Cyclotrachelus","Cyclotrachelus","fucatus",,"Cyclotrachelus fucatus","Freitag","species",,"M",,"Freitag, R. 1969. A revision of the species of the genus Evarthrus LeConte. Quaestiones Entomologicae 5:89-212.","Kipling Will","Essig Museum of Entomology",,"No known compromise","N",,
"f70b2fcd-cf3b-484d-b23e-e3197ab87b1f","ORNL_032.basePlot.bet","D07","ORNL","ORNL_032","2014-05-19","2014-06-03","2017-01-15","NEON.BET.D07.000172","CYCFUC","Animalia","Arthropoda","Insecta","Coleoptera","Carabidae","Harpalinae","Pterostichini","Cyclotrachelus","Cyclotrachelus","fucatus",,"Cyclotrachelus fucatus","Freitag","species",,"M",,"Freitag, R. 1969. A revision of the species of the genus Evarthrus LeConte. Quaestiones Entomologicae 5:89-212.","Kipling Will","Essig Museum of Entomology",,"No known compromise","N",,
"e5e93afc-d81f-4e04-9bab-3f25a4491a91","ORNL_032.basePlot.bet","D07","ORNL","ORNL_032","2014-05-19","2014-06-03","2017-01-15","NEON.BET.D07.000156","CYCFUC","Animalia","Arthropoda","Insecta","Coleoptera","Carabidae","Harpalinae","Pterostichini","Cyclotrachelus","Cyclotrachelus","fucatus",,"Cyclotrachelus fucatus","Freitag","species",,"M",,"Freitag, R. 1969. A revision of the species of the genus Evarthrus LeConte. Quaestiones Entomologicae 5:89-212.","Kipling Will","Essig Museum of Entomology",,"No known compromise","N",,
"59f60ea3-af5b-4233-8052-73fb3b5df7aa","ORNL_032.basePlot.bet","D07","ORNL","ORNL_032","2014-05-19","2014-06-03","2017-01-15","NEON.BET.D07.000164","CYCFUC","Animalia","Arthropoda","Insecta","Coleoptera","Carabidae","Harpalinae","Pterostichini","Cyclotrachelus","Cyclotrachelus","fucatus",,"Cyclotrachelus fucatus","Freitag","species",,"M",,"Freitag, R. 1969. A revision of the species of the genus Evarthrus LeConte. Quaestiones Entomologicae 5:89-212.","Kipling Will","Essig Museum of Entomology",,"No known compromise","N",,
"25c58411-655d-4bc4-a32b-8aa524cf1b64","ORNL_032.basePlot.bet","D07","ORNL","ORNL_032","2014-05-19","2014-06-03","2017-01-15","NEON.BET.D07.000160","CYCFUC","Animalia","Arthropoda","Insecta","Coleoptera","Carabidae","Harpalinae","Pterostichini","Cyclotrachelus","Cyclotrachelus","fucatus",,"Cyclotrachelus fucatus","Freitag","species",,"M",,"Freitag, R. 1969. A revision of the species of the genus Evarthrus LeConte. Quaestiones Entomologicae 5:89-212.","Kipling Will","Essig Museum of Entomology",,"No known compromise","N",,
"3ed4331f-8031-4ba6-8f27-c658f02142fa","ORNL_032.basePlot.bet","D07","ORNL","ORNL_032","2014-05-19","2014-06-03","2017-01-15","NEON.BET.D07.000153","CYCFUC","Animalia","Arthropoda","Insecta","Coleoptera","Carabidae","Harpalinae","Pterostichini","Cyclotrachelus","Cyclotrachelus","fucatus",,"Cyclotrachelus fucatus","Freitag","species",,"F",,"Freitag, R. 1969. A revision of the species of the genus Evarthrus LeConte. Quaestiones Entomologicae 5:89-212.","Kipling Will","Essig Museum of Entomology",,"No known compromise","N",,
"10fbd434-e979-473c-bc1e-a9ce20aebfcb","ORNL_002.basePlot.bet","D07","ORNL","ORNL_002","2014-05-19","2014-06-03","2017-01-15","NEON.BET.D07.000137","DICDIL1","Animalia","Arthropoda","Insecta","Coleoptera","Carabidae","Harpalinae","Licinini","Dicaelus","Paradicaelus","dilatatus","dilatatus","Dicaelus dilatatus dilatatus","Say","subspecies",,"F",,"Ball, G. E. 1992. The Tribe Licinini (Coleoptera: Carabidae): A Review of the Genus-Groups and of the Species of Selected Genera. Journal of the New York Entomological Society 100:325-380.","Kipling Will","Essig Museum of Entomology",,"No known compromise","N",,
"135de470-1bb0-4119-b44d-50ac7460e55b","ORNL_027.basePlot.bet","D07","ORNL","ORNL_027","2014-05-19","2014-06-03","2017-01-15","NEON.BET.D07.000176","CYCFUC","Animalia","Arthropoda","Insecta","Coleoptera","Carabidae","Harpalinae","Pterostichini","Cyclotrachelus","Cyclotrachelus","fucatus",,"Cyclotrachelus fucatus","Freitag","species",,"M",,"Freitag, R. 1969. A revision of the species of the genus Evarthrus LeConte. Quaestiones Entomologicae 5:89-212.","Kipling Will","Essig Museum of Entomology",,"No known compromise","N",,
"65aaacf7-2cf7-4a1a-bcdb-88470e16e5b6","ORNL_006.basePlot.bet","D07","ORNL","ORNL_006","2014-05-19","2014-06-03","2017-01-15","NEON.BET.D07.000198","CYCFUC","Animalia","Arthropoda","Insecta","Coleoptera","Carabidae","Harpalinae","Pterostichini","Cyclotrachelus","Cyclotrachelus","fucatus",,"Cyclotrachelus fucatus","Freitag","species",,"M",,"Freitag, R. 1969. A revision of the species of the genus Evarthrus LeConte. Quaestiones Entomologicae 5:89-212.","Kipling Will","Essig Museum of Entomology",,"No known compromise","N",,
"608dbaed-ea0f-4553-b2df-cc47aa465bf9","ORNL_006.basePlot.bet","D07","ORNL","ORNL_006","2014-05-19","2014-06-03","2017-01-15","NEON.BET.D07.000197","CYCFUC","Animalia","Arthropoda","Insecta","Coleoptera","Carabidae","Harpalinae","Pterostichini","Cyclotrachelus","Cyclotrachelus","fucatus",,"Cyclotrachelus fucatus","Freitag","species",,"F",,"Freitag, R. 1969. A revision of the species of the genus Evarthrus LeConte. Quaestiones Entomologicae 5:89-212.","Kipling Will","Essig Museum of Entomology",,"No known compromise","N",,
"342feea9-8e40-4112-8db7-0c4abb5a1b9a","ORNL_006.basePlot.bet","D07","ORNL","ORNL_006","2014-05-19","2014-06-03","2017-01-15","NEON.BET.D07.000196","CYCFUC","Animalia","Arthropoda","Insecta","Coleoptera","Carabidae","Harpalinae","Pterostichini","Cyclotrachelus","Cyclotrachelus","fucatus",,"Cyclotrachelus fucatus","Freitag","species",,"F",,"Freitag, R. 1969. A revision of the species of the genus Evarthrus LeConte. Quaestiones Entomologicae 5:89-212.","Kipling Will","Essig Museum of Entomology",,"No known compromise","N",,
"da9111ed-480d-4a21-b823-36b05690f71c","ORNL_006.basePlot.bet","D07","ORNL","ORNL_006","2014-05-19","2014-06-03","2017-01-15","NEON.BET.D07.000236","CYCFUC","Animalia","Arthropoda","Insecta","Coleoptera","Carabidae","Harpalinae","Pterostichini","Cyclotrachelus","Cyclotrachelus","fucatus",,"Cyclotrachelus fucatus","Freitag","species",,"M",,"Freitag, R. 1969. A revision of the species of the genus Evarthrus LeConte. Quaestiones Entomologicae 5:89-212.","Kipling Will","Essig Museum of Entomology",,"No known compromise","N",,
"103d43b1-63ec-4db0-a549-468606895bb4","ORNL_006.basePlot.bet","D07","ORNL","ORNL_006","2014-05-19","2014-06-03","2017-01-15","NEON.BET.D07.000203","CYCFUC","Animalia","Arthropoda","Insecta","Coleoptera","Carabidae","Harpalinae","Pterostichini","Cyclotrachelus","Cyclotrachelus","fucatus",,"Cyclotrachelus fucatus","Freitag","species",,"F",,"Freitag, R. 1969. A revision of the species of the genus Evarthrus LeConte. Quaestiones Entomologicae 5:89-212.","Kipling Will","Essig Museum of Entomology",,"No known compromise","N",,
"b1144054-9232-4f99-b798-fc6b8038736b","ORNL_006.basePlot.bet","D07","ORNL","ORNL_006","2014-05-19","2014-06-03","2017-01-15","NEON.BET.D07.000201","CYCFUC","Animalia","Arthropoda","Insecta","Coleoptera","Carabidae","Harpalinae","Pterostichini","Cyclotrachelus","Cyclotrachelus","fucatus",,"Cyclotrachelus fucatus","Freitag","species",,"F",,"Freitag, R. 1969. A revision of the species of the genus Evarthrus LeConte. Quaestiones Entomologicae 5:89-212.","Kipling Will","Essig Museum of Entomology",,"No known compromise","N",,
"4d1a387d-e2f2-46a6-ac2a-f56a59978825","ORNL_006.basePlot.bet","D07","ORNL","ORNL_006","2014-05-19","2014-06-03","2017-01-15","NEON.BET.D07.000199","CYCFUC","Animalia","Arthropoda","Insecta","Coleoptera","Carabidae","Harpalinae","Pterostichini","Cyclotrachelus","Cyclotrachelus","fucatus",,"Cyclotrachelus fucatus","Freitag","species",,"M",,"Freitag, R. 1969. A revision of the species of the genus Evarthrus LeConte. Quaestiones Entomologicae 5:89-212.","Kipling Will","Essig Museum of Entomology",,"No known compromise","N",,
"b475367b-15b3-4ddf-be87-7c7d8212a93c","ORNL_006.basePlot.bet","D07","ORNL","ORNL_006","2014-05-19","2014-06-03","2017-01-15","NEON.BET.D07.000200","CYCFUC","Animalia","Arthropoda","Insecta","Coleoptera","Carabidae","Harpalinae","Pterostichini","Cyclotrachelus","Cyclotrachelus","fucatus",,"Cyclotrachelus fucatus","Freitag","species",,"F",,"Freitag, R. 1969. A revision of the species of the genus Evarthrus LeConte. Quaestiones Entomologicae 5:89-212.","Kipling Will","Essig Museum of Entomology",,"No known compromise","N",,
"71782453-67a6-480c-addb-cff1c62bc0cd","ORNL_006.basePlot.bet","D07","ORNL","ORNL_006","2014-05-19","2014-06-03","2017-01-15","NEON.BET.D07.000202","CYCFUC","Animalia","Arthropoda","Insecta","Coleoptera","Carabidae","Harpalinae","Pterostichini","Cyclotrachelus","Cyclotrachelus","fucatus",,"Cyclotrachelus fucatus","Freitag","species",,"M",,"Freitag, R. 1969. A revision of the species of the genus Evarthrus LeConte. Quaestiones Entomologicae 5:89-212.","Kipling Will","Essig Museum of Entomology",,"No known compromise","N",,
"50d2d343-05c1-47fd-aef7-b349cf1d15f2","ORNL_001.basePlot.bet","D07","ORNL","ORNL_001","2014-05-19","2014-06-03","2017-01-15","NEON.BET.D07.000212","CYCFUC","Animalia","Arthropoda","Insecta","Coleoptera","Carabidae","Harpalinae","Pterostichini","Cyclotrachelus","Cyclotrachelus","fucatus",,"Cyclotrachelus fucatus","Freitag","species",,"F",,"Freitag, R. 1969. A revision of the species of the genus Evarthrus LeConte. Quaestiones Entomologicae 5:89-212.","Kipling Will","Essig Museum of Entomology",,"No known compromise","N",,
"ef8b3181-f767-440b-9e4b-3540a7bb0817","ORNL_002.basePlot.bet","D07","ORNL","ORNL_002","2014-05-19","2014-06-03","2017-01-15","NEON.BET.D07.000220","CYCFUC","Animalia","Arthropoda","Insecta","Coleoptera","Carabidae","Harpalinae","Pterostichini","Cyclotrachelus","Cyclotrachelus","fucatus",,"Cyclotrachelus fucatus","Freitag","species",,"M",,"Freitag, R. 1969. A revision of the species of the genus Evarthrus LeConte. Quaestiones Entomologicae 5:89-212.","Kipling Will","Essig Museum of Entomology",,"No known compromise","N",,
"afb13f16-4dfe-489e-b4c4-4645087a5944","ORNL_004.basePlot.bet","D07","ORNL","ORNL_004","2014-05-19","2014-06-03","2017-01-15","NEON.BET.D07.000222","CYCFUC","Animalia","Arthropoda","Insecta","Coleoptera","Carabidae","Harpalinae","Pterostichini","Cyclotrachelus","Cyclotrachelus","fucatus",,"Cyclotrachelus fucatus","Freitag","species",,"M",,"Freitag, R. 1969. A revision of the species of the genus Evarthrus LeConte. Quaestiones Entomologicae 5:89-212.","Kipling Will","Essig Museum of Entomology",,"No known compromise","N",,
"a132da1e-87de-4817-9797-10d38360eacb","ORNL_002.basePlot.bet","D07","ORNL","ORNL_002","2014-05-19","2014-06-03","2017-01-15","NEON.BET.D07.000218","CYCFUC","Animalia","Arthropoda","Insecta","Coleoptera","Carabidae","Harpalinae","Pterostichini","Cyclotrachelus","Cyclotrachelus","fucatus",,"Cyclotrachelus fucatus","Freitag","species",,"M",,"Freitag, R. 1969. A revision of the species of the genus Evarthrus LeConte. Quaestiones Entomologicae 5:89-212.","Kipling Will","Essig Museum of Entomology",,"No known compromise","N",,
"2d1f7c20-64ee-42fa-a77a-6b6333589d36","ORNL_001.basePlot.bet","D07","ORNL","ORNL_001","2014-05-19","2014-06-03","2017-01-15","NEON.BET.D07.000211","CYCFUC","Animalia","Arthropoda","Insecta","Coleoptera","Carabidae","Harpalinae","Pterostichini","Cyclotrachelus","Cyclotrachelus","fucatus",,"Cyclotrachelus fucatus","Freitag","species",,"F",,"Freitag, R. 1969. A revision of the species of the genus Evarthrus LeConte. Quaestiones Entomologicae 5:89-212.","Kipling Will","Essig Museum of Entomology",,"No known compromise","N",,
"4a45afb6-cb09-42c9-852b-f69b48c1cb6a","ORNL_001.basePlot.bet","D07","ORNL","ORNL_001","2014-05-19","2014-06-03","2017-01-15","NEON.BET.D07.000213","CYCFUC","Animalia","Arthropoda","Insecta","Coleoptera","Carabidae","Harpalinae","Pterostichini","Cyclotrachelus","Cyclotrachelus","fucatus",,"Cyclotrachelus fucatus","Freitag","species",,"F",,"Freitag, R. 1969. A revision of the species of the genus Evarthrus LeConte. Quaestiones Entomologicae 5:89-212.","Kipling Will","Essig Museum of Entomology",,"No known compromise","N",,
"e2335038-fbb9-4a96-8b64-06542dcd55ff","ORNL_001.basePlot.bet","D07","ORNL","ORNL_001","2014-05-19","2014-06-03","2017-01-15","NEON.BET.D07.000216","CYCFUC","Animalia","Arthropoda","Insecta","Coleoptera","Carabidae","Harpalinae","Pterostichini","Cyclotrachelus","Cyclotrachelus","fucatus",,"Cyclotrachelus fucatus","Freitag","species",,"F",,"Freitag, R. 1969. A revision of the species of the genus Evarthrus LeConte. Quaestiones Entomologicae 5:89-212.","Kipling Will","Essig Museum of Entomology",,"No known compromise","N",,
"cee27ee1-fc95-40c8-ad9a-4ba2b96e8498","ORNL_003.basePlot.bet","D07","ORNL","ORNL_003","2014-05-19","2014-06-03","2017-01-15","NEON.BET.D07.000227","CYCFUC","Animalia","Arthropoda","Insecta","Coleoptera","Carabidae","Harpalinae","Pterostichini","Cyclotrachelus","Cyclotrachelus","fucatus",,"Cyclotrachelus fucatus","Freitag","species",,"F",,"Freitag, R. 1969. A revision of the species of the genus Evarthrus LeConte. Quaestiones Entomologicae 5:89-212.","Kipling Will","Essig Museum of Entomology",,"No known compromise","N",,
"2e4d5367-ea92-4f53-8f9a-279d08fa62e7","ORNL_003.basePlot.bet","D07","ORNL","ORNL_003","2014-05-19","2014-06-03","2017-01-15","NEON.BET.D07.000246","CYCSOD2","Animalia","Arthropoda","Insecta","Coleoptera","Carabidae","Harpalinae","Pterostichini","Cyclotrachelus","Evarthrus","sodalis","sodalis","Cyclotrachelus sodalis sodalis","LeConte","subspecies",,"F",,"Freitag, R. 1969. A revision of the species of the genus Evarthrus LeConte. Quaestiones Entomologicae 5:89-212.","Kipling Will","Essig Museum of Entomology",,"No known compromise","N",,
"ff5f0603-bcdb-4d9a-af96-0cce4ac8939b","ORNL_001.basePlot.bet","D07","ORNL","ORNL_001","2014-05-19","2014-06-03","2017-01-15","NEON.BET.D07.000214","CYCFUC","Animalia","Arthropoda","Insecta","Coleoptera","Carabidae","Harpalinae","Pterostichini","Cyclotrachelus","Cyclotrachelus","fucatus",,"Cyclotrachelus fucatus","Freitag","species",,"M",,"Freitag, R. 1969. A revision of the species of the genus Evarthrus LeConte. Quaestiones Entomologicae 5:89-212.","Kipling Will","Essig Museum of Entomology",,"No known compromise","N",,
"6ee66eab-c877-4ad7-8ef0-453708827057","ORNL_003.basePlot.bet","D07","ORNL","ORNL_003","2014-05-19","2014-06-03","2017-01-15","NEON.BET.D07.000223","CYCFUC","Animalia","Arthropoda","Insecta","Coleoptera","Carabidae","Harpalinae","Pterostichini","Cyclotrachelus","Cyclotrachelus","fucatus",,"Cyclotrachelus fucatus","Freitag","species",,"F",,"Freitag, R. 1969. A revision of the species of the genus Evarthrus LeConte. Quaestiones Entomologicae 5:89-212.","Kipling Will","Essig Museum of Entomology",,"No known compromise","N",,
"8556a820-41a5-4c71-ac59-a6292ad97076","ORNL_003.basePlot.bet","D07","ORNL","ORNL_003","2014-05-19","2014-06-03","2017-01-15","NEON.BET.D07.000224","CYCFUC","Animalia","Arthropoda","Insecta","Coleoptera","Carabidae","Harpalinae","Pterostichini","Cyclotrachelus","Cyclotrachelus","fucatus",,"Cyclotrachelus fucatus","Freitag","species",,"M",,"Freitag, R. 1969. A revision of the species of the genus Evarthrus LeConte. Quaestiones Entomologicae 5:89-212.","Kipling Will","Essig Museum of Entomology",,"No known compromise","N",,
"7d9fed90-1d50-4078-a7d9-22347465cb65","ORNL_027.basePlot.bet","D07","ORNL","ORNL_027","2014-05-19","2014-06-03","2017-01-15","NEON.BET.D07.000260","CYCSOD2","Animalia","Arthropoda","Insecta","Coleoptera","Carabidae","Harpalinae","Pterostichini","Cyclotrachelus","Evarthrus","sodalis","sodalis","Cyclotrachelus sodalis sodalis","LeConte","subspecies",,"F",,"Freitag, R. 1969. A revision of the species of the genus Evarthrus LeConte. Quaestiones Entomologicae 5:89-212.","Kipling Will","Essig Museum of Entomology",,"No known compromise","N",,
"709b0a85-4856-4558-8438-b156abfd69e9","ORNL_006.basePlot.bet","D07","ORNL","ORNL_006","2014-05-19","2014-06-03","2017-01-15","NEON.BET.D07.000285","CYCFUC","Animalia","Arthropoda","Insecta","Coleoptera","Carabidae","Harpalinae","Pterostichini","Cyclotrachelus","Cyclotrachelus","fucatus",,"Cyclotrachelus fucatus","Freitag","species",,"F",,"Freitag, R. 1969. A revision of the species of the genus Evarthrus LeConte. Quaestiones Entomologicae 5:89-212.","Kipling Will","Essig Museum of Entomology",,"No known compromise","N",,
"68c01e4a-df0e-4f03-909e-8992c1b840fe","ORNL_031.basePlot.bet","D07","ORNL","ORNL_031","2014-05-19","2014-06-03","2017-01-15","NEON.BET.D07.000310","ANIMER2","Animalia","Arthropoda","Insecta","Coleoptera","Carabidae","Harpalinae","Harpalini","Anisodactylus","Gynandrotarsus","merula",,"Anisodactylus merula","Germar","species",,"M",,"Lindroth, C. H. 1969. The ground-beetles (Carabidae, excl. Cicindelinae) of Canada and Alaska, parts 1-6. Opuscula E. Entomoligiska Sallskapet.","Kipling Will","Essig Museum of Entomology","lacks elytral humeral denticle","No known compromise","N",,
"1ddcd1f7-34e3-4b68-b84f-482adbf555e4","ORNL_021.basePlot.bet","D07","ORNL","ORNL_021","2014-05-19","2014-06-03","2017-01-15","NEON.BET.D07.000289","ANIMER2","Animalia","Arthropoda","Insecta","Coleoptera","Carabidae","Harpalinae","Harpalini","Anisodactylus","Gynandrotarsus","merula",,"Anisodactylus merula","Germar","species",,"M",,"Lindroth, C. H. 1969. The ground-beetles (Carabidae, excl. Cicindelinae) of Canada and Alaska, parts 1-6. Opuscula E. Entomoligiska Sallskapet.","Kipling Will","Essig Museum of Entomology","lacks elytral humeral denticle","No known compromise","N",,
"0c1fc78d-bfc2-4022-b9b9-9027e3f935b0","ORNL_021.basePlot.bet","D07","ORNL","ORNL_021","2014-05-19","2014-06-03","2017-01-15","NEON.BET.D07.000319","ANIMER2","Animalia","Arthropoda","Insecta","Coleoptera","Carabidae","Harpalinae","Harpalini","Anisodactylus","Gynandrotarsus","merula",,"Anisodactylus merula","Germar","species",,"M",,"Lindroth, C. H. 1969. The ground-beetles (Carabidae, excl. Cicindelinae) of Canada and Alaska, parts 1-6. Opuscula E. Entomoligiska Sallskapet.","Kipling Will","Essig Museum of Entomology","lacks elytral humeral denticle","No known compromise","N",,
"e1e0bc8a-27c6-4de8-a195-034b68d64801","ORNL_027.basePlot.bet","D07","ORNL","ORNL_027","2014-05-19","2014-06-03","2017-01-15","NEON.BET.D07.000463","PTESTY","Animalia","Arthropoda","Insecta","Coleoptera","Carabidae","Harpalinae","Pterostichini","Pterostichus","Euferonia","stygicus",,"Pterostichus stygicus","Say","species",,"F",,"Lindroth, C. H. 1969. The ground-beetles (Carabidae, excl. Cicindelinae) of Canada and Alaska, parts 1-6. Opuscula E. Entomoligiska Sallskapet.","Kipling Will","Essig Museum of Entomology",,"No known compromise","N",,
"993b20d2-5f8a-4941-bfdf-bece1549ecc1","ORNL_027.basePlot.bet","D07","ORNL","ORNL_027","2014-05-19","2014-06-03","2017-01-15","NEON.BET.D07.000465","PTESTY","Animalia","Arthropoda","Insecta","Coleoptera","Carabidae","Harpalinae","Pterostichini","Pterostichus","Euferonia","stygicus",,"Pterostichus stygicus","Say","species",,"M",,"Lindroth, C. H. 1969. The ground-beetles (Carabidae, excl. Cicindelinae) of Canada and Alaska, parts 1-6. Opuscula E. Entomoligiska Sallskapet.","Kipling Will","Essig Museum of Entomology",,"No known compromise","N",,
"eb322039-fe1e-4566-acc7-d0857113bbe4","ORNL_027.basePlot.bet","D07","ORNL","ORNL_027","2014-05-19","2014-06-03","2017-01-15","NEON.BET.D07.000466","PTESTY","Animalia","Arthropoda","Insecta","Coleoptera","Carabidae","Harpalinae","Pterostichini","Pterostichus","Euferonia","stygicus",,"Pterostichus stygicus","Say","species",,"F",,"Lindroth, C. H. 1969. The ground-beetles (Carabidae, excl. Cicindelinae) of Canada and Alaska, parts 1-6. Opuscula E. Entomoligiska Sallskapet.","Kipling Will","Essig Museum of Entomology",,"No known compromise","N",,
"dc038388-cea9-400a-bdfd-76ec7753e401","ORNL_027.basePlot.bet","D07","ORNL","ORNL_027","2014-05-19","2014-06-03","2017-01-15","NEON.BET.D07.000464","PTESTY","Animalia","Arthropoda","Insecta","Coleoptera","Carabidae","Harpalinae","Pterostichini","Pterostichus","Euferonia","stygicus",,"Pterostichus stygicus","Say","species",,"M",,"Lindroth, C. H. 1969. The ground-beetles (Carabidae, excl. Cicindelinae) of Canada and Alaska, parts 1-6. Opuscula E. Entomoligiska Sallskapet.","Kipling Will","Essig Museum of Entomology",,"No known compromise","N",,
"a39135b9-bcf0-4020-8b90-f930615dd17c","ORNL_027.basePlot.bet","D07","ORNL","ORNL_027","2014-05-19","2014-06-03","2017-01-15","NEON.BET.D07.000468","PTESTY","Animalia","Arthropoda","Insecta","Coleoptera","Carabidae","Harpalinae","Pterostichini","Pterostichus","Euferonia","stygicus",,"Pterostichus stygicus","Say","species",,"M",,"Lindroth, C. H. 1969. The ground-beetles (Carabidae, excl. Cicindelinae) of Canada and Alaska, parts 1-6. Opuscula E. Entomoligiska Sallskapet.","Kipling Will","Essig Museum of Entomology",,"No known compromise","N",,
"0f3049cb-75a6-4fb1-a7e6-cacd88556dff","ORNL_027.basePlot.bet","D07","ORNL","ORNL_027","2014-05-19","2014-06-03","2017-01-15","NEON.BET.D07.000467","PTESTY","Animalia","Arthropoda","Insecta","Coleoptera","Carabidae","Harpalinae","Pterostichini","Pterostichus","Euferonia","stygicus",,"Pterostichus stygicus","Say","species",,"M",,"Lindroth, C. H. 1969. The ground-beetles (Carabidae, excl. Cicindelinae) of Canada and Alaska, parts 1-6. Opuscula E. Entomoligiska Sallskapet.","Kipling Will","Essig Museum of Entomology",,"No known compromise","N",,
"b2e8122f-5069-477d-9163-0fdedcdccb05","ORNL_027.basePlot.bet","D07","ORNL","ORNL_027","2014-05-19","2014-06-03","2017-01-15","NEON.BET.D07.000445","GALBIC","Animalia","Arthropoda","Insecta","Coleoptera","Carabidae","Harpalinae","Galeritini","Galerita","Progaleritina","bicolor",,"Galerita bicolor","Drury","species",,"M",,"Lindroth, C. H. 1969. The ground-beetles (Carabidae, excl. Cicindelinae) of Canada and Alaska, parts 1-6. Opuscula E. Entomoligiska Sallskapet.","Kipling Will","Essig Museum of Entomology",,"No known compromise","N",,
"df0f12bc-168a-4fa7-ba78-2ee6e3b13466","ORNL_031.basePlot.bet","D07","ORNL","ORNL_031","2014-05-19","2014-06-03","2017-01-15","NEON.BET.D07.000458","SCASUB2","Animalia","Arthropoda","Insecta","Coleoptera","Carabidae","Scaritinae","Scaritini","Scarites","Scarites","subterraneus",,"Scarites subterraneus","Fabricius","species",,"U",,"Bousquet, Y. and P. E. Skelley. 2010. Description of a New Species of Scarites Fabricius (Coleoptera: Carabidae) from Florida. The Coleopterists Bulletin 64(1): 45-49.","Kipling Will","Essig Museum of Entomology",,"No known compromise","N",,
"c93215ef-17c8-4a74-a8e4-97ff8eae1c25","ORNL_031.basePlot.bet","D07","ORNL","ORNL_031","2014-05-19","2014-06-03","2017-01-15","NEON.BET.D07.000461","SCASUB2","Animalia","Arthropoda","Insecta","Coleoptera","Carabidae","Scaritinae","Scaritini","Scarites","Scarites","subterraneus",,"Scarites subterraneus","Fabricius","species",,"U",,"Bousquet, Y. and P. E. Skelley. 2010. Description of a New Species of Scarites Fabricius (Coleoptera: Carabidae) from Florida. The Coleopterists Bulletin 64(1): 45-49.","Kipling Will","Essig Museum of Entomology",,"No known compromise","N",,
"c7e9d4ac-4390-4aeb-940b-216ac0498976","ORNL_021.basePlot.bet","D07","ORNL","ORNL_021","2014-05-19","2014-06-03","2017-01-15","NEON.BET.D07.000504","ANIOVU","Animalia","Arthropoda","Insecta","Coleoptera","Carabidae","Harpalinae","Harpalini","Anisodactylus","Gynandrotarsus","ovularis",,"Anisodactylus ovularis","Casey","species",,"F",,"Lindroth, C. H. 1969. The ground-beetles (Carabidae, excl. Cicindelinae) of Canada and Alaska, parts 1-6. Opuscula E. Entomoligiska Sallskapet.","Kipling Will","Essig Museum of Entomology",,"No known compromise","N",,
"fb870d0b-37ad-423c-b17c-af6d276925e0","ORNL_021.basePlot.bet","D07","ORNL","ORNL_021","2014-05-19","2014-06-03","2017-01-15","NEON.BET.D07.000503","ANIMER2","Animalia","Arthropoda","Insecta","Coleoptera","Carabidae","Harpalinae","Harpalini","Anisodactylus","Gynandrotarsus","merula",,"Anisodactylus merula","Germar","species",,"F",,"Lindroth, C. H. 1969. The ground-beetles (Carabidae, excl. Cicindelinae) of Canada and Alaska, parts 1-6. Opuscula E. Entomoligiska Sallskapet.","Kipling Will","Essig Museum of Entomology","lacks elytral humeral denticle","No known compromise","N",,
"921baf6a-1ead-4185-b759-c9a2ef77638d","ORNL_021.basePlot.bet","D07","ORNL","ORNL_021","2014-05-19","2014-06-03","2017-01-15","NEON.BET.D07.000487","PTEPER2","Animalia","Arthropoda","Insecta","Coleoptera","Carabidae","Harpalinae","Pterostichini","Pterostichus","Abacidus","permundus",,"Pterostichus permundus","Say","species",,"M",,"Lindroth, C. H. 1969. The ground-beetles (Carabidae, excl. Cicindelinae) of Canada and Alaska, parts 1-6. Opuscula E. Entomoligiska Sallskapet.","Kipling Will","Essig Museum of Entomology","without.tarsi set","No known compromise","N",,
"8874b108-e44e-498f-b3a9-0051191a4758","ORNL_032.basePlot.bet","D07","ORNL","ORNL_032","2014-05-19","2014-06-03","2017-01-15","NEON.BET.D07.000030","CHLEMA","Animalia","Arthropoda","Insecta","Coleoptera","Carabidae","Harpalinae","Chlaeniini","Chlaenius","Anomoglossus","emarginatus",,"Chlaenius emarginatus","Say","species",,"F",,"Bell, R. T. 1960. A Revision of the Genus Chlaenius Bonelli (Coleoptera, Carabidae) in North America. Miscellaneous Publications of the Entomological Society of America 1:98-166.","Kipling Will","Essig Museum of Entomology",,"No known compromise","N",,
"c799ed64-f399-408d-91a2-1fa481d23bae","ORNL_027.basePlot.bet","D07","ORNL","ORNL_027","2014-05-19","2014-06-03","2017-01-15","NEON.BET.D07.000034","CHLEMA","Animalia","Arthropoda","Insecta","Coleoptera","Carabidae","Harpalinae","Chlaeniini","Chlaenius","Anomoglossus","emarginatus",,"Chlaenius emarginatus","Say","species",,"M",,"Bell, R. T. 1960. A Revision of the Genus Chlaenius Bonelli (Coleoptera, Carabidae) in North America. Miscellaneous Publications of the Entomological Society of America 1:98-166.","Kipling Will","Essig Museum of Entomology",,"No known compromise","N",,
"7885c575-883d-4244-9abc-3eedf88cd630","ORNL_002.basePlot.bet","D07","ORNL","ORNL_002","2014-05-19","2014-06-03","2017-01-15","NEON.BET.D07.000045","TRIAUT","Animalia","Arthropoda","Insecta","Coleoptera","Carabidae","Harpalinae","Harpalini","Trichotichnus","Iridessus","autumnalis",,"Trichotichnus autumnalis","Say","species",,"F",,"Lindroth, C. H. 1969. The ground-beetles (Carabidae, excl. Cicindelinae) of Canada and Alaska, parts 1-6. Opuscula E. Entomoligiska Sallskapet.","Kipling Will","Essig Museum of Entomology",,"No known compromise","N",,
"200932e0-9aea-40f7-8c04-ab1f41157d35","ORNL_002.basePlot.bet","D07","ORNL","ORNL_002","2014-05-19","2014-06-03","2017-01-15","NEON.BET.D07.000044","TRIAUT","Animalia","Arthropoda","Insecta","Coleoptera","Carabidae","Harpalinae","Harpalini","Trichotichnus","Iridessus","autumnalis",,"Trichotichnus autumnalis","Say","species",,"F",,"Lindroth, C. H. 1969. The ground-beetles (Carabidae, excl. Cicindelinae) of Canada and Alaska, parts 1-6. Opuscula E. Entomoligiska Sallskapet.","Kipling Will","Essig Museum of Entomology",,"No known compromise","N",,
"67f10ecf-68ce-4289-8146-883585dbb111","ORNL_004.basePlot.bet","D07","ORNL","ORNL_004","2014-05-19","2014-06-03","2017-01-15","NEON.BET.D07.000087","CYLUNI","Animalia","Arthropoda","Insecta","Coleoptera","Carabidae","Cicindelinae","Cicindelini","Cylindera","Cylindera","unipunctata",,"Cylindera unipunctata","Fabricius","species",,"F",,"Pearson, D., C. B. Knisley, and C. J. Kazilek. 2006. A Field Guide to the Tiger Beetles of the United States and Canada: Identification, Natural History, and Distribution of the Cicindelidae. Oxford University Press, New York.","Kipling Will","Essig Museum of Entomology",,"No known compromise","N",,
"099cfe5a-86c7-4f43-a6f5-3f2d18414785","ORNL_027.basePlot.bet","D07","ORNL","ORNL_027","2014-05-19","2014-06-03","2017-01-15","NEON.BET.D07.000086","CYLUNI","Animalia","Arthropoda","Insecta","Coleoptera","Carabidae","Cicindelinae","Cicindelini","Cylindera","Cylindera","unipunctata",,"Cylindera unipunctata","Fabricius","species",,"F",,"Pearson, D., C. B. Knisley, and C. J. Kazilek. 2006. A Field Guide to the Tiger Beetles of the United States and Canada: Identification, Natural History, and Distribution of the Cicindelidae. Oxford University Press, New York.","Kipling Will","Essig Museum of Entomology",,"No known compromise","N",,
"a13883e2-d81c-42eb-8336-f7dad0ebef04","ORNL_032.basePlot.bet","D07","ORNL","ORNL_032","2014-05-19","2014-06-03","2017-01-15","NEON.BET.D07.000154","CYCFUC","Animalia","Arthropoda","Insecta","Coleoptera","Carabidae","Harpalinae","Pterostichini","Cyclotrachelus","Cyclotrachelus","fucatus",,"Cyclotrachelus fucatus","Freitag","species",,"M",,"Freitag, R. 1969. A revision of the species of the genus Evarthrus LeConte. Quaestiones Entomologicae 5:89-212.","Kipling Will","Essig Museum of Entomology",,"No known compromise","N",,
"be09e367-c6a7-4b73-9b79-d12d8e8ff957","ORNL_032.basePlot.bet","D07","ORNL","ORNL_032","2014-05-19","2014-06-03","2017-01-15","NEON.BET.D07.000152","CYCFUC","Animalia","Arthropoda","Insecta","Coleoptera","Carabidae","Harpalinae","Pterostichini","Cyclotrachelus","Cyclotrachelus","fucatus",,"Cyclotrachelus fucatus","Freitag","species",,"F",,"Freitag, R. 1969. A revision of the species of the genus Evarthrus LeConte. Quaestiones Entomologicae 5:89-212.","Kipling Will","Essig Museum of Entomology",,"No known compromise","N",,
"7db22128-30ef-4d82-a2cf-46e5542b8035","ORNL_032.basePlot.bet","D07","ORNL","ORNL_032","2014-05-19","2014-06-03","2017-01-15","NEON.BET.D07.000165","CYCFUC","Animalia","Arthropoda","Insecta","Coleoptera","Carabidae","Harpalinae","Pterostichini","Cyclotrachelus","Cyclotrachelus","fucatus",,"Cyclotrachelus fucatus","Freitag","species",,"M",,"Freitag, R. 1969. A revision of the species of the genus Evarthrus LeConte. Quaestiones Entomologicae 5:89-212.","Kipling Will","Essig Museum of Entomology",,"No known compromise","N",,
"b36b8df4-9b71-4d21-b203-d521139b4b26","ORNL_032.basePlot.bet","D07","ORNL","ORNL_032","2014-05-19","2014-06-03","2017-01-15","NEON.BET.D07.000171","CYCFUC","Animalia","Arthropoda","Insecta","Coleoptera","Carabidae","Harpalinae","Pterostichini","Cyclotrachelus","Cyclotrachelus","fucatus",,"Cyclotrachelus fucatus","Freitag","species",,"M",,"Freitag, R. 1969. A revision of the species of the genus Evarthrus LeConte. Quaestiones Entomologicae 5:89-212.","Kipling Will","Essig Museum of Entomology",,"No known compromise","N",,
"ee5e659e-d406-4469-ad0c-abb68e553092","ORNL_027.basePlot.bet","D07","ORNL","ORNL_027","2014-06-03","2014-06-16","2017-01-15","NEON.BET.D07.000020","CHLEMA","Animalia","Arthropoda","Insecta","Coleoptera","Carabidae","Harpalinae","Chlaeniini","Chlaenius","Anomoglossus","emarginatus",,"Chlaenius emarginatus","Say","species",,"M",,"Bell, R. T. 1960. A Revision of the Genus Chlaenius Bonelli (Coleoptera, Carabidae) in North America. Miscellaneous Publications of the Entomological Society of America 1:98-166.","Kipling Will","Essig Museum of Entomology",,"No known compromise","N",,
"6546b8c8-f002-4339-957b-501fe298d314","ORNL_027.basePlot.bet","D07","ORNL","ORNL_027","2014-06-03","2014-06-16","2017-01-15","NEON.BET.D07.000019","CHLEMA","Animalia","Arthropoda","Insecta","Coleoptera","Carabidae","Harpalinae","Chlaeniini","Chlaenius","Anomoglossus","emarginatus",,"Chlaenius emarginatus","Say","species",,"F",,"Bell, R. T. 1960. A Revision of the Genus Chlaenius Bonelli (Coleoptera, Carabidae) in North America. Miscellaneous Publications of the Entomological Society of America 1:98-166.","Kipling Will","Essig Museum of Entomology",,"No known compromise","N",,
"0be1bf3c-2372-4131-94c7-e012906fa3ef","ORNL_027.basePlot.bet","D07","ORNL","ORNL_027","2014-06-03","2014-06-16","2017-01-15","NEON.BET.D07.000001","CHLEMA","Animalia","Arthropoda","Insecta","Coleoptera","Carabidae","Harpalinae","Chlaeniini","Chlaenius","Anomoglossus","emarginatus",,"Chlaenius emarginatus","Say","species",,"M",,"Bell, R. T. 1960. A Revision of the Genus Chlaenius Bonelli (Coleoptera, Carabidae) in North America. Miscellaneous Publications of the Entomological Society of America 1:98-166.","Kipling Will","Essig Museum of Entomology",,"No known compromise","N",,
"f6695bbb-5eb7-4275-b27a-2a5575ba3606","ORNL_027.basePlot.bet","D07","ORNL","ORNL_027","2014-06-03","2014-06-16","2017-01-15","NEON.BET.D07.000017","CHLEMA","Animalia","Arthropoda","Insecta","Coleoptera","Carabidae","Harpalinae","Chlaeniini","Chlaenius","Anomoglossus","emarginatus",,"Chlaenius emarginatus","Say","species",,"M",,"Bell, R. T. 1960. A Revision of the Genus Chlaenius Bonelli (Coleoptera, Carabidae) in North America. Miscellaneous Publications of the Entomological Society of America 1:98-166.","Kipling Will","Essig Museum of Entomology",,"No known compromise","N",,
"22049fb7-35df-49a1-b177-2663a77d6132","ORNL_027.basePlot.bet","D07","ORNL","ORNL_027","2014-06-03","2014-06-16","2017-01-15","NEON.BET.D07.000018","CHLEMA","Animalia","Arthropoda","Insecta","Coleoptera","Carabidae","Harpalinae","Chlaeniini","Chlaenius","Anomoglossus","emarginatus",,"Chlaenius emarginatus","Say","species",,"F",,"Bell, R. T. 1960. A Revision of the Genus Chlaenius Bonelli (Coleoptera, Carabidae) in North America. Miscellaneous Publications of the Entomological Society of America 1:98-166.","Kipling Will","Essig Museum of Entomology",,"No known compromise","N",,
"f7e2846b-2823-4f88-81df-319d8002277f","ORNL_027.basePlot.bet","D07","ORNL","ORNL_027","2014-06-03","2014-06-16","2017-01-15","NEON.BET.D07.000002","CHLEMA","Animalia","Arthropoda","Insecta","Coleoptera","Carabidae","Harpalinae","Chlaeniini","Chlaenius","Anomoglossus","emarginatus",,"Chlaenius emarginatus","Say","species",,"M",,"Bell, R. T. 1960. A Revision of the Genus Chlaenius Bonelli (Coleoptera, Carabidae) in North America. Miscellaneous Publications of the Entomological Society of America 1:98-166.","Kipling Will","Essig Museum of Entomology",,"No known compromise","N",,
"3af5b61a-c17d-4c8a-9163-231c88785075","ORNL_032.basePlot.bet","D07","ORNL","ORNL_032","2014-06-03","2014-06-16","2017-01-15","NEON.BET.D07.000025","CHLEMA","Animalia","Arthropoda","Insecta","Coleoptera","Carabidae","Harpalinae","Chlaeniini","Chlaenius","Anomoglossus","emarginatus",,"Chlaenius emarginatus","Say","species",,"F",,"Bell, R. T. 1960. A Revision of the Genus Chlaenius Bonelli (Coleoptera, Carabidae) in North America. Miscellaneous Publications of the Entomological Society of America 1:98-166.","Kipling Will","Essig Museum of Entomology",,"No known compromise","N",,
"121d7fa5-e90a-4251-b2b2-d1f52f5b4726","ORNL_027.basePlot.bet","D07","ORNL","ORNL_027","2014-06-03","2014-06-16","2017-01-15","NEON.BET.D07.000043","CHLEMA","Animalia","Arthropoda","Insecta","Coleoptera","Carabidae","Harpalinae","Chlaeniini","Chlaenius","Anomoglossus","emarginatus",,"Chlaenius emarginatus","Say","species",,"F",,"Bell, R. T. 1960. A Revision of the Genus Chlaenius Bonelli (Coleoptera, Carabidae) in North America. Miscellaneous Publications of the Entomological Society of America 1:98-166.","Kipling Will","Essig Museum of Entomology",,"No known compromise","N",,
"b9ae5a7e-13ba-4763-bf17-55fbcad038d5","ORNL_027.basePlot.bet","D07","ORNL","ORNL_027","2014-06-03","2014-06-16","2017-01-15","NEON.BET.D07.000042","CHLEMA","Animalia","Arthropoda","Insecta","Coleoptera","Carabidae","Harpalinae","Chlaeniini","Chlaenius","Anomoglossus","emarginatus",,"Chlaenius emarginatus","Say","species",,"M",,"Bell, R. T. 1960. A Revision of the Genus Chlaenius Bonelli (Coleoptera, Carabidae) in North America. Miscellaneous Publications of the Entomological Society of America 1:98-166.","Kipling Will","Essig Museum of Entomology",,"No known compromise","N",,
"bcf0adaf-7e1e-44f7-9559-1da0e01bf6b9","ORNL_027.basePlot.bet","D07","ORNL","ORNL_027","2014-06-03","2014-06-16","2017-01-15","NEON.BET.D07.000100","SPHSTE1","Animalia","Arthropoda","Insecta","Coleoptera","Carabidae","Carabinae","Cychrini","Sphaeroderus",,"stenostomus","lecontei","Sphaeroderus stenostomus lecontei","Dejean","subspecies",,"M",,"Lindroth, C. H. 1969. The ground-beetles (Carabidae, excl. Cicindelinae) of Canada and Alaska, parts 1-6. Opuscula E. Entomoligiska Sallskapet.","Kipling Will","Essig Museum of Entomology",,"No known compromise","N",,
"c8044329-1674-41b1-9559-80cc2b61734b","ORNL_027.basePlot.bet","D07","ORNL","ORNL_027","2014-06-03","2014-06-16","2017-01-15","NEON.BET.D07.000085","CYLUNI","Animalia","Arthropoda","Insecta","Coleoptera","Carabidae","Cicindelinae","Cicindelini","Cylindera","Cylindera","unipunctata",,"Cylindera unipunctata","Fabricius","species",,"M",,"Pearson, D., C. B. Knisley, and C. J. Kazilek. 2006. A Field Guide to the Tiger Beetles of the United States and Canada: Identification, Natural History, and Distribution of the Cicindelidae. Oxford University Press, New York.","Kipling Will","Essig Museum of Entomology",,"No known compromise","N",,
"44ba2a8b-ef5a-4178-91e1-ba7e6cce6f16","ORNL_027.basePlot.bet","D07","ORNL","ORNL_027","2014-06-03","2014-06-16","2017-01-15","NEON.BET.D07.000098","SCAUNI1","Animalia","Arthropoda","Insecta","Coleoptera","Carabidae","Carabinae","Cychrini","Scaphinotus","Scaphinotus","unicolor",,"Scaphinotus unicolor","Fabricius","species",,"F",,"Gidaspow, T. 1973. Revision of ground beetles of American genus Cychrus and four subgenera of genus Scaphinotus (Coleoptera, Carabidae). Bulletin of the American Museum of Natural History 152:51-102.","Kipling Will","Essig Museum of Entomology",,"No known compromise","N",,
"f39b8b65-554d-4e59-833a-7eead13632f9","ORNL_032.basePlot.bet","D07","ORNL","ORNL_032","2014-06-03","2014-06-16",,"NEON.BET.D07.000097","SCAAND11","Animalia","Arthropoda","Insecta","Coleoptera","Carabidae","Carabinae","Cychrini","Scaphinotus","Steniridia","andrewsii",,"Scaphinotus andrewsii","Harris","species",,"U",,,"no name provided","Essig Museum of Entomology","Insufficient comparative material. No further determination","No known compromise","N",,"maintained existing determination"
"3dc86fae-a835-49b8-878a-236d4850871b","ORNL_032.basePlot.bet","D07","ORNL","ORNL_032","2014-06-03","2014-06-16","2017-01-15","NEON.BET.D07.000155","CYCFUC","Animalia","Arthropoda","Insecta","Coleoptera","Carabidae","Harpalinae","Pterostichini","Cyclotrachelus","Cyclotrachelus","fucatus",,"Cyclotrachelus fucatus","Freitag","species",,"F",,"Freitag, R. 1969. A revision of the species of the genus Evarthrus LeConte. Quaestiones Entomologicae 5:89-212.","Kipling Will","Essig Museum of Entomology",,"No known compromise","N",,
"a4143de7-4638-41de-9afa-d0c2e23e26d8","ORNL_032.basePlot.bet","D07","ORNL","ORNL_032","2014-06-03","2014-06-16","2017-01-15","NEON.BET.D07.000159","CYCFUC","Animalia","Arthropoda","Insecta","Coleoptera","Carabidae","Harpalinae","Pterostichini","Cyclotrachelus","Cyclotrachelus","fucatus",,"Cyclotrachelus fucatus","Freitag","species",,"F",,"Freitag, R. 1969. A revision of the species of the genus Evarthrus LeConte. Quaestiones Entomologicae 5:89-212.","Kipling Will","Essig Museum of Entomology",,"No known compromise","N",,
"ad48c8a6-04c5-4a11-9abb-56121dd78689","ORNL_032.basePlot.bet","D07","ORNL","ORNL_032","2014-06-03","2014-06-16","2017-01-15","NEON.BET.D07.000168","CYCFUC","Animalia","Arthropoda","Insecta","Coleoptera","Carabidae","Harpalinae","Pterostichini","Cyclotrachelus","Cyclotrachelus","fucatus",,"Cyclotrachelus fucatus","Freitag","species",,"F",,"Freitag, R. 1969. A revision of the species of the genus Evarthrus LeConte. Quaestiones Entomologicae 5:89-212.","Kipling Will","Essig Museum of Entomology",,"No known compromise","N",,
"0770868b-f2a6-4a77-bc2a-e1ee1676249c","ORNL_032.basePlot.bet","D07","ORNL","ORNL_032","2014-06-03","2014-06-16","2017-01-15","NEON.BET.D07.000162","CYCFUC","Animalia","Arthropoda","Insecta","Coleoptera","Carabidae","Harpalinae","Pterostichini","Cyclotrachelus","Cyclotrachelus","fucatus",,"Cyclotrachelus fucatus","Freitag","species",,"M",,"Freitag, R. 1969. A revision of the species of the genus Evarthrus LeConte. Quaestiones Entomologicae 5:89-212.","Kipling Will","Essig Museum of Entomology",,"No known compromise","N",,
"7ec5d245-ebcc-48e2-908b-d49fbd1af261","ORNL_032.basePlot.bet","D07","ORNL","ORNL_032","2014-06-03","2014-06-16","2017-01-15","NEON.BET.D07.000167","CYCFUC","Animalia","Arthropoda","Insecta","Coleoptera","Carabidae","Harpalinae","Pterostichini","Cyclotrachelus","Cyclotrachelus","fucatus",,"Cyclotrachelus fucatus","Freitag","species",,"F",,"Freitag, R. 1969. A revision of the species of the genus Evarthrus LeConte. Quaestiones Entomologicae 5:89-212.","Kipling Will","Essig Museum of Entomology",,"No known compromise","N",,
"36d53ac8-eca6-4dc8-ac2e-10b4bf193d10","ORNL_032.basePlot.bet","D07","ORNL","ORNL_032","2014-06-03","2014-06-16","2017-01-15","NEON.BET.D07.000161","CYCFUC","Animalia","Arthropoda","Insecta","Coleoptera","Carabidae","Harpalinae","Pterostichini","Cyclotrachelus","Cyclotrachelus","fucatus",,"Cyclotrachelus fucatus","Freitag","species",,"M",,"Freitag, R. 1969. A revision of the species of the genus Evarthrus LeConte. Quaestiones Entomologicae 5:89-212.","Kipling Will","Essig Museum of Entomology",,"No known compromise","N",,
"e89940d8-9f04-4d1a-9f8e-fdf95495e224","ORNL_003.basePlot.bet","D07","ORNL","ORNL_003","2014-06-03","2014-06-16","2017-01-15","NEON.BET.D07.000132","DICDIL1","Animalia","Arthropoda","Insecta","Coleoptera","Carabidae","Harpalinae","Licinini","Dicaelus","Paradicaelus","dilatatus","dilatatus","Dicaelus dilatatus dilatatus","Say","subspecies",,"M",,"Ball, G. E. 1992. The Tribe Licinini (Coleoptera: Carabidae): A Review of the Genus-Groups and of the Species of Selected Genera. Journal of the New York Entomological Society 100:325-380.","Kipling Will","Essig Museum of Entomology",,"No known compromise","N",,
"beffd9a8-a14a-4c98-9d39-0c0ef9717072","ORNL_001.basePlot.bet","D07","ORNL","ORNL_001","2014-06-03","2014-06-16","2017-01-15","NEON.BET.D07.000139","DICAMB","Animalia","Arthropoda","Insecta","Coleoptera","Carabidae","Harpalinae","Licinini","Dicaelus","Paradicaelus","ambiguus",,"Dicaelus ambiguus","LaFerte-Senectere","species",,"M",,"Ball, G. E. 1992. The Tribe Licinini (Coleoptera: Carabidae): A Review of the Genus-Groups and of the Species of Selected Genera. Journal of the New York Entomological Society 100:325-380.","Kipling Will","Essig Museum of Entomology",,"No known compromise","N",,
"f047dd7a-c958-4b3f-8fb0-8da584e5397c","ORNL_027.basePlot.bet","D07","ORNL","ORNL_027","2014-06-03","2014-06-16","2017-01-15","NEON.BET.D07.000177","CYCFUC","Animalia","Arthropoda","Insecta","Coleoptera","Carabidae","Harpalinae","Pterostichini","Cyclotrachelus","Cyclotrachelus","fucatus",,"Cyclotrachelus fucatus","Freitag","species",,"F",,"Freitag, R. 1969. A revision of the species of the genus Evarthrus LeConte. Quaestiones Entomologicae 5:89-212.","Kipling Will","Essig Museum of Entomology",,"No known compromise","N",,
"9593ab96-6b28-4d8b-94c3-e2652cb5b167","ORNL_001.basePlot.bet","D07","ORNL","ORNL_001","2014-06-03","2014-06-16","2017-01-15","NEON.BET.D07.000206","CYCFUC","Animalia","Arthropoda","Insecta","Coleoptera","Carabidae","Harpalinae","Pterostichini","Cyclotrachelus","Cyclotrachelus","fucatus",,"Cyclotrachelus fucatus","Freitag","species",,"M",,"Freitag, R. 1969. A revision of the species of the genus Evarthrus LeConte. Quaestiones Entomologicae 5:89-212.","Kipling Will","Essig Museum of Entomology",,"No known compromise","N",,
"71e26982-dc83-42f4-a40d-b124d3640ccb","ORNL_002.basePlot.bet","D07","ORNL","ORNL_002","2014-06-03","2014-06-16","2017-01-15","NEON.BET.D07.000219","CYCFUC","Animalia","Arthropoda","Insecta","Coleoptera","Carabidae","Harpalinae","Pterostichini","Cyclotrachelus","Cyclotrachelus","fucatus",,"Cyclotrachelus fucatus","Freitag","species",,"F",,"Freitag, R. 1969. A revision of the species of the genus Evarthrus LeConte. Quaestiones Entomologicae 5:89-212.","Kipling Will","Essig Museum of Entomology",,"No known compromise","N",,
"eee4da44-2887-4ad2-a1f2-e546e9f93228","ORNL_001.basePlot.bet","D07","ORNL","ORNL_001","2014-06-03","2014-06-16","2017-01-15","NEON.BET.D07.000217","CYCFUC","Animalia","Arthropoda","Insecta","Coleoptera","Carabidae","Harpalinae","Pterostichini","Cyclotrachelus","Cyclotrachelus","fucatus",,"Cyclotrachelus fucatus","Freitag","species",,"F",,"Freitag, R. 1969. A revision of the species of the genus Evarthrus LeConte. Quaestiones Entomologicae 5:89-212.","Kipling Will","Essig Museum of Entomology",,"No known compromise","N",,
"889409bf-ffe4-470d-989e-3231224eb0f1","ORNL_003.basePlot.bet","D07","ORNL","ORNL_003","2014-06-03","2014-06-16","2017-01-15","NEON.BET.D07.000225","CYCFUC","Animalia","Arthropoda","Insecta","Coleoptera","Carabidae","Harpalinae","Pterostichini","Cyclotrachelus","Cyclotrachelus","fucatus",,"Cyclotrachelus fucatus","Freitag","species",,"M",,"Freitag, R. 1969. A revision of the species of the genus Evarthrus LeConte. Quaestiones Entomologicae 5:89-212.","Kipling Will","Essig Museum of Entomology",,"No known compromise","N",,
"2264bd9b-e139-49ce-ac70-f238e2e8e5e6","ORNL_003.basePlot.bet","D07","ORNL","ORNL_003","2014-06-03","2014-06-16","2017-01-15","NEON.BET.D07.000286","CYCSOD2","Animalia","Arthropoda","Insecta","Coleoptera","Carabidae","Harpalinae","Pterostichini","Cyclotrachelus","Evarthrus","sodalis","sodalis","Cyclotrachelus sodalis sodalis","LeConte","subspecies",,"M",,"Freitag, R. 1969. A revision of the species of the genus Evarthrus LeConte. Quaestiones Entomologicae 5:89-212.","Kipling Will","Essig Museum of Entomology",,"No known compromise","N",,
"ac79588d-41fb-4856-bf01-5410cff09d05","ORNL_002.basePlot.bet","D07","ORNL","ORNL_002","2014-06-03","2014-06-16","2017-01-15","NEON.BET.D07.000352","CYCSIG","Animalia","Arthropoda","Insecta","Coleoptera","Carabidae","Harpalinae","Pterostichini","Cyclotrachelus","Evarthrus","sigillatus",,"Cyclotrachelus sigillatus","Say","species",,"F",,"Freitag, R. 1969. A revision of the species of the genus Evarthrus LeConte. Quaestiones Entomologicae 5:89-212.","Kipling Will","Essig Museum of Entomology",,"No known compromise","N",,
"0db58e68-ef82-4800-bbe7-236061c8a7df","ORNL_006.basePlot.bet","D07","ORNL","ORNL_006","2014-06-03","2014-06-16","2017-01-15","NEON.BET.D07.000449","GALBIC","Animalia","Arthropoda","Insecta","Coleoptera","Carabidae","Harpalinae","Galeritini","Galerita","Progaleritina","bicolor",,"Galerita bicolor","Drury","species",,"F",,"Lindroth, C. H. 1969. The ground-beetles (Carabidae, excl. Cicindelinae) of Canada and Alaska, parts 1-6. Opuscula E. Entomoligiska Sallskapet.","Kipling Will","Essig Museum of Entomology",,"No known compromise","N",,
"4fb3ce5c-084f-4e0e-a947-93b64e19956e","ORNL_027.basePlot.bet","D07","ORNL","ORNL_027","2014-06-03","2014-06-16","2017-01-15","NEON.BET.D07.000446","GALBIC","Animalia","Arthropoda","Insecta","Coleoptera","Carabidae","Harpalinae","Galeritini","Galerita","Progaleritina","bicolor",,"Galerita bicolor","Drury","species",,"F",,"Lindroth, C. H. 1969. The ground-beetles (Carabidae, excl. Cicindelinae) of Canada and Alaska, parts 1-6. Opuscula E. Entomoligiska Sallskapet.","Kipling Will","Essig Museum of Entomology",,"No known compromise","N",,
"6fb079cb-43b0-4803-b6e5-8e840f6eefd3","ORNL_027.basePlot.bet","D07","ORNL","ORNL_027","2014-06-03","2014-06-16","2017-01-15","NEON.BET.D07.000471","PTESTY","Animalia","Arthropoda","Insecta","Coleoptera","Carabidae","Harpalinae","Pterostichini","Pterostichus","Euferonia","stygicus",,"Pterostichus stygicus","Say","species",,"M",,"Lindroth, C. H. 1969. The ground-beetles (Carabidae, excl. Cicindelinae) of Canada and Alaska, parts 1-6. Opuscula E. Entomoligiska Sallskapet.","Kipling Will","Essig Museum of Entomology",,"No known compromise","N",,
"cce77785-2b5a-4749-85b4-91716c740885","ORNL_027.basePlot.bet","D07","ORNL","ORNL_027","2014-06-03","2014-06-16","2017-01-15","NEON.BET.D07.000469","PTESTY","Animalia","Arthropoda","Insecta","Coleoptera","Carabidae","Harpalinae","Pterostichini","Pterostichus","Euferonia","stygicus",,"Pterostichus stygicus","Say","species",,"F",,"Lindroth, C. H. 1969. The ground-beetles (Carabidae, excl. Cicindelinae) of Canada and Alaska, parts 1-6. Opuscula E. Entomoligiska Sallskapet.","Kipling Will","Essig Museum of Entomology",,"No known compromise","N",,
"bcca7149-ae2f-4169-92bf-4592d040f71e","ORNL_027.basePlot.bet","D07","ORNL","ORNL_027","2014-06-03","2014-06-16","2017-01-15","NEON.BET.D07.000470","PTESTY","Animalia","Arthropoda","Insecta","Coleoptera","Carabidae","Harpalinae","Pterostichini","Pterostichus","Euferonia","stygicus",,"Pterostichus stygicus","Say","species",,"M",,"Lindroth, C. H. 1969. The ground-beetles (Carabidae, excl. Cicindelinae) of Canada and Alaska, parts 1-6. Opuscula E. Entomoligiska Sallskapet.","Kipling Will","Essig Museum of Entomology",,"No known compromise","N",,
"da9ea0e7-23dd-48e0-ba03-16f56e2d1e70","ORNL_001.basePlot.bet","D07","ORNL","ORNL_001","2014-06-03","2014-06-16","2017-01-15","NEON.BET.D07.000454","PASPUN","Animalia","Arthropoda","Insecta","Coleoptera","Carabidae","Scaritinae","Pasimachini","Pasimachus","Pasimachus","punctulatus",,"Pasimachus punctulatus","Haldeman","species",,"M",,"Banninger, M. 1950. The subtribe Pasimachina (Coleoptera, Carabidae, Scaritini). Revista de Entomologica 21:481-511.","Kipling Will","Essig Museum of Entomology",,"No known compromise","N",,
"6cceae92-873f-4c26-a8fc-9f00cae00fba","ORNL_027.basePlot.bet","D07","ORNL","ORNL_027","2014-06-03","2014-06-16","2017-01-15","NEON.BET.D07.000507","PTESTY","Animalia","Arthropoda","Insecta","Coleoptera","Carabidae","Harpalinae","Pterostichini","Pterostichus","Euferonia","stygicus",,"Pterostichus stygicus","Say","species",,"M",,"Lindroth, C. H. 1969. The ground-beetles (Carabidae, excl. Cicindelinae) of Canada and Alaska, parts 1-6. Opuscula E. Entomoligiska Sallskapet.","Kipling Will","Essig Museum of Entomology",,"No known compromise","N",,
"006426a9-9cbb-4c75-89a7-614101a320d8","ORNL_027.basePlot.bet","D07","ORNL","ORNL_027","2014-06-03","2014-06-16","2017-01-15","NEON.BET.D07.000509","PTESTY","Animalia","Arthropoda","Insecta","Coleoptera","Carabidae","Harpalinae","Pterostichini","Pterostichus","Euferonia","stygicus",,"Pterostichus stygicus","Say","species",,"F",,"Lindroth, C. H. 1969. The ground-beetles (Carabidae, excl. Cicindelinae) of Canada and Alaska, parts 1-6. Opuscula E. Entomoligiska Sallskapet.","Kipling Will","Essig Museum of Entomology",,"No known compromise","N",,
"c6e0f3e0-ce76-4566-9c6d-86211bc78ade","ORNL_027.basePlot.bet","D07","ORNL","ORNL_027","2014-06-03","2014-06-16","2017-01-15","NEON.BET.D07.000508","ANIMER2","Animalia","Arthropoda","Insecta","Coleoptera","Carabidae","Harpalinae","Harpalini","Anisodactylus","Gynandrotarsus","merula",,"Anisodactylus merula","Germar","species",,"F",,"Lindroth, C. H. 1969. The ground-beetles (Carabidae, excl. Cicindelinae) of Canada and Alaska, parts 1-6. Opuscula E. Entomoligiska Sallskapet.","Kipling Will","Essig Museum of Entomology","lacks elytral humeral denticle","No known compromise","N",,
"d8731292-98a2-4153-8f17-afa611787cbb","ORNL_027.basePlot.bet","D07","ORNL","ORNL_027","2014-06-03","2014-06-16","2017-01-15","NEON.BET.D07.000510","PTESTY","Animalia","Arthropoda","Insecta","Coleoptera","Carabidae","Harpalinae","Pterostichini","Pterostichus","Euferonia","stygicus",,"Pterostichus stygicus","Say","species",,"M",,"Lindroth, C. H. 1969. The ground-beetles (Carabidae, excl. Cicindelinae) of Canada and Alaska, parts 1-6. Opuscula E. Entomoligiska Sallskapet.","Kipling Will","Essig Museum of Entomology",,"No known compromise","N",,
"08a88862-1ea0-458f-99dd-adfbc867be62","ORNL_029.basePlot.bet","D07","ORNL","ORNL_029","2014-06-03","2014-06-17","2017-01-15","NEON.BET.D07.000283","CYCSOD2","Animalia","Arthropoda","Insecta","Coleoptera","Carabidae","Harpalinae","Pterostichini","Cyclotrachelus","Evarthrus","sodalis","sodalis","Cyclotrachelus sodalis sodalis","LeConte","subspecies",,"M",,"Freitag, R. 1969. A revision of the species of the genus Evarthrus LeConte. Quaestiones Entomologicae 5:89-212.","Kipling Will","Essig Museum of Entomology",,"No known compromise","N",,
"4229f4fc-ca7c-40b6-9070-f0cda6b5773c","ORNL_029.basePlot.bet","D07","ORNL","ORNL_029","2014-06-03","2014-06-17","2017-01-15","NEON.BET.D07.000178","CYCSOD2","Animalia","Arthropoda","Insecta","Coleoptera","Carabidae","Harpalinae","Pterostichini","Cyclotrachelus","Evarthrus","sodalis","sodalis","Cyclotrachelus sodalis sodalis","LeConte","subspecies",,"M",,"Freitag, R. 1969. A revision of the species of the genus Evarthrus LeConte. Quaestiones Entomologicae 5:89-212.","Kipling Will","Essig Museum of Entomology",,"No known compromise","N",,
"82ea9b65-a41a-434a-b5d1-da72e7760e43","ORNL_021.basePlot.bet","D07","ORNL","ORNL_021","2014-06-03","2014-06-17","2017-01-15","NEON.BET.D07.000291","ANIOVU","Animalia","Arthropoda","Insecta","Coleoptera","Carabidae","Harpalinae","Harpalini","Anisodactylus","Gynandrotarsus","ovularis",,"Anisodactylus ovularis","Casey","species",,"M",,"Lindroth, C. H. 1969. The ground-beetles (Carabidae, excl. Cicindelinae) of Canada and Alaska, parts 1-6. Opuscula E. Entomoligiska Sallskapet.","Kipling Will","Essig Museum of Entomology",,"No known compromise","N",,
"f627b1de-7cfb-4ddb-b402-3b821147cdbe","ORNL_021.basePlot.bet","D07","ORNL","ORNL_021","2014-06-03","2014-06-17","2017-01-15","NEON.BET.D07.000292","ANIMER2","Animalia","Arthropoda","Insecta","Coleoptera","Carabidae","Harpalinae","Harpalini","Anisodactylus","Gynandrotarsus","merula",,"Anisodactylus merula","Germar","species",,"M",,"Lindroth, C. H. 1969. The ground-beetles (Carabidae, excl. Cicindelinae) of Canada and Alaska, parts 1-6. Opuscula E. Entomoligiska Sallskapet.","Kipling Will","Essig Museum of Entomology","lacks elytral humeral denticle","No known compromise","N",,
"766f0496-3756-469b-a486-282120e17c42","ORNL_021.basePlot.bet","D07","ORNL","ORNL_021","2014-06-03","2014-06-17","2017-01-15","NEON.BET.D07.000290","ANIMER2","Animalia","Arthropoda","Insecta","Coleoptera","Carabidae","Harpalinae","Harpalini","Anisodactylus","Gynandrotarsus","merula",,"Anisodactylus merula","Germar","species",,"M",,"Lindroth, C. H. 1969. The ground-beetles (Carabidae, excl. Cicindelinae) of Canada and Alaska, parts 1-6. Opuscula E. Entomoligiska Sallskapet.","Kipling Will","Essig Museum of Entomology","lacks elytral humeral denticle","No known compromise","N",,
"97542e74-fa79-454a-a626-4026fa8b9ae9","ORNL_021.basePlot.bet","D07","ORNL","ORNL_021","2014-06-03","2014-06-17","2017-01-15","NEON.BET.D07.000325","ANIDUL","Animalia","Arthropoda","Insecta","Coleoptera","Carabidae","Harpalinae","Harpalini","Anisodactylus","Gynandrotarsus","dulcicollis",,"Anisodactylus dulcicollis","LaFerte-Senectere","species",,"M",,"Lindroth, C. H. 1969. The ground-beetles (Carabidae, excl. Cicindelinae) of Canada and Alaska, parts 1-6. Opuscula E. Entomoligiska Sallskapet.","Kipling Will","Essig Museum of Entomology",,"No known compromise","N",,
"9ffb29f4-2d90-4430-b031-b12af6275f31","ORNL_021.basePlot.bet","D07","ORNL","ORNL_021","2014-06-03","2014-06-17","2017-01-15","NEON.BET.D07.000320","ANIFUR","Animalia","Arthropoda","Insecta","Coleoptera","Carabidae","Harpalinae","Harpalini","Anisodactylus","Anisodactylus","furvus",,"Anisodactylus furvus","LeConte","species",,"F",,"Lindroth, C. H. 1969. The ground-beetles (Carabidae, excl. Cicindelinae) of Canada and Alaska, parts 1-6. Opuscula E. Entomoligiska Sallskapet.","Kipling Will","Essig Museum of Entomology",,"No known compromise","N",,
"817b8eac-c35d-468e-8298-946748c3dbcb","ORNL_021.basePlot.bet","D07","ORNL","ORNL_021","2014-06-03","2014-06-17","2017-01-15","NEON.BET.D07.000322","ANIOVU","Animalia","Arthropoda","Insecta","Coleoptera","Carabidae","Harpalinae","Harpalini","Anisodactylus","Gynandrotarsus","ovularis",,"Anisodactylus ovularis","Casey","species",,"M",,"Lindroth, C. H. 1969. The ground-beetles (Carabidae, excl. Cicindelinae) of Canada and Alaska, parts 1-6. Opuscula E. Entomoligiska Sallskapet.","Kipling Will","Essig Museum of Entomology",,"No known compromise","N",,
"73130ead-56b4-4c55-977b-2880a6310334","ORNL_021.basePlot.bet","D07","ORNL","ORNL_021","2014-06-03","2014-06-17","2017-01-15","NEON.BET.D07.000323","ANIMER2","Animalia","Arthropoda","Insecta","Coleoptera","Carabidae","Harpalinae","Harpalini","Anisodactylus","Gynandrotarsus","merula",,"Anisodactylus merula","Germar","species",,"F",,"Lindroth, C. H. 1969. The ground-beetles (Carabidae, excl. Cicindelinae) of Canada and Alaska, parts 1-6. Opuscula E. Entomoligiska Sallskapet.","Kipling Will","Essig Museum of Entomology","lacks elytral humeral denticle","No known compromise","N",,
"b9090fc3-d497-49f9-9396-f1c4fd29ac29","ORNL_021.basePlot.bet","D07","ORNL","ORNL_021","2014-06-03","2014-06-17","2017-01-15","NEON.BET.D07.000324","ANIDUL","Animalia","Arthropoda","Insecta","Coleoptera","Carabidae","Harpalinae","Harpalini","Anisodactylus","Gynandrotarsus","dulcicollis",,"Anisodactylus dulcicollis","LaFerte-Senectere","species",,"M",,"Lindroth, C. H. 1969. The ground-beetles (Carabidae, excl. Cicindelinae) of Canada and Alaska, parts 1-6. Opuscula E. Entomoligiska Sallskapet.","Kipling Will","Essig Museum of Entomology",,"No known compromise","N",,
"42856dfa-fb12-4cf9-81cc-816e64c8e73f","ORNL_021.basePlot.bet","D07","ORNL","ORNL_021","2014-06-03","2014-06-17","2017-01-15","NEON.BET.D07.000321","ANIMER2","Animalia","Arthropoda","Insecta","Coleoptera","Carabidae","Harpalinae","Harpalini","Anisodactylus","Gynandrotarsus","merula",,"Anisodactylus merula","Germar","species",,"M",,"Lindroth, C. H. 1969. The ground-beetles (Carabidae, excl. Cicindelinae) of Canada and Alaska, parts 1-6. Opuscula E. Entomoligiska Sallskapet.","Kipling Will","Essig Museum of Entomology","lacks elytral humeral denticle","No known compromise","N",,
"dcec09d3-c073-42ad-b944-4dc724c7c505","ORNL_031.basePlot.bet","D07","ORNL","ORNL_031","2014-06-03","2014-06-17","2017-01-15","NEON.BET.D07.000338","ANIMER2","Animalia","Arthropoda","Insecta","Coleoptera","Carabidae","Harpalinae","Harpalini","Anisodactylus","Gynandrotarsus","merula",,"Anisodactylus merula","Germar","species",,"F",,"Lindroth, C. H. 1969. The ground-beetles (Carabidae, excl. Cicindelinae) of Canada and Alaska, parts 1-6. Opuscula E. Entomoligiska Sallskapet.","Kipling Will","Essig Museum of Entomology","lacks elytral humeral denticle","No known compromise","N",,
"09fed9ce-71cc-49cd-984e-53f2d8507203","ORNL_031.basePlot.bet","D07","ORNL","ORNL_031","2014-06-03","2014-06-17","2017-01-15","NEON.BET.D07.000339","ANIMER2","Animalia","Arthropoda","Insecta","Coleoptera","Carabidae","Harpalinae","Harpalini","Anisodactylus","Gynandrotarsus","merula",,"Anisodactylus merula","Germar","species",,"F",,"Lindroth, C. H. 1969. The ground-beetles (Carabidae, excl. Cicindelinae) of Canada and Alaska, parts 1-6. Opuscula E. Entomoligiska Sallskapet.","Kipling Will","Essig Museum of Entomology","lacks elytral humeral denticle","No known compromise","N",,
"92d9be9e-860b-4015-b103-d33d03d613be","ORNL_021.basePlot.bet","D07","ORNL","ORNL_021","2014-06-03","2014-06-17","2017-01-15","NEON.BET.D07.000505","ANIDUL","Animalia","Arthropoda","Insecta","Coleoptera","Carabidae","Harpalinae","Harpalini","Anisodactylus","Gynandrotarsus","dulcicollis",,"Anisodactylus dulcicollis","LaFerte-Senectere","species",,"M",,"Lindroth, C. H. 1969. The ground-beetles (Carabidae, excl. Cicindelinae) of Canada and Alaska, parts 1-6. Opuscula E. Entomoligiska Sallskapet.","Kipling Will","Essig Museum of Entomology",,"No known compromise","N",,
"87d1cc0f-b1e5-49ff-98d9-de334df0a8cf","ORNL_021.basePlot.bet","D07","ORNL","ORNL_021","2014-06-03","2014-06-17","2017-01-15","NEON.BET.D07.000511","COLSP6","Animalia","Arthropoda","Insecta","Coleoptera",,,,,,"sp.",,"Coleoptera sp.",,"order",,"U",,,"Kipling Will","Essig Museum of Entomology","Not Carabidae","No known compromise","N",,
"686dca92-7bcc-4a03-9c73-1f8665676fa6","ORNL_021.basePlot.bet","D07","ORNL","ORNL_021","2014-06-03","2014-06-17","2017-01-15","NEON.BET.D07.000506","ANIFUR","Animalia","Arthropoda","Insecta","Coleoptera","Carabidae","Harpalinae","Harpalini","Anisodactylus","Anisodactylus","furvus",,"Anisodactylus furvus","LeConte","species",,"F",,"Lindroth, C. H. 1969. The ground-beetles (Carabidae, excl. Cicindelinae) of Canada and Alaska, parts 1-6. Opuscula E. Entomoligiska Sallskapet.","Kipling Will","Essig Museum of Entomology",,"No known compromise","N",,
"d342e51c-1631-4fbf-b80d-45d4163b1f19","ORNL_021.basePlot.bet","D07","ORNL","ORNL_021","2014-06-03","2014-06-17","2017-01-15","NEON.BET.D07.000118","DICFUR2","Animalia","Arthropoda","Insecta","Coleoptera","Carabidae","Harpalinae","Licinini","Dicaelus","Paradicaelus","furvus","furvus","Dicaelus furvus furvus","Dejean","subspecies",,"M",,"Ball, G. E. 1992. The Tribe Licinini (Coleoptera: Carabidae): A Review of the Genus-Groups and of the Species of Selected Genera. Journal of the New York Entomological Society 100:325-380.","Kipling Will","Essig Museum of Entomology",,"No known compromise","N",,
"a509a444-1c75-4574-b26d-364e5155db43","ORNL_031.basePlot.bet","D07","ORNL","ORNL_031","2014-06-03","2014-06-17","2017-01-15","NEON.BET.D07.000082","HARPEN","Animalia","Arthropoda","Insecta","Coleoptera","Carabidae","Harpalinae","Harpalini","Harpalus","Pseudoophonus","pensylvanicus",,"Harpalus pensylvanicus","DeGeer","species",,"M",,"Ball, G. E., and J. N. Anderson. 1962. The taxonomy and speciation of Pseudophonus (a subgenus of Harpalus: Haralini: Carabidae, known to occur in North America). The Catholic University of America Press, Washington 17, D. C.","Kipling Will","Essig Museum of Entomology",,"No known compromise","N",,
"db78d470-e50b-46e1-89bc-a64da1f28080","ORNL_021.basePlot.bet","D07","ORNL","ORNL_021","2014-06-03","2014-06-17","2017-01-15","NEON.BET.D07.000117","DICELO","Animalia","Arthropoda","Insecta","Coleoptera","Carabidae","Harpalinae","Licinini","Dicaelus","Paradicaelus","elongatus",,"Dicaelus elongatus","Bonelli","species",,"M",,"Ball, G. E. 1992. The Tribe Licinini (Coleoptera: Carabidae): A Review of the Genus-Groups and of the Species of Selected Genera. Journal of the New York Entomological Society 100:325-380.","Kipling Will","Essig Museum of Entomology",,"No known compromise","N",,
"097b9a27-5e1e-47cc-b0d0-cb2ac616cd19","ORNL_021.basePlot.bet","D07","ORNL","ORNL_021","2014-06-03","2014-06-17","2017-01-15","NEON.BET.D07.000293","ANIMER2","Animalia","Arthropoda","Insecta","Coleoptera","Carabidae","Harpalinae","Harpalini","Anisodactylus","Gynandrotarsus","merula",,"Anisodactylus merula","Germar","species",,"M",,"Lindroth, C. H. 1969. The ground-beetles (Carabidae, excl. Cicindelinae) of Canada and Alaska, parts 1-6. Opuscula E. Entomoligiska Sallskapet.","Kipling Will","Essig Museum of Entomology","lacks elytral humeral denticle","No known compromise","N",,
"c360a21d-a44a-47f6-a7cc-464086775b3a","ORNL_032.basePlot.bet","D07","ORNL","ORNL_032","2014-06-16","2014-06-30","2017-01-15","NEON.BET.D07.000021","CHLEMA","Animalia","Arthropoda","Insecta","Coleoptera","Carabidae","Harpalinae","Chlaeniini","Chlaenius","Anomoglossus","emarginatus",,"Chlaenius emarginatus","Say","species",,"M",,"Bell, R. T. 1960. A Revision of the Genus Chlaenius Bonelli (Coleoptera, Carabidae) in North America. Miscellaneous Publications of the Entomological Society of America 1:98-166.","Kipling Will","Essig Museum of Entomology",,"No known compromise","N",,
"20b09eb9-0162-4ace-a853-3fbd9f8357c2","ORNL_027.basePlot.bet","D07","ORNL","ORNL_027","2014-06-16","2014-06-30","2017-01-15","NEON.BET.D07.000489","PTEPER2","Animalia","Arthropoda","Insecta","Coleoptera","Carabidae","Harpalinae","Pterostichini","Pterostichus","Abacidus","permundus",,"Pterostichus permundus","Say","species",,"M",,"Lindroth, C. H. 1969. The ground-beetles (Carabidae, excl. Cicindelinae) of Canada and Alaska, parts 1-6. Opuscula E. Entomoligiska Sallskapet.","Kipling Will","Essig Museum of Entomology","without.tarsi set","No known compromise","N",,
"1e31151c-b865-4a87-84cd-f2efa685b717","ORNL_003.basePlot.bet","D07","ORNL","ORNL_003","2014-06-16","2014-06-30","2017-01-15","NEON.BET.D07.000024","CHLEMA","Animalia","Arthropoda","Insecta","Coleoptera","Carabidae","Harpalinae","Chlaeniini","Chlaenius","Anomoglossus","emarginatus",,"Chlaenius emarginatus","Say","species",,"M",,"Bell, R. T. 1960. A Revision of the Genus Chlaenius Bonelli (Coleoptera, Carabidae) in North America. Miscellaneous Publications of the Entomological Society of America 1:98-166.","Kipling Will","Essig Museum of Entomology",,"No known compromise","N",,
"3d796ffa-4904-4361-8292-42fc66c555d6","ORNL_027.basePlot.bet","D07","ORNL","ORNL_027","2014-06-16","2014-06-30","2017-01-15","NEON.BET.D07.000038","CHLAES","Animalia","Arthropoda","Insecta","Coleoptera","Carabidae","Harpalinae","Chlaeniini","Chlaenius","Chlaenius","aestivus",,"Chlaenius aestivus","Say","species",,"M",,"Bell, R. T. 1960. A Revision of the Genus Chlaenius Bonelli (Coleoptera, Carabidae) in North America. Miscellaneous Publications of the Entomological Society of America 1:98-166.","Kipling Will","Essig Museum of Entomology",,"No known compromise","N",,
"9e53ee6c-72bc-442c-b333-589c2ca1b795","ORNL_003.basePlot.bet","D07","ORNL","ORNL_003","2014-06-16","2014-06-30","2017-01-15","NEON.BET.D07.000109","DICDIL1","Animalia","Arthropoda","Insecta","Coleoptera","Carabidae","Harpalinae","Licinini","Dicaelus","Paradicaelus","dilatatus","dilatatus","Dicaelus dilatatus dilatatus","Say","subspecies",,"M",,"Ball, G. E. 1992. The Tribe Licinini (Coleoptera: Carabidae): A Review of the Genus-Groups and of the Species of Selected Genera. Journal of the New York Entomological Society 100:325-380.","Kipling Will","Essig Museum of Entomology",,"No known compromise","N",,
"065439fb-96ff-4aeb-857c-15136206515b","ORNL_027.basePlot.bet","D07","ORNL","ORNL_027","2014-06-16","2014-06-30","2017-01-15","NEON.BET.D07.000131","DICDIL1","Animalia","Arthropoda","Insecta","Coleoptera","Carabidae","Harpalinae","Licinini","Dicaelus","Paradicaelus","dilatatus","dilatatus","Dicaelus dilatatus dilatatus","Say","subspecies",,"F",,"Ball, G. E. 1992. The Tribe Licinini (Coleoptera: Carabidae): A Review of the Genus-Groups and of the Species of Selected Genera. Journal of the New York Entomological Society 100:325-380.","Kipling Will","Essig Museum of Entomology",,"No known compromise","N",,
"bc4b5b36-ef3c-4595-9269-92319fc29304","ORNL_002.basePlot.bet","D07","ORNL","ORNL_002","2014-06-16","2014-06-30","2017-01-15","NEON.BET.D07.000099","MYACOR","Animalia","Arthropoda","Insecta","Coleoptera","Carabidae","Harpalinae","Pterostichini","Myas","Trigonognatha","coracinus",,"Myas coracinus","Say","species",,"F",,"Lindroth, C. H. 1969. The ground-beetles (Carabidae, excl. Cicindelinae) of Canada and Alaska, parts 1-6. Opuscula E. Entomoligiska Sallskapet.","Kipling Will","Essig Museum of Entomology",,"No known compromise","N",,
"e4ea03f2-da0c-4f15-8da4-04b16ffa3c56","ORNL_006.basePlot.bet","D07","ORNL","ORNL_006","2014-06-16","2014-06-30","2017-01-15","NEON.BET.D07.000130","DICDIL1","Animalia","Arthropoda","Insecta","Coleoptera","Carabidae","Harpalinae","Licinini","Dicaelus","Paradicaelus","dilatatus","dilatatus","Dicaelus dilatatus dilatatus","Say","subspecies",,"M",,"Ball, G. E. 1992. The Tribe Licinini (Coleoptera: Carabidae): A Review of the Genus-Groups and of the Species of Selected Genera. Journal of the New York Entomological Society 100:325-380.","Kipling Will","Essig Museum of Entomology",,"No known compromise","N",,
"a48ad3f4-24b3-4ba8-b564-c7b9cb18ab24","ORNL_002.basePlot.bet","D07","ORNL","ORNL_002","2014-06-16","2014-06-30","2017-01-15","NEON.BET.D07.000147","DICPOL","Animalia","Arthropoda","Insecta","Coleoptera","Carabidae","Harpalinae","Licinini","Dicaelus","Paradicaelus","politus",,"Dicaelus politus","Dejean","species",,"F",,"Ball, G. E. 1992. The Tribe Licinini (Coleoptera: Carabidae): A Review of the Genus-Groups and of the Species of Selected Genera. Journal of the New York Entomological Society 100:325-380.","Kipling Will","Essig Museum of Entomology",,"No known compromise","N",,
"3f6bbd47-4e3f-4f7b-9a25-106fbb037c19","ORNL_002.basePlot.bet","D07","ORNL","ORNL_002","2014-06-16","2014-06-30","2017-01-15","NEON.BET.D07.000134","DICDIL1","Animalia","Arthropoda","Insecta","Coleoptera","Carabidae","Harpalinae","Licinini","Dicaelus","Paradicaelus","dilatatus","dilatatus","Dicaelus dilatatus dilatatus","Say","subspecies",,"F",,"Ball, G. E. 1992. The Tribe Licinini (Coleoptera: Carabidae): A Review of the Genus-Groups and of the Species of Selected Genera. Journal of the New York Entomological Society 100:325-380.","Kipling Will","Essig Museum of Entomology",,"No known compromise","N",,
"d750a884-443c-45fa-9da4-8bd01e41a6ea","ORNL_002.basePlot.bet","D07","ORNL","ORNL_002","2014-06-16","2014-06-30","2017-01-15","NEON.BET.D07.000149","DICPOL","Animalia","Arthropoda","Insecta","Coleoptera","Carabidae","Harpalinae","Licinini","Dicaelus","Paradicaelus","politus",,"Dicaelus politus","Dejean","species",,"M",,"Ball, G. E. 1992. The Tribe Licinini (Coleoptera: Carabidae): A Review of the Genus-Groups and of the Species of Selected Genera. Journal of the New York Entomological Society 100:325-380.","Kipling Will","Essig Museum of Entomology",,"No known compromise","N",,
"df01e9b8-4220-452a-88cd-318eca8b6b35","ORNL_032.basePlot.bet","D07","ORNL","ORNL_032","2014-06-16","2014-06-30","2017-01-15","NEON.BET.D07.000170","CYCFUC","Animalia","Arthropoda","Insecta","Coleoptera","Carabidae","Harpalinae","Pterostichini","Cyclotrachelus","Cyclotrachelus","fucatus",,"Cyclotrachelus fucatus","Freitag","species",,"F",,"Freitag, R. 1969. A revision of the species of the genus Evarthrus LeConte. Quaestiones Entomologicae 5:89-212.","Kipling Will","Essig Museum of Entomology",,"No known compromise","N",,
"58564a8b-c8d7-480b-952a-41426253aea4","ORNL_001.basePlot.bet","D07","ORNL","ORNL_001","2014-06-16","2014-06-30","2017-01-15","NEON.BET.D07.000209","CYCFUC","Animalia","Arthropoda","Insecta","Coleoptera","Carabidae","Harpalinae","Pterostichini","Cyclotrachelus","Cyclotrachelus","fucatus",,"Cyclotrachelus fucatus","Freitag","species",,"F",,"Freitag, R. 1969. A revision of the species of the genus Evarthrus LeConte. Quaestiones Entomologicae 5:89-212.","Kipling Will","Essig Museum of Entomology",,"No known compromise","N",,
"adb89b11-f005-4320-9d04-35340eef6bdc","ORNL_001.basePlot.bet","D07","ORNL","ORNL_001","2014-06-16","2014-06-30","2017-01-15","NEON.BET.D07.000215","CYCFUC","Animalia","Arthropoda","Insecta","Coleoptera","Carabidae","Harpalinae","Pterostichini","Cyclotrachelus","Cyclotrachelus","fucatus",,"Cyclotrachelus fucatus","Freitag","species",,"F",,"Freitag, R. 1969. A revision of the species of the genus Evarthrus LeConte. Quaestiones Entomologicae 5:89-212.","Kipling Will","Essig Museum of Entomology",,"No known compromise","N",,
"8d3ce069-5aac-4b84-8b82-94838bb02891","ORNL_001.basePlot.bet","D07","ORNL","ORNL_001","2014-06-16","2014-06-30","2017-01-15","NEON.BET.D07.000208","CYCFUC","Animalia","Arthropoda","Insecta","Coleoptera","Carabidae","Harpalinae","Pterostichini","Cyclotrachelus","Cyclotrachelus","fucatus",,"Cyclotrachelus fucatus","Freitag","species",,"F",,"Freitag, R. 1969. A revision of the species of the genus Evarthrus LeConte. Quaestiones Entomologicae 5:89-212.","Kipling Will","Essig Museum of Entomology",,"No known compromise","N",,
"df30f8a4-d530-4104-9537-afd2c6056817","ORNL_001.basePlot.bet","D07","ORNL","ORNL_001","2014-06-16","2014-06-30","2017-01-15","NEON.BET.D07.000210","CYCFUC","Animalia","Arthropoda","Insecta","Coleoptera","Carabidae","Harpalinae","Pterostichini","Cyclotrachelus","Cyclotrachelus","fucatus",,"Cyclotrachelus fucatus","Freitag","species",,"F",,"Freitag, R. 1969. A revision of the species of the genus Evarthrus LeConte. Quaestiones Entomologicae 5:89-212.","Kipling Will","Essig Museum of Entomology",,"No known compromise","N",,
"239a1a49-201a-43ab-8105-2e322259491c","ORNL_001.basePlot.bet","D07","ORNL","ORNL_001","2014-06-16","2014-06-30","2017-01-15","NEON.BET.D07.000207","CYCFUC","Animalia","Arthropoda","Insecta","Coleoptera","Carabidae","Harpalinae","Pterostichini","Cyclotrachelus","Cyclotrachelus","fucatus",,"Cyclotrachelus fucatus","Freitag","species",,"F",,"Freitag, R. 1969. A revision of the species of the genus Evarthrus LeConte. Quaestiones Entomologicae 5:89-212.","Kipling Will","Essig Museum of Entomology",,"No known compromise","N",,
"06781a88-0286-4c31-bb15-e7893fbd39c5","ORNL_006.basePlot.bet","D07","ORNL","ORNL_006","2014-06-16","2014-06-30","2017-01-15","NEON.BET.D07.000247","CYCSOD2","Animalia","Arthropoda","Insecta","Coleoptera","Carabidae","Harpalinae","Pterostichini","Cyclotrachelus","Evarthrus","sodalis","sodalis","Cyclotrachelus sodalis sodalis","LeConte","subspecies",,"M",,"Freitag, R. 1969. A revision of the species of the genus Evarthrus LeConte. Quaestiones Entomologicae 5:89-212.","Kipling Will","Essig Museum of Entomology",,"No known compromise","N",,
"d1e0b9a4-6fed-48dd-96ca-8fccd1277f9d","ORNL_002.basePlot.bet","D07","ORNL","ORNL_002","2014-06-16","2014-06-30","2017-01-15","NEON.BET.D07.000221","CYCFUC","Animalia","Arthropoda","Insecta","Coleoptera","Carabidae","Harpalinae","Pterostichini","Cyclotrachelus","Cyclotrachelus","fucatus",,"Cyclotrachelus fucatus","Freitag","species",,"M",,"Freitag, R. 1969. A revision of the species of the genus Evarthrus LeConte. Quaestiones Entomologicae 5:89-212.","Kipling Will","Essig Museum of Entomology",,"No known compromise","N",,
"03a39a30-4e4c-4291-af0d-efa8b217d683","ORNL_001.basePlot.bet","D07","ORNL","ORNL_001","2014-06-16","2014-06-30","2017-01-15","NEON.BET.D07.000349","CYCSIG","Animalia","Arthropoda","Insecta","Coleoptera","Carabidae","Harpalinae","Pterostichini","Cyclotrachelus","Evarthrus","sigillatus",,"Cyclotrachelus sigillatus","Say","species",,"M",,"Freitag, R. 1969. A revision of the species of the genus Evarthrus LeConte. Quaestiones Entomologicae 5:89-212.","Kipling Will","Essig Museum of Entomology",,"No known compromise","N",,
"20d7f48b-0777-486f-95c5-c590122e0ccf","ORNL_001.basePlot.bet","D07","ORNL","ORNL_001","2014-06-16","2014-06-30","2017-01-15","NEON.BET.D07.000350","CYCSIG","Animalia","Arthropoda","Insecta","Coleoptera","Carabidae","Harpalinae","Pterostichini","Cyclotrachelus","Evarthrus","sigillatus",,"Cyclotrachelus sigillatus","Say","species",,"M",,"Freitag, R. 1969. A revision of the species of the genus Evarthrus LeConte. Quaestiones Entomologicae 5:89-212.","Kipling Will","Essig Museum of Entomology",,"No known compromise","N",,
"c0805b99-e1f4-4163-ac4b-f550c5c9cef8","ORNL_027.basePlot.bet","D07","ORNL","ORNL_027","2014-06-16","2014-06-30","2017-01-15","NEON.BET.D07.000376","CYCSIG","Animalia","Arthropoda","Insecta","Coleoptera","Carabidae","Harpalinae","Pterostichini","Cyclotrachelus","Evarthrus","sigillatus",,"Cyclotrachelus sigillatus","Say","species",,"F",,"Freitag, R. 1969. A revision of the species of the genus Evarthrus LeConte. Quaestiones Entomologicae 5:89-212.","Kipling Will","Essig Museum of Entomology",,"No known compromise","N",,
"b4e4fcac-90b8-4d77-9fbc-fb7ab3fc9d9c","ORNL_002.basePlot.bet","D07","ORNL","ORNL_002","2014-06-16","2014-06-30","2017-01-15","NEON.BET.D07.000441","GALBIC","Animalia","Arthropoda","Insecta","Coleoptera","Carabidae","Harpalinae","Galeritini","Galerita","Progaleritina","bicolor",,"Galerita bicolor","Drury","species",,"M",,"Lindroth, C. H. 1969. The ground-beetles (Carabidae, excl. Cicindelinae) of Canada and Alaska, parts 1-6. Opuscula E. Entomoligiska Sallskapet.","Kipling Will","Essig Museum of Entomology",,"No known compromise","N",,
"8833d47f-0f0b-4dbd-b317-c95fdf93289b","ORNL_006.basePlot.bet","D07","ORNL","ORNL_006","2014-06-16","2014-06-30","2017-01-15","NEON.BET.D07.000447","GALBIC","Animalia","Arthropoda","Insecta","Coleoptera","Carabidae","Harpalinae","Galeritini","Galerita","Progaleritina","bicolor",,"Galerita bicolor","Drury","species",,"F",,"Lindroth, C. H. 1969. The ground-beetles (Carabidae, excl. Cicindelinae) of Canada and Alaska, parts 1-6. Opuscula E. Entomoligiska Sallskapet.","Kipling Will","Essig Museum of Entomology",,"No known compromise","N",,
"665f785b-1732-4c8f-8641-22c0a3a8c16c","ORNL_027.basePlot.bet","D07","ORNL","ORNL_027","2014-06-16","2014-06-30","2017-01-15","NEON.BET.D07.000472","PTESTY","Animalia","Arthropoda","Insecta","Coleoptera","Carabidae","Harpalinae","Pterostichini","Pterostichus","Euferonia","stygicus",,"Pterostichus stygicus","Say","species",,"F",,"Lindroth, C. H. 1969. The ground-beetles (Carabidae, excl. Cicindelinae) of Canada and Alaska, parts 1-6. Opuscula E. Entomoligiska Sallskapet.","Kipling Will","Essig Museum of Entomology",,"No known compromise","N",,
"09ac2481-623e-4a2f-927c-d5db96cee4fd","ORNL_027.basePlot.bet","D07","ORNL","ORNL_027","2014-06-16","2014-06-30","2017-01-15","NEON.BET.D07.000488","PTEPER2","Animalia","Arthropoda","Insecta","Coleoptera","Carabidae","Harpalinae","Pterostichini","Pterostichus","Abacidus","permundus",,"Pterostichus permundus","Say","species",,"F",,"Lindroth, C. H. 1969. The ground-beetles (Carabidae, excl. Cicindelinae) of Canada and Alaska, parts 1-6. Opuscula E. Entomoligiska Sallskapet.","Kipling Will","Essig Museum of Entomology","without.tarsi set","No known compromise","N",,
"e9c3263a-a371-43e4-b8db-9b31ba4e9f09","ORNL_027.basePlot.bet","D07","ORNL","ORNL_027","2014-06-16","2014-06-30","2017-01-15","NEON.BET.D07.000490","PTEPER2","Animalia","Arthropoda","Insecta","Coleoptera","Carabidae","Harpalinae","Pterostichini","Pterostichus","Abacidus","permundus",,"Pterostichus permundus","Say","species",,"M",,"Lindroth, C. H. 1969. The ground-beetles (Carabidae, excl. Cicindelinae) of Canada and Alaska, parts 1-6. Opuscula E. Entomoligiska Sallskapet.","Kipling Will","Essig Museum of Entomology","without.tarsi set","No known compromise","N",,
"a8021f1b-ce5c-47be-b1d2-3f4dd772d231","ORNL_027.basePlot.bet","D07","ORNL","ORNL_027","2014-06-16","2014-06-30","2017-01-15","NEON.BET.D07.000023","CHLEMA","Animalia","Arthropoda","Insecta","Coleoptera","Carabidae","Harpalinae","Chlaeniini","Chlaenius","Anomoglossus","emarginatus",,"Chlaenius emarginatus","Say","species",,"M",,"Bell, R. T. 1960. A Revision of the Genus Chlaenius Bonelli (Coleoptera, Carabidae) in North America. Miscellaneous Publications of the Entomological Society of America 1:98-166.","Kipling Will","Essig Museum of Entomology",,"No known compromise","N",,
"cf393a30-1b38-4ae2-ae8c-9d27081b951f","ORNL_021.basePlot.bet","D07","ORNL","ORNL_021","2014-06-17","2014-06-30","2017-01-15","NEON.BET.D07.000057","HARPEN","Animalia","Arthropoda","Insecta","Coleoptera","Carabidae","Harpalinae","Harpalini","Harpalus","Pseudoophonus","pensylvanicus",,"Harpalus pensylvanicus","DeGeer","species",,"F",,"Ball, G. E., and J. N. Anderson. 1962. The taxonomy and speciation of Pseudophonus (a subgenus of Harpalus: Haralini: Carabidae, known to occur in North America). The Catholic University of America Press, Washington 17, D. C.","Kipling Will","Essig Museum of Entomology",,"No known compromise","N",,
"6572a5e9-54b0-4fdc-a6ff-0684cef82974","ORNL_029.basePlot.bet","D07","ORNL","ORNL_029","2014-06-17","2014-06-30","2017-01-15","NEON.BET.D07.000502","PTEPER2","Animalia","Arthropoda","Insecta","Coleoptera","Carabidae","Harpalinae","Pterostichini","Pterostichus","Abacidus","permundus",,"Pterostichus permundus","Say","species",,"F",,"Lindroth, C. H. 1969. The ground-beetles (Carabidae, excl. Cicindelinae) of Canada and Alaska, parts 1-6. Opuscula E. Entomoligiska Sallskapet.","Kipling Will","Essig Museum of Entomology","without.tarsi set","No known compromise","N",,
"cf9f9b3d-72fd-46aa-bfdd-5bdec16f7422","ORNL_029.basePlot.bet","D07","ORNL","ORNL_029","2014-06-17","2014-06-30","2017-01-15","NEON.BET.D07.000249","CYCSOD2","Animalia","Arthropoda","Insecta","Coleoptera","Carabidae","Harpalinae","Pterostichini","Cyclotrachelus","Evarthrus","sodalis","sodalis","Cyclotrachelus sodalis sodalis","LeConte","subspecies",,"F",,"Freitag, R. 1969. A revision of the species of the genus Evarthrus LeConte. Quaestiones Entomologicae 5:89-212.","Kipling Will","Essig Museum of Entomology",,"No known compromise","N",,
"8e6b486d-b385-4560-88bc-3a4ce65c10ab","ORNL_021.basePlot.bet","D07","ORNL","ORNL_021","2014-06-17","2014-06-30","2017-01-15","NEON.BET.D07.000298","ANIMER2","Animalia","Arthropoda","Insecta","Coleoptera","Carabidae","Harpalinae","Harpalini","Anisodactylus","Gynandrotarsus","merula",,"Anisodactylus merula","Germar","species",,"M",,"Lindroth, C. H. 1969. The ground-beetles (Carabidae, excl. Cicindelinae) of Canada and Alaska, parts 1-6. Opuscula E. Entomoligiska Sallskapet.","Kipling Will","Essig Museum of Entomology","lacks elytral humeral denticle","No known compromise","N",,
"09a7c9f8-813f-4912-9957-83e1b5b18932","ORNL_021.basePlot.bet","D07","ORNL","ORNL_021","2014-06-17","2014-06-30","2017-01-15","NEON.BET.D07.000295","ANIMER2","Animalia","Arthropoda","Insecta","Coleoptera","Carabidae","Harpalinae","Harpalini","Anisodactylus","Gynandrotarsus","merula",,"Anisodactylus merula","Germar","species",,"M",,"Lindroth, C. H. 1969. The ground-beetles (Carabidae, excl. Cicindelinae) of Canada and Alaska, parts 1-6. Opuscula E. Entomoligiska Sallskapet.","Kipling Will","Essig Museum of Entomology","lacks elytral humeral denticle","No known compromise","N",,
"56859da3-b5f0-4dd2-b147-e722c5839f49","ORNL_021.basePlot.bet","D07","ORNL","ORNL_021","2014-06-17","2014-06-30","2017-01-15","NEON.BET.D07.000299","ANIOVU","Animalia","Arthropoda","Insecta","Coleoptera","Carabidae","Harpalinae","Harpalini","Anisodactylus","Gynandrotarsus","ovularis",,"Anisodactylus ovularis","Casey","species",,"M",,"Lindroth, C. H. 1969. The ground-beetles (Carabidae, excl. Cicindelinae) of Canada and Alaska, parts 1-6. Opuscula E. Entomoligiska Sallskapet.","Kipling Will","Essig Museum of Entomology",,"No known compromise","N",,
"989c00a7-045c-4062-a9f1-5959ab395398","ORNL_021.basePlot.bet","D07","ORNL","ORNL_021","2014-06-17","2014-06-30","2017-01-15","NEON.BET.D07.000294","ANIMER2","Animalia","Arthropoda","Insecta","Coleoptera","Carabidae","Harpalinae","Harpalini","Anisodactylus","Gynandrotarsus","merula",,"Anisodactylus merula","Germar","species",,"M",,"Lindroth, C. H. 1969. The ground-beetles (Carabidae, excl. Cicindelinae) of Canada and Alaska, parts 1-6. Opuscula E. Entomoligiska Sallskapet.","Kipling Will","Essig Museum of Entomology","lacks elytral humeral denticle","No known compromise","N",,
"ba36e9cc-a902-4240-86c7-428003a197e2","ORNL_021.basePlot.bet","D07","ORNL","ORNL_021","2014-06-17","2014-06-30","2017-01-15","NEON.BET.D07.000297","ANIMER2","Animalia","Arthropoda","Insecta","Coleoptera","Carabidae","Harpalinae","Harpalini","Anisodactylus","Gynandrotarsus","merula",,"Anisodactylus merula","Germar","species",,"M",,"Lindroth, C. H. 1969. The ground-beetles (Carabidae, excl. Cicindelinae) of Canada and Alaska, parts 1-6. Opuscula E. Entomoligiska Sallskapet.","Kipling Will","Essig Museum of Entomology","lacks elytral humeral denticle","No known compromise","N",,
"1f5657e7-4906-4fd8-a9c9-76d69c242ed5","ORNL_031.basePlot.bet","D07","ORNL","ORNL_031","2014-06-17","2014-06-30","2017-01-15","NEON.BET.D07.000313","ANIMER2","Animalia","Arthropoda","Insecta","Coleoptera","Carabidae","Harpalinae","Harpalini","Anisodactylus","Gynandrotarsus","merula",,"Anisodactylus merula","Germar","species",,"M",,"Lindroth, C. H. 1969. The ground-beetles (Carabidae, excl. Cicindelinae) of Canada and Alaska, parts 1-6. Opuscula E. Entomoligiska Sallskapet.","Kipling Will","Essig Museum of Entomology","lacks elytral humeral denticle","No known compromise","N",,
"e6d26f67-024d-4443-9a43-45324a2afcdc","ORNL_021.basePlot.bet","D07","ORNL","ORNL_021","2014-06-17","2014-06-30","2017-01-15","NEON.BET.D07.000296","ANIMER2","Animalia","Arthropoda","Insecta","Coleoptera","Carabidae","Harpalinae","Harpalini","Anisodactylus","Gynandrotarsus","merula",,"Anisodactylus merula","Germar","species",,"M",,"Lindroth, C. H. 1969. The ground-beetles (Carabidae, excl. Cicindelinae) of Canada and Alaska, parts 1-6. Opuscula E. Entomoligiska Sallskapet.","Kipling Will","Essig Museum of Entomology","lacks elytral humeral denticle","No known compromise","N",,
"2dd2da4c-a92c-4a8a-9866-138cd4974d38","ORNL_031.basePlot.bet","D07","ORNL","ORNL_031","2014-06-17","2014-06-30","2017-01-15","NEON.BET.D07.000312","ANIMER2","Animalia","Arthropoda","Insecta","Coleoptera","Carabidae","Harpalinae","Harpalini","Anisodactylus","Gynandrotarsus","merula",,"Anisodactylus merula","Germar","species",,"M",,"Lindroth, C. H. 1969. The ground-beetles (Carabidae, excl. Cicindelinae) of Canada and Alaska, parts 1-6. Opuscula E. Entomoligiska Sallskapet.","Kipling Will","Essig Museum of Entomology","lacks elytral humeral denticle","No known compromise","N",,
"f2fd40f5-3af8-4343-b9e1-ffce5d00decb","ORNL_031.basePlot.bet","D07","ORNL","ORNL_031","2014-06-17","2014-06-30","2017-01-15","NEON.BET.D07.000311","ANIMER2","Animalia","Arthropoda","Insecta","Coleoptera","Carabidae","Harpalinae","Harpalini","Anisodactylus","Gynandrotarsus","merula",,"Anisodactylus merula","Germar","species",,"M",,"Lindroth, C. H. 1969. The ground-beetles (Carabidae, excl. Cicindelinae) of Canada and Alaska, parts 1-6. Opuscula E. Entomoligiska Sallskapet.","Kipling Will","Essig Museum of Entomology","lacks elytral humeral denticle","No known compromise","N",,
"32894a10-4822-4088-90eb-bc8e4b47df50","ORNL_029.basePlot.bet","D07","ORNL","ORNL_029","2014-06-17","2014-06-30","2017-01-15","NEON.BET.D07.000272","CYCSOD2","Animalia","Arthropoda","Insecta","Coleoptera","Carabidae","Harpalinae","Pterostichini","Cyclotrachelus","Evarthrus","sodalis","sodalis","Cyclotrachelus sodalis sodalis","LeConte","subspecies",,"F",,"Freitag, R. 1969. A revision of the species of the genus Evarthrus LeConte. Quaestiones Entomologicae 5:89-212.","Kipling Will","Essig Museum of Entomology",,"No known compromise","N",,
"b80cd7ab-4a52-4482-934c-510cb0c7fd5f","ORNL_029.basePlot.bet","D07","ORNL","ORNL_029","2014-06-17","2014-06-30","2017-01-15","NEON.BET.D07.000288","CYCSOD2","Animalia","Arthropoda","Insecta","Coleoptera","Carabidae","Harpalinae","Pterostichini","Cyclotrachelus","Evarthrus","sodalis","sodalis","Cyclotrachelus sodalis sodalis","LeConte","subspecies",,"F",,"Freitag, R. 1969. A revision of the species of the genus Evarthrus LeConte. Quaestiones Entomologicae 5:89-212.","Kipling Will","Essig Museum of Entomology",,"No known compromise","N",,
"bddca44e-4aa7-4c69-b683-dd59b22ab40d","ORNL_029.basePlot.bet","D07","ORNL","ORNL_029","2014-06-17","2014-06-30","2017-01-15","NEON.BET.D07.000282","CYCSOD2","Animalia","Arthropoda","Insecta","Coleoptera","Carabidae","Harpalinae","Pterostichini","Cyclotrachelus","Evarthrus","sodalis","sodalis","Cyclotrachelus sodalis sodalis","LeConte","subspecies",,"M",,"Freitag, R. 1969. A revision of the species of the genus Evarthrus LeConte. Quaestiones Entomologicae 5:89-212.","Kipling Will","Essig Museum of Entomology",,"No known compromise","N",,
"a4dae660-351e-479d-aa1e-d3611732b589","ORNL_029.basePlot.bet","D07","ORNL","ORNL_029","2014-06-17","2014-06-30","2017-01-15","NEON.BET.D07.000274","CYCSOD2","Animalia","Arthropoda","Insecta","Coleoptera","Carabidae","Harpalinae","Pterostichini","Cyclotrachelus","Evarthrus","sodalis","sodalis","Cyclotrachelus sodalis sodalis","LeConte","subspecies",,"F",,"Freitag, R. 1969. A revision of the species of the genus Evarthrus LeConte. Quaestiones Entomologicae 5:89-212.","Kipling Will","Essig Museum of Entomology",,"No known compromise","N",,
"d5aa4951-7487-4043-8cc7-d84838e259e6","ORNL_029.basePlot.bet","D07","ORNL","ORNL_029","2014-06-17","2014-06-30","2017-01-15","NEON.BET.D07.000273","CYCSOD2","Animalia","Arthropoda","Insecta","Coleoptera","Carabidae","Harpalinae","Pterostichini","Cyclotrachelus","Evarthrus","sodalis","sodalis","Cyclotrachelus sodalis sodalis","LeConte","subspecies",,"F",,"Freitag, R. 1969. A revision of the species of the genus Evarthrus LeConte. Quaestiones Entomologicae 5:89-212.","Kipling Will","Essig Museum of Entomology",,"No known compromise","N",,
"88cb6791-64ad-4c5c-92d1-3290a90f78b1","ORNL_029.basePlot.bet","D07","ORNL","ORNL_029","2014-06-17","2014-06-30","2017-01-15","NEON.BET.D07.000287","CYCSOD2","Animalia","Arthropoda","Insecta","Coleoptera","Carabidae","Harpalinae","Pterostichini","Cyclotrachelus","Evarthrus","sodalis","sodalis","Cyclotrachelus sodalis sodalis","LeConte","subspecies",,"F",,"Freitag, R. 1969. A revision of the species of the genus Evarthrus LeConte. Quaestiones Entomologicae 5:89-212.","Kipling Will","Essig Museum of Entomology",,"No known compromise","N",,
"fb601752-bfff-4653-8ebc-d25f0c229d3c","ORNL_029.basePlot.bet","D07","ORNL","ORNL_029","2014-06-17","2014-06-30","2017-01-15","NEON.BET.D07.000281","CYCSOD2","Animalia","Arthropoda","Insecta","Coleoptera","Carabidae","Harpalinae","Pterostichini","Cyclotrachelus","Evarthrus","sodalis","sodalis","Cyclotrachelus sodalis sodalis","LeConte","subspecies",,"M",,"Freitag, R. 1969. A revision of the species of the genus Evarthrus LeConte. Quaestiones Entomologicae 5:89-212.","Kipling Will","Essig Museum of Entomology",,"No known compromise","N",,
"a11b876e-f2e5-414e-add3-e987bc4f2f83","ORNL_029.basePlot.bet","D07","ORNL","ORNL_029","2014-06-17","2014-06-30","2017-01-15","NEON.BET.D07.000275","CYCSOD2","Animalia","Arthropoda","Insecta","Coleoptera","Carabidae","Harpalinae","Pterostichini","Cyclotrachelus","Evarthrus","sodalis","sodalis","Cyclotrachelus sodalis sodalis","LeConte","subspecies",,"F",,"Freitag, R. 1969. A revision of the species of the genus Evarthrus LeConte. Quaestiones Entomologicae 5:89-212.","Kipling Will","Essig Museum of Entomology",,"No known compromise","N",,
"a9a59d5d-d005-4263-94d8-bba92421a3bd","ORNL_029.basePlot.bet","D07","ORNL","ORNL_029","2014-06-17","2014-06-30","2017-01-15","NEON.BET.D07.000271","CYCSOD2","Animalia","Arthropoda","Insecta","Coleoptera","Carabidae","Harpalinae","Pterostichini","Cyclotrachelus","Evarthrus","sodalis","sodalis","Cyclotrachelus sodalis sodalis","LeConte","subspecies",,"M",,"Freitag, R. 1969. A revision of the species of the genus Evarthrus LeConte. Quaestiones Entomologicae 5:89-212.","Kipling Will","Essig Museum of Entomology",,"No known compromise","N",,
"d5ec9377-2b18-41aa-b10f-10b47d14361c","ORNL_031.basePlot.bet","D07","ORNL","ORNL_031","2014-06-17","2014-06-30","2017-01-15","NEON.BET.D07.000340","ANIMER2","Animalia","Arthropoda","Insecta","Coleoptera","Carabidae","Harpalinae","Harpalini","Anisodactylus","Gynandrotarsus","merula",,"Anisodactylus merula","Germar","species",,"F",,"Lindroth, C. H. 1969. The ground-beetles (Carabidae, excl. Cicindelinae) of Canada and Alaska, parts 1-6. Opuscula E. Entomoligiska Sallskapet.","Kipling Will","Essig Museum of Entomology","lacks elytral humeral denticle","No known compromise","N",,
"11462e59-43e9-47e2-bd64-d2588a3a389c","ORNL_021.basePlot.bet","D07","ORNL","ORNL_021","2014-06-17","2014-06-30","2017-01-15","NEON.BET.D07.000329","ANIMER2","Animalia","Arthropoda","Insecta","Coleoptera","Carabidae","Harpalinae","Harpalini","Anisodactylus","Gynandrotarsus","merula",,"Anisodactylus merula","Germar","species",,"F",,"Lindroth, C. H. 1969. The ground-beetles (Carabidae, excl. Cicindelinae) of Canada and Alaska, parts 1-6. Opuscula E. Entomoligiska Sallskapet.","Kipling Will","Essig Museum of Entomology","lacks elytral humeral denticle","No known compromise","N",,
"aeaf83a3-0866-424a-bdb1-67ca68e2ef5e","ORNL_021.basePlot.bet","D07","ORNL","ORNL_021","2014-06-17","2014-06-30","2017-01-15","NEON.BET.D07.000326","ANIMER2","Animalia","Arthropoda","Insecta","Coleoptera","Carabidae","Harpalinae","Harpalini","Anisodactylus","Gynandrotarsus","merula",,"Anisodactylus merula","Germar","species",,"F",,"Lindroth, C. H. 1969. The ground-beetles (Carabidae, excl. Cicindelinae) of Canada and Alaska, parts 1-6. Opuscula E. Entomoligiska Sallskapet.","Kipling Will","Essig Museum of Entomology","lacks elytral humeral denticle","No known compromise","N",,
"44e5fdaa-c685-413a-9570-b2398d6a3b88","ORNL_021.basePlot.bet","D07","ORNL","ORNL_021","2014-06-17","2014-06-30","2017-01-15","NEON.BET.D07.000327","ANIOVU","Animalia","Arthropoda","Insecta","Coleoptera","Carabidae","Harpalinae","Harpalini","Anisodactylus","Gynandrotarsus","ovularis",,"Anisodactylus ovularis","Casey","species",,"M",,"Lindroth, C. H. 1969. The ground-beetles (Carabidae, excl. Cicindelinae) of Canada and Alaska, parts 1-6. Opuscula E. Entomoligiska Sallskapet.","Kipling Will","Essig Museum of Entomology",,"No known compromise","N",,
"b9d0c83d-289a-412e-a040-96c93ce482bb","ORNL_021.basePlot.bet","D07","ORNL","ORNL_021","2014-06-17","2014-06-30","2017-01-15","NEON.BET.D07.000330","ANIDUL","Animalia","Arthropoda","Insecta","Coleoptera","Carabidae","Harpalinae","Harpalini","Anisodactylus","Gynandrotarsus","dulcicollis",,"Anisodactylus dulcicollis","LaFerte-Senectere","species",,"M",,"Lindroth, C. H. 1969. The ground-beetles (Carabidae, excl. Cicindelinae) of Canada and Alaska, parts 1-6. Opuscula E. Entomoligiska Sallskapet.","Kipling Will","Essig Museum of Entomology",,"No known compromise","N",,
"f5032179-816a-4aff-af6e-bec892f8623b","ORNL_021.basePlot.bet","D07","ORNL","ORNL_021","2014-06-17","2014-06-30","2017-01-15","NEON.BET.D07.000328","ANIOVU","Animalia","Arthropoda","Insecta","Coleoptera","Carabidae","Harpalinae","Harpalini","Anisodactylus","Gynandrotarsus","ovularis",,"Anisodactylus ovularis","Casey","species",,"M",,"Lindroth, C. H. 1969. The ground-beetles (Carabidae, excl. Cicindelinae) of Canada and Alaska, parts 1-6. Opuscula E. Entomoligiska Sallskapet.","Kipling Will","Essig Museum of Entomology",,"No known compromise","N",,
"d3cbaa9e-586d-4c40-a648-e42d5e571f32","ORNL_029.basePlot.bet","D07","ORNL","ORNL_029","2014-06-17","2014-06-30","2017-01-15","NEON.BET.D07.000377","CYCSIG","Animalia","Arthropoda","Insecta","Coleoptera","Carabidae","Harpalinae","Pterostichini","Cyclotrachelus","Evarthrus","sigillatus",,"Cyclotrachelus sigillatus","Say","species",,"M",,"Freitag, R. 1969. A revision of the species of the genus Evarthrus LeConte. Quaestiones Entomologicae 5:89-212.","Kipling Will","Essig Museum of Entomology",,"No known compromise","N",,
"ae494f08-e752-409b-9ad6-335b9283b016","ORNL_029.basePlot.bet","D07","ORNL","ORNL_029","2014-06-17","2014-06-30","2017-01-15","NEON.BET.D07.000378","CYCSIG","Animalia","Arthropoda","Insecta","Coleoptera","Carabidae","Harpalinae","Pterostichini","Cyclotrachelus","Evarthrus","sigillatus",,"Cyclotrachelus sigillatus","Say","species",,"F",,"Freitag, R. 1969. A revision of the species of the genus Evarthrus LeConte. Quaestiones Entomologicae 5:89-212.","Kipling Will","Essig Museum of Entomology",,"No known compromise","N",,
"9b989592-57a9-4e72-9534-92809f9b4898","ORNL_021.basePlot.bet","D07","ORNL","ORNL_021","2014-06-17","2014-06-30","2017-01-15","NEON.BET.D07.000460","SCASUB2","Animalia","Arthropoda","Insecta","Coleoptera","Carabidae","Scaritinae","Scaritini","Scarites","Scarites","subterraneus",,"Scarites subterraneus","Fabricius","species",,"U",,"Bousquet, Y. and P. E. Skelley. 2010. Description of a New Species of Scarites Fabricius (Coleoptera: Carabidae) from Florida. The Coleopterists Bulletin 64(1): 45-49.","Kipling Will","Essig Museum of Entomology",,"No known compromise","N",,
"0b3a505a-e06c-4f6d-b804-1713c1f31e25","ORNL_031.basePlot.bet","D07","ORNL","ORNL_031","2014-06-17","2014-06-30","2017-01-15","NEON.BET.D07.000459","SCASUB2","Animalia","Arthropoda","Insecta","Coleoptera","Carabidae","Scaritinae","Scaritini","Scarites","Scarites","subterraneus",,"Scarites subterraneus","Fabricius","species",,"U",,"Bousquet, Y. and P. E. Skelley. 2010. Description of a New Species of Scarites Fabricius (Coleoptera: Carabidae) from Florida. The Coleopterists Bulletin 64(1): 45-49.","Kipling Will","Essig Museum of Entomology",,"No known compromise","N",,
"90740f49-7f00-49d7-9f78-a4403bbb0015","ORNL_021.basePlot.bet","D07","ORNL","ORNL_021","2014-06-17","2014-06-30","2017-01-15","NEON.BET.D07.000058","HARPEN","Animalia","Arthropoda","Insecta","Coleoptera","Carabidae","Harpalinae","Harpalini","Harpalus","Pseudoophonus","pensylvanicus",,"Harpalus pensylvanicus","DeGeer","species",,"F",,"Ball, G. E., and J. N. Anderson. 1962. The taxonomy and speciation of Pseudophonus (a subgenus of Harpalus: Haralini: Carabidae, known to occur in North America). The Catholic University of America Press, Washington 17, D. C.","Kipling Will","Essig Museum of Entomology",,"No known compromise","N",,
