uid,namedLocation,domainID,siteID,plotID,trapID,setDate,collectDate,processingDate,identifiedDate,subsampleID,individualID,taxonID,scientificName,taxonRank,identificationQualifier,scientificNameAuthorship,morphospeciesID,identificationReferences,totalLength,identifiedBy,recordedBy,remarks
"1dc34534-736d-4ee5-87c8-b506b97892a8","ORNL_006.basePlot.bet","D07","ORNL","ORNL_006","N","2014-05-19","2014-06-03","2014-06-04","2015-01-08","XUOG9+A5sIM2AutjsFun46Yp4MzCYlm4veFlJ3FgJSg=","NEON.BET.D07.000182","CYCFUC","Cyclotrachelus fucatus","species","cf. species","Freitag",,"Other",,"nAKPQvGWPz3w50pS9SF/Wg/TlEjgxRE8","EY6DvO8NpI5lJHYW3QnRiw31VQzGQ6ke",
"5eb431f9-5d9f-4bc5-b70a-87a5a63e3591","ORNL_006.basePlot.bet","D07","ORNL","ORNL_006","N","2014-05-19","2014-06-03","2014-06-04","2015-01-08","XUOG9+A5sIM2AutjsFun46Yp4MzCYlm4veFlJ3FgJSg=","NEON.BET.D07.000187","CYCFUC","Cyclotrachelus fucatus","species","cf. species","Freitag",,"Other",,"nAKPQvGWPz3w50pS9SF/Wg/TlEjgxRE8","EY6DvO8NpI5lJHYW3QnRiw31VQzGQ6ke",
"9a44cacd-36fe-4b75-87c4-075797b501bc","ORNL_006.basePlot.bet","D07","ORNL","ORNL_006","N","2014-05-19","2014-06-03","2014-06-04","2015-01-08","XUOG9+A5sIM2AutjsFun46Yp4MzCYlm4veFlJ3FgJSg=","NEON.BET.D07.000188","CYCFUC","Cyclotrachelus fucatus","species","cf. species","Freitag",,"Other",,"nAKPQvGWPz3w50pS9SF/Wg/TlEjgxRE8","EY6DvO8NpI5lJHYW3QnRiw31VQzGQ6ke",
"fd524658-7f62-496f-8ddb-ecbc3477fb82","ORNL_021.basePlot.bet","D07","ORNL","ORNL_021","N","2014-05-19","2014-06-03","2014-06-04","2015-01-08","LlqcsvOjN4BiVKEwjni1b37vkSJI4Zx9WkxuS1O+gto=","NEON.BET.D07.000289","ANISP9","Anisodactylus sp.","genus","cf. species","Dejean",,"Other",,"nAKPQvGWPz3w50pS9SF/Wg/TlEjgxRE8","EY6DvO8NpI5lJHYW3QnRiw31VQzGQ6ke",
"15b7b4fd-5a75-4515-ac39-246b98461c56","ORNL_027.basePlot.bet","D07","ORNL","ORNL_027","S","2014-05-19","2014-06-03","2014-06-04","2015-01-08","di/gYcSB3uDc5MxHkX1EfCE2GkFuD0PDJ1iglNVlTTg=","NEON.BET.D07.000462","CARSP14","Carabidae sp.","family",,"Latreille","D07.2014.MorphA","Other",,"nAKPQvGWPz3w50pS9SF/Wg/TlEjgxRE8","EY6DvO8NpI5lJHYW3QnRiw31VQzGQ6ke","shiny, rounded-boxy pronotum"
"95e9f5c6-d88e-4fc2-896e-c8eacee509b8","ORNL_006.basePlot.bet","D07","ORNL","ORNL_006","S","2014-05-19","2014-06-03","2014-06-04","2015-01-08","XUOG9+A5sIO+WCCWVG2uYV8b4BSzijPjQE+WGvIY7qI=","NEON.BET.D07.000201","CYCFUC","Cyclotrachelus fucatus","species","cf. species","Freitag",,"Other",,"nAKPQvGWPz3w50pS9SF/Wg/TlEjgxRE8","EY6DvO8NpI5lJHYW3QnRiw31VQzGQ6ke",
"cd7aef9e-52c5-4028-87b4-d9d95cdbf0f3","ORNL_006.basePlot.bet","D07","ORNL","ORNL_006","S","2014-05-19","2014-06-03","2014-06-04","2015-01-08","XUOG9+A5sIO+WCCWVG2uYV8b4BSzijPjQE+WGvIY7qI=","NEON.BET.D07.000236","CYCFUC","Cyclotrachelus fucatus","species","cf. species","Freitag",,"Other",,"nAKPQvGWPz3w50pS9SF/Wg/TlEjgxRE8","EY6DvO8NpI5lJHYW3QnRiw31VQzGQ6ke",
"270e06b3-c660-4cc9-8d1f-3ef5559317f2","ORNL_006.basePlot.bet","D07","ORNL","ORNL_006","S","2014-05-19","2014-06-03","2014-06-04","2015-01-08","XUOG9+A5sIO+WCCWVG2uYV8b4BSzijPjQE+WGvIY7qI=","NEON.BET.D07.000200","CYCFUC","Cyclotrachelus fucatus","species","cf. species","Freitag",,"Other",,"nAKPQvGWPz3w50pS9SF/Wg/TlEjgxRE8","EY6DvO8NpI5lJHYW3QnRiw31VQzGQ6ke",
"c7cea4fa-e901-4bcd-9ee5-a075d54a9c4d","ORNL_006.basePlot.bet","D07","ORNL","ORNL_006","S","2014-05-19","2014-06-03","2014-06-04","2015-01-08","XUOG9+A5sIO+WCCWVG2uYaKpdgm90eg8eK3Dz7zGhbA=","NEON.BET.D07.000285","CYCSOD2","Cyclotrachelus sodalis sodalis","subspecies","cf. species","LeConte",,"Other",,"nAKPQvGWPz3w50pS9SF/Wg/TlEjgxRE8","EY6DvO8NpI5lJHYW3QnRiw31VQzGQ6ke",
"d11e7bde-dee4-4c29-ac35-825ae3e39081","ORNL_027.basePlot.bet","D07","ORNL","ORNL_027","S","2014-05-19","2014-06-03","2014-06-04","2015-01-08","di/gYcSB3uDc5MxHkX1EfEQmHTE/NX96JdMrCSfiytY=","NEON.BET.D07.000445","GALJAN","Galerita janus","species","cf. species","Fabricius",,"Other",,"nAKPQvGWPz3w50pS9SF/Wg/TlEjgxRE8","EY6DvO8NpI5lJHYW3QnRiw31VQzGQ6ke",
"53f3ff0e-fe6f-4d00-ad2a-8a8c91d12afd","ORNL_027.basePlot.bet","D07","ORNL","ORNL_027","S","2014-05-19","2014-06-03","2014-06-04","2015-01-08","di/gYcSB3uDc5MxHkX1EfLu/4sc3H/EYzyo6QaElNv0=","NEON.BET.D07.000261","CYCSOD2","Cyclotrachelus sodalis sodalis","subspecies","cf. species","LeConte",,"Other",,"nAKPQvGWPz3w50pS9SF/Wg/TlEjgxRE8","EY6DvO8NpI5lJHYW3QnRiw31VQzGQ6ke",
"eca4e562-0b45-48f7-b482-9eebe5ed405e","ORNL_027.basePlot.bet","D07","ORNL","ORNL_027","S","2014-05-19","2014-06-03","2014-06-04","2015-01-08","di/gYcSB3uDc5MxHkX1EfLu/4sc3H/EYzyo6QaElNv0=","NEON.BET.D07.000260","CYCSOD2","Cyclotrachelus sodalis sodalis","subspecies","cf. species","LeConte",,"Other",,"nAKPQvGWPz3w50pS9SF/Wg/TlEjgxRE8","EY6DvO8NpI5lJHYW3QnRiw31VQzGQ6ke",
"fdacb573-168f-4bb9-b859-a527d65ed789","ORNL_002.basePlot.bet","D07","ORNL","ORNL_002","S","2014-05-19","2014-06-03","2014-06-04","2015-01-08","FcwZvbWDjdgugsHpabABtt8AVfHnVMXCjj/BpX0kUtw=","NEON.BET.D07.000218","CYCFUC","Cyclotrachelus fucatus","species","cf. species","Freitag",,"Other",,"nAKPQvGWPz3w50pS9SF/Wg/TlEjgxRE8","EY6DvO8NpI5lJHYW3QnRiw31VQzGQ6ke",
"aa46f5ec-2657-403c-868a-3f3eb90f6edd","ORNL_002.basePlot.bet","D07","ORNL","ORNL_002","S","2014-05-19","2014-06-03","2014-06-04","2015-01-08","FcwZvbWDjdgugsHpabABtlAzxtKeDXouB/EDNkVaHOk=","NEON.BET.D07.000045","HARSP7","Harpalus sp.","genus",,"Latreille",,"Other",,"nAKPQvGWPz3w50pS9SF/Wg/TlEjgxRE8","EY6DvO8NpI5lJHYW3QnRiw31VQzGQ6ke",
"218dd5c6-124c-4f85-a91f-60f89f50fee4","ORNL_004.basePlot.bet","D07","ORNL","ORNL_004","S","2014-05-19","2014-06-03","2014-06-04","2015-01-08","qnVzy9oXbL1h21nP00fGynG90JkAfxK6i/QWBI2CI1Q=","NEON.BET.D07.000087","CYLUNI","Cylindera unipunctata","species",,"Fabricius",,"Other",,"SwQFnZuakvNlojbzbwi0Q7Lk54l+Hztc0cig3HNKUGA=","EY6DvO8NpI5lJHYW3QnRiw31VQzGQ6ke",
"7225951d-ce18-4119-a4bb-100e8dae88a7","ORNL_032.basePlot.bet","D07","ORNL","ORNL_032","W","2014-05-19","2014-06-03","2014-06-04","2015-01-08","DcTblkLRhlewiKLiNsBV9dmk2tKD6ngopiiq0H67KzY=","NEON.BET.D07.000160","CYCFUC","Cyclotrachelus fucatus","species","cf. species","Freitag",,"Other",,"nAKPQvGWPz3w50pS9SF/Wg/TlEjgxRE8","EY6DvO8NpI5lJHYW3QnRiw31VQzGQ6ke",
"0fbff101-7b53-48fc-b8e5-4cea6604c8b9","ORNL_032.basePlot.bet","D07","ORNL","ORNL_032","W","2014-05-19","2014-06-03","2014-06-04","2015-01-08","DcTblkLRhlewiKLiNsBV9dmk2tKD6ngopiiq0H67KzY=","NEON.BET.D07.000169","CYCFUC","Cyclotrachelus fucatus","species","cf. species","Freitag",,"Other",,"nAKPQvGWPz3w50pS9SF/Wg/TlEjgxRE8","EY6DvO8NpI5lJHYW3QnRiw31VQzGQ6ke",
"1c0d0dac-2a89-4d62-ae24-ab09e2f1498b","ORNL_032.basePlot.bet","D07","ORNL","ORNL_032","W","2014-05-19","2014-06-03","2014-06-04","2015-01-08","DcTblkLRhlewiKLiNsBV9S1dtOBITvmdUkZz6KCm5WU=","NEON.BET.D07.000030","CHLSP10","Chlaenius sp.","genus",,"Bonelli",,"Other",,"SwQFnZuakvNlojbzbwi0Q7Lk54l+Hztc0cig3HNKUGA=","EY6DvO8NpI5lJHYW3QnRiw31VQzGQ6ke",
"024a83a0-31c4-403c-b745-9e2e340eb4a1","ORNL_032.basePlot.bet","D07","ORNL","ORNL_032","W","2014-05-19","2014-06-03","2014-06-04","2015-01-08","DcTblkLRhlewiKLiNsBV9dmk2tKD6ngopiiq0H67KzY=","NEON.BET.D07.000171","CYCFUC","Cyclotrachelus fucatus","species","cf. species","Freitag",,"Other",,"nAKPQvGWPz3w50pS9SF/Wg/TlEjgxRE8","EY6DvO8NpI5lJHYW3QnRiw31VQzGQ6ke",
"47534090-50ed-4dd9-a01f-de1e40f1ca55","ORNL_029.basePlot.bet","D07","ORNL","ORNL_029","W","2014-05-19","2014-06-03","2014-06-04","2015-01-08","7LdWMHVTMySQyNV+4IwMemqsbIkLj+MKI2idCJr6meM=","NEON.BET.D07.000264","CYCSOD2","Cyclotrachelus sodalis sodalis","subspecies","cf. species","LeConte",,"Other",,"nAKPQvGWPz3w50pS9SF/Wg/TlEjgxRE8","EY6DvO8NpI5lJHYW3QnRiw31VQzGQ6ke",
"1c2c6fea-3c29-4e03-93bb-71243411a1cc","ORNL_029.basePlot.bet","D07","ORNL","ORNL_029","W","2014-05-19","2014-06-03","2014-06-04","2015-01-08","7LdWMHVTMySQyNV+4IwMemqsbIkLj+MKI2idCJr6meM=","NEON.BET.D07.000263","CYCSOD2","Cyclotrachelus sodalis sodalis","subspecies","cf. species","LeConte",,"Other",,"nAKPQvGWPz3w50pS9SF/Wg/TlEjgxRE8","EY6DvO8NpI5lJHYW3QnRiw31VQzGQ6ke",
"5ed6583d-3973-4441-bca7-5e86f2333812","ORNL_003.basePlot.bet","D07","ORNL","ORNL_003","W","2014-05-19","2014-06-03","2014-06-04","2015-01-08","952sL8sB3/h61xzhTCEUTkuPEV+mVxpLnrPb3QsMJL0=","NEON.BET.D07.000246","CYCSOD2","Cyclotrachelus sodalis sodalis","subspecies","cf. species","LeConte",,"Other",,"nAKPQvGWPz3w50pS9SF/Wg/TlEjgxRE8","EY6DvO8NpI5lJHYW3QnRiw31VQzGQ6ke",
"a802beb7-f219-49a2-a02f-6dd8a75630ba","ORNL_003.basePlot.bet","D07","ORNL","ORNL_003","W","2014-05-19","2014-06-03","2014-06-04","2015-01-08","952sL8sB3/h61xzhTCEUTjcOxFowsR/NufH/QVV4a1w=","NEON.BET.D07.000223","CYCFUC","Cyclotrachelus fucatus","species","cf. species","Freitag",,"Other",,"nAKPQvGWPz3w50pS9SF/Wg/TlEjgxRE8","EY6DvO8NpI5lJHYW3QnRiw31VQzGQ6ke",
"c60865dd-5dde-4700-8288-47e710d1518a","ORNL_001.basePlot.bet","D07","ORNL","ORNL_001","W","2014-05-19","2014-06-03","2014-06-04","2015-01-08","1iGudFvILgmGq9ZwnrQSvWchq45Guff1JIotolFL2s4=","NEON.BET.D07.000211","CYCFUC","Cyclotrachelus fucatus","species","cf. species","Freitag",,"Other",,"nAKPQvGWPz3w50pS9SF/Wg/TlEjgxRE8","EY6DvO8NpI5lJHYW3QnRiw31VQzGQ6ke",
"055eedee-daf0-446a-97ca-a40733037b32","ORNL_004.basePlot.bet","D07","ORNL","ORNL_004","W","2014-05-19","2014-06-03","2014-06-04","2015-01-08","qnVzy9oXbL11H11uXxBr/GtRYP+HGRRR9bBBQM0gNI0=","NEON.BET.D07.000222","CYCFUC","Cyclotrachelus fucatus","species","cf. species","Freitag",,"Other",,"nAKPQvGWPz3w50pS9SF/Wg/TlEjgxRE8","EY6DvO8NpI5lJHYW3QnRiw31VQzGQ6ke",
"90dc6fe0-be2f-4af8-bc45-1f4c6395731e","ORNL_002.basePlot.bet","D07","ORNL","ORNL_002","W","2014-05-19","2014-06-03","2014-06-04","2015-01-08","FcwZvbWDjdiZxgA+A+PADzMnZmYa0Gl5irIQY6Ef7JA=","NEON.BET.D07.000137","DICSP5","Dicaelus sp.","genus",,"Bonelli",,"Other",,"SwQFnZuakvNlojbzbwi0Q7Lk54l+Hztc0cig3HNKUGA=","EY6DvO8NpI5lJHYW3QnRiw31VQzGQ6ke",
"ac255fce-7e6b-41c5-9cd4-7d22f57126ed","ORNL_002.basePlot.bet","D07","ORNL","ORNL_002","W","2014-05-19","2014-06-03","2014-06-04","2015-01-08","FcwZvbWDjdiZxgA+A+PAD+NHMc/CspCDXE4GXQG1x7Q=","NEON.BET.D07.000220","CYCFUC","Cyclotrachelus fucatus","species","cf. species","Freitag",,"Other",,"nAKPQvGWPz3w50pS9SF/Wg/TlEjgxRE8","EY6DvO8NpI5lJHYW3QnRiw31VQzGQ6ke",
"56419f2e-1313-45bc-80b4-077353a4a588","ORNL_027.basePlot.bet","D07","ORNL","ORNL_027","W","2014-05-19","2014-06-03","2014-06-04","2015-01-08","di/gYcSB3uBQaKXEjHeU8INnAUa95BP0T5vtrLs3aLs=","NEON.BET.D07.000465","CARSP14","Carabidae sp.","family",,"Latreille","D07.2014.MorphA","Other",,"nAKPQvGWPz3w50pS9SF/Wg/TlEjgxRE8","EY6DvO8NpI5lJHYW3QnRiw31VQzGQ6ke","shiny, rounded-boxy pronotum"
"76b14865-460a-41dc-a42c-5871a7c530c6","ORNL_027.basePlot.bet","D07","ORNL","ORNL_027","W","2014-05-19","2014-06-03","2014-06-04","2015-01-08","di/gYcSB3uBQaKXEjHeU8FBuamx2yNtg3wMM5GUpmmQ=","NEON.BET.D07.000176","CYCFUC","Cyclotrachelus fucatus","species","cf. species","Freitag",,"Other",,"nAKPQvGWPz3w50pS9SF/Wg/TlEjgxRE8","EY6DvO8NpI5lJHYW3QnRiw31VQzGQ6ke",
"6486b72c-f6b0-404f-b341-6b486194712f","ORNL_027.basePlot.bet","D07","ORNL","ORNL_027","W","2014-05-19","2014-06-03","2014-06-04","2015-01-08","di/gYcSB3uBQaKXEjHeU8INnAUa95BP0T5vtrLs3aLs=","NEON.BET.D07.000463","CARSP14","Carabidae sp.","family",,"Latreille","D07.2014.MorphA","Other",,"nAKPQvGWPz3w50pS9SF/Wg/TlEjgxRE8","EY6DvO8NpI5lJHYW3QnRiw31VQzGQ6ke","shiny, rounded-boxy pronotum"
"2bc8ab94-965a-4be5-8322-a3b070842867","ORNL_031.basePlot.bet","D07","ORNL","ORNL_031","W","2014-05-19","2014-06-03","2014-06-04","2015-01-08","G1V5MttZ4JJqbrnNbrZm6j/HA4nez6U1Gibh5cqUsWQ=","NEON.BET.D07.000458","SCASP12","Scarites sp.","genus",,"Fabricius",,"Other",,"nAKPQvGWPz3w50pS9SF/Wg/TlEjgxRE8","EY6DvO8NpI5lJHYW3QnRiw31VQzGQ6ke",
"41941b90-f2a8-4c48-b935-55783ba6c11a","ORNL_002.basePlot.bet","D07","ORNL","ORNL_002","W","2014-05-19","2014-06-03","2014-06-04","2015-01-08","FcwZvbWDjdiZxgA+A+PAD4iLdTOyYJ9rC80UMM9EUJY=","NEON.BET.D07.000044","HARSP7","Harpalus sp.","genus",,"Latreille",,"Other",,"nAKPQvGWPz3w50pS9SF/Wg/TlEjgxRE8","EY6DvO8NpI5lJHYW3QnRiw31VQzGQ6ke",
"d241db71-fdcf-48aa-b6ca-17268e38ac74","ORNL_006.basePlot.bet","D07","ORNL","ORNL_006","W","2014-05-19","2014-06-03","2014-06-04","2015-01-08","XUOG9+A5sINdX84tSJZ7upNqcmRuyx4wk7Y65scT0e8=","NEON.BET.D07.000202","CYCFUC","Cyclotrachelus fucatus","species","cf. species","Freitag",,"Other",,"nAKPQvGWPz3w50pS9SF/Wg/TlEjgxRE8","EY6DvO8NpI5lJHYW3QnRiw31VQzGQ6ke",
"aad88e67-ce59-48a0-9178-963c7057435f","ORNL_027.basePlot.bet","D07","ORNL","ORNL_027","W","2014-05-19","2014-06-03","2014-06-04","2015-01-08","di/gYcSB3uBQaKXEjHeU8INnAUa95BP0T5vtrLs3aLs=","NEON.BET.D07.000468","CARSP14","Carabidae sp.","family",,"Latreille","D07.2014.MorphA","Other",,"nAKPQvGWPz3w50pS9SF/Wg/TlEjgxRE8","EY6DvO8NpI5lJHYW3QnRiw31VQzGQ6ke","shiny, rounded-boxy pronotum"
"1c1f110d-1fe8-45fd-bf96-17a42c75e406","ORNL_027.basePlot.bet","D07","ORNL","ORNL_027","W","2014-05-19","2014-06-03","2014-06-04","2015-01-08","di/gYcSB3uBQaKXEjHeU8INnAUa95BP0T5vtrLs3aLs=","NEON.BET.D07.000466","CARSP14","Carabidae sp.","family",,"Latreille","D07.2014.MorphA","Other",,"nAKPQvGWPz3w50pS9SF/Wg/TlEjgxRE8","EY6DvO8NpI5lJHYW3QnRiw31VQzGQ6ke","shiny, rounded-boxy pronotum"
"d02aecd8-87bc-4c38-9258-4009907f0cd4","ORNL_027.basePlot.bet","D07","ORNL","ORNL_027","W","2014-05-19","2014-06-03","2014-06-04","2015-01-08","di/gYcSB3uBQaKXEjHeU8INnAUa95BP0T5vtrLs3aLs=","NEON.BET.D07.000464","CARSP14","Carabidae sp.","family",,"Latreille","D07.2014.MorphA","Other",,"nAKPQvGWPz3w50pS9SF/Wg/TlEjgxRE8","EY6DvO8NpI5lJHYW3QnRiw31VQzGQ6ke","shiny, rounded-boxy pronotum"
"cc0e2fa1-135c-4b4b-a735-a134132dba5d","ORNL_006.basePlot.bet","D07","ORNL","ORNL_006","W","2014-05-19","2014-06-03","2014-06-04","2015-01-08","XUOG9+A5sINdX84tSJZ7upNqcmRuyx4wk7Y65scT0e8=","NEON.BET.D07.000199","CYCFUC","Cyclotrachelus fucatus","species","cf. species","Freitag",,"Other",,"nAKPQvGWPz3w50pS9SF/Wg/TlEjgxRE8","EY6DvO8NpI5lJHYW3QnRiw31VQzGQ6ke",
"c34a5f33-8564-4b0f-bd05-ffbfc78fda08","ORNL_006.basePlot.bet","D07","ORNL","ORNL_006","W","2014-05-19","2014-06-03","2014-06-04","2015-01-08","XUOG9+A5sINdX84tSJZ7upNqcmRuyx4wk7Y65scT0e8=","NEON.BET.D07.000196","CYCFUC","Cyclotrachelus fucatus","species","cf. species","Freitag",,"Other",,"nAKPQvGWPz3w50pS9SF/Wg/TlEjgxRE8","EY6DvO8NpI5lJHYW3QnRiw31VQzGQ6ke",
"65251b98-9c7e-484b-a06a-765fbcf9801c","ORNL_027.basePlot.bet","D07","ORNL","ORNL_027","W","2014-05-19","2014-06-03","2014-06-04","2015-01-08","di/gYcSB3uBQaKXEjHeU8INnAUa95BP0T5vtrLs3aLs=","NEON.BET.D07.000467","CARSP14","Carabidae sp.","family",,"Latreille","D07.2014.MorphA","Other",,"nAKPQvGWPz3w50pS9SF/Wg/TlEjgxRE8","EY6DvO8NpI5lJHYW3QnRiw31VQzGQ6ke","shiny, rounded-boxy pronotum"
"09f31d5d-a3ad-4ce6-ad5c-068f490399df","ORNL_006.basePlot.bet","D07","ORNL","ORNL_006","W","2014-05-19","2014-06-03","2014-06-04","2015-01-08","XUOG9+A5sINdX84tSJZ7upNqcmRuyx4wk7Y65scT0e8=","NEON.BET.D07.000186","CYCFUC","Cyclotrachelus fucatus","species","cf. species","Freitag",,"Other",,"nAKPQvGWPz3w50pS9SF/Wg/TlEjgxRE8","EY6DvO8NpI5lJHYW3QnRiw31VQzGQ6ke",
"12eeb835-c949-40c6-ba22-97e86d3123ba","ORNL_006.basePlot.bet","D07","ORNL","ORNL_006","W","2014-05-19","2014-06-03","2014-06-04","2015-01-08","XUOG9+A5sINdX84tSJZ7upNqcmRuyx4wk7Y65scT0e8=","NEON.BET.D07.000203","CYCFUC","Cyclotrachelus fucatus","species","cf. species","Freitag",,"Other",,"nAKPQvGWPz3w50pS9SF/Wg/TlEjgxRE8","EY6DvO8NpI5lJHYW3QnRiw31VQzGQ6ke",
"42ad32c2-794d-43ee-aa8d-2ec018de7260","ORNL_006.basePlot.bet","D07","ORNL","ORNL_006","W","2014-05-19","2014-06-03","2014-06-04","2015-01-08","XUOG9+A5sINdX84tSJZ7upNqcmRuyx4wk7Y65scT0e8=","NEON.BET.D07.000194","CYCFUC","Cyclotrachelus fucatus","species","cf. species","Freitag",,"Other",,"nAKPQvGWPz3w50pS9SF/Wg/TlEjgxRE8","EY6DvO8NpI5lJHYW3QnRiw31VQzGQ6ke",
"5fb2da92-98e9-45a7-9498-fcef15dda5e7","ORNL_006.basePlot.bet","D07","ORNL","ORNL_006","W","2014-05-19","2014-06-03","2014-06-04","2015-01-08","XUOG9+A5sINdX84tSJZ7upNqcmRuyx4wk7Y65scT0e8=","NEON.BET.D07.000198","CYCFUC","Cyclotrachelus fucatus","species","cf. species","Freitag",,"Other",,"nAKPQvGWPz3w50pS9SF/Wg/TlEjgxRE8","EY6DvO8NpI5lJHYW3QnRiw31VQzGQ6ke",
"90884194-7475-4387-a867-53cc26712075","ORNL_006.basePlot.bet","D07","ORNL","ORNL_006","W","2014-05-19","2014-06-03","2014-06-04","2015-01-08","XUOG9+A5sINdX84tSJZ7upNqcmRuyx4wk7Y65scT0e8=","NEON.BET.D07.000197","CYCFUC","Cyclotrachelus fucatus","species","cf. species","Freitag",,"Other",,"nAKPQvGWPz3w50pS9SF/Wg/TlEjgxRE8","EY6DvO8NpI5lJHYW3QnRiw31VQzGQ6ke",
"73007414-23ae-4f8c-ae01-9d681eaf12ba","ORNL_032.basePlot.bet","D07","ORNL","ORNL_032","E","2014-05-19","2014-06-03","2014-06-04","2015-01-08","DcTblkLRhlec+GvS3BxY51ehLuz5YWAOp0FLOr++s4Y=","NEON.BET.D07.000172","CYCFUC","Cyclotrachelus fucatus","species","cf. species","Freitag",,"Other",,"nAKPQvGWPz3w50pS9SF/Wg/TlEjgxRE8","EY6DvO8NpI5lJHYW3QnRiw31VQzGQ6ke",
"b81785dc-da3e-47da-aac5-70b25586811b","ORNL_032.basePlot.bet","D07","ORNL","ORNL_032","E","2014-05-19","2014-06-03","2014-06-04","2015-01-08","DcTblkLRhlec+GvS3BxY51ehLuz5YWAOp0FLOr++s4Y=","NEON.BET.D07.000163","CYCFUC","Cyclotrachelus fucatus","species","cf. species","Freitag",,"Other",,"nAKPQvGWPz3w50pS9SF/Wg/TlEjgxRE8","EY6DvO8NpI5lJHYW3QnRiw31VQzGQ6ke",
"f85af128-b8f4-46f8-baa0-8837e9f36294","ORNL_032.basePlot.bet","D07","ORNL","ORNL_032","E","2014-05-19","2014-06-03","2014-06-04","2015-01-08","DcTblkLRhlec+GvS3BxY51ehLuz5YWAOp0FLOr++s4Y=","NEON.BET.D07.000165","CYCFUC","Cyclotrachelus fucatus","species","cf. species","Freitag",,"Other",,"nAKPQvGWPz3w50pS9SF/Wg/TlEjgxRE8","EY6DvO8NpI5lJHYW3QnRiw31VQzGQ6ke",
"a8bf31bf-7d33-41b9-9335-10da775ee7e9","ORNL_032.basePlot.bet","D07","ORNL","ORNL_032","E","2014-05-19","2014-06-03","2014-06-04","2015-01-08","DcTblkLRhlec+GvS3BxY51ehLuz5YWAOp0FLOr++s4Y=","NEON.BET.D07.000154","CYCFUC","Cyclotrachelus fucatus","species","cf. species","Freitag",,"Other",,"nAKPQvGWPz3w50pS9SF/Wg/TlEjgxRE8","EY6DvO8NpI5lJHYW3QnRiw31VQzGQ6ke",
"b733ab68-c358-4347-82e5-a0bb1971390f","ORNL_031.basePlot.bet","D07","ORNL","ORNL_031","E","2014-05-19","2014-06-03","2014-06-04","2015-01-08","G1V5MttZ4JL8onh0fiaMxIaXiLi0o3jfDZkt96UCYGQ=","NEON.BET.D07.000310","ANISP9","Anisodactylus sp.","genus","cf. species","Dejean",,"Other",,"nAKPQvGWPz3w50pS9SF/Wg/TlEjgxRE8","EY6DvO8NpI5lJHYW3QnRiw31VQzGQ6ke",
"ae71fcda-88db-41ea-938f-8e4f70a788ee","ORNL_031.basePlot.bet","D07","ORNL","ORNL_031","E","2014-05-19","2014-06-03","2014-06-04","2015-01-08","G1V5MttZ4JL8onh0fiaMxPSSJ9ScQ1bIBr1DNq1XU1s=","NEON.BET.D07.000461","SCASP12","Scarites sp.","genus",,"Fabricius",,"Other",,"nAKPQvGWPz3w50pS9SF/Wg/TlEjgxRE8","EY6DvO8NpI5lJHYW3QnRiw31VQzGQ6ke",
"1e66426b-a883-4f75-b5f5-a7a4a16a287a","ORNL_021.basePlot.bet","D07","ORNL","ORNL_021","E","2014-05-19","2014-06-03","2014-06-04","2015-01-08","LlqcsvOjN4Dt83E2LbwgnnOwnhf6Vbbdladj66kXcVo=","NEON.BET.D07.000319","ANISP9","Anisodactylus sp.","genus","cf. species","Dejean",,"Other",,"nAKPQvGWPz3w50pS9SF/Wg/TlEjgxRE8","EY6DvO8NpI5lJHYW3QnRiw31VQzGQ6ke",
"df5b1423-3784-4428-8021-d7344ba7442a","ORNL_021.basePlot.bet","D07","ORNL","ORNL_021","E","2014-05-19","2014-06-03","2014-06-04","2015-01-08","LlqcsvOjN4Dt83E2Lbwgngx71c44FkZdRejOkh7OvGk=","NEON.BET.D07.000487","CARSP14","Carabidae sp.","family",,"Latreille","D07.2014.MorphB","Other",,"nAKPQvGWPz3w50pS9SF/Wg/TlEjgxRE8","EY6DvO8NpI5lJHYW3QnRiw31VQzGQ6ke","shiny, pronotum square on bottom and more rounded on top"
"ff18c992-5304-4e40-88ab-b1859c96b9c5","ORNL_021.basePlot.bet","D07","ORNL","ORNL_021","E","2014-05-19","2014-06-03","2014-06-04","2015-01-08","LlqcsvOjN4Dt83E2LbwgnrSvHn/v9A6uIXU/eFVisZM=","NEON.BET.D07.000503","CARSP14","Carabidae sp.","family",,"Latreille","D07.2014.MorphC","Other",,"nAKPQvGWPz3w50pS9SF/Wg/TlEjgxRE8","EY6DvO8NpI5lJHYW3QnRiw31VQzGQ6ke","dull, pronotum square on bottom and rounded on top."
"2afeebdc-0722-496c-a88e-5c8c84253368","ORNL_029.basePlot.bet","D07","ORNL","ORNL_029","E","2014-05-19","2014-06-03","2014-06-04","2015-01-08","7LdWMHVTMyTGnpRE8+acbhQ6zXkuRGhVW38yat6h4NI=","NEON.BET.D07.000265","CYCSOD2","Cyclotrachelus sodalis sodalis","subspecies","cf. species","LeConte",,"Other",,"nAKPQvGWPz3w50pS9SF/Wg/TlEjgxRE8","EY6DvO8NpI5lJHYW3QnRiw31VQzGQ6ke",
"d49675d0-d6d1-426c-abad-a77926c732ad","ORNL_027.basePlot.bet","D07","ORNL","ORNL_027","E","2014-05-19","2014-06-03","2014-06-04","2015-01-08","di/gYcSB3uBrVsec72T1U+G1ylFtGjb6rwp88kZi/GY=","NEON.BET.D07.000086","CYLUNI","Cylindera unipunctata","species",,"Fabricius",,"Other",,"SwQFnZuakvNlojbzbwi0Q7Lk54l+Hztc0cig3HNKUGA=","EY6DvO8NpI5lJHYW3QnRiw31VQzGQ6ke",
"7d070b0c-52cc-480f-b618-a04f7e6fba06","ORNL_027.basePlot.bet","D07","ORNL","ORNL_027","E","2014-05-19","2014-06-03","2014-06-04","2015-01-08","di/gYcSB3uBrVsec72T1U8LwVkOmd3ELwVjN/PJCEOk=","NEON.BET.D07.000034","CHLSP10","Chlaenius sp.","genus",,"Bonelli",,"Other",,"SwQFnZuakvNlojbzbwi0Q7Lk54l+Hztc0cig3HNKUGA=","EY6DvO8NpI5lJHYW3QnRiw31VQzGQ6ke",
"aaac8eeb-fa45-4c52-8cbf-8d9e1fa77eb0","ORNL_021.basePlot.bet","D07","ORNL","ORNL_021","E","2014-05-19","2014-06-03","2014-06-04","2015-01-08","LlqcsvOjN4Dt83E2LbwgnrSvHn/v9A6uIXU/eFVisZM=","NEON.BET.D07.000504","CARSP14","Carabidae sp.","family",,"Latreille","D07.2014.MorphC","Other",,"nAKPQvGWPz3w50pS9SF/Wg/TlEjgxRE8","EY6DvO8NpI5lJHYW3QnRiw31VQzGQ6ke","dull, pronotum square on bottom and rounded on top."
"d0fc8b71-769b-417a-8380-2672f1ede55f","ORNL_032.basePlot.bet","D07","ORNL","ORNL_032","N","2014-05-19","2014-06-03","2014-06-04","2015-01-08","DcTblkLRhlctKT64h1wczhwUqhowt3loYJZtCO6Sc04=","NEON.BET.D07.000152","CYCFUC","Cyclotrachelus fucatus","species","cf. species","Freitag",,"Other",,"nAKPQvGWPz3w50pS9SF/Wg/TlEjgxRE8","EY6DvO8NpI5lJHYW3QnRiw31VQzGQ6ke",
"a91352c1-4ed2-46a9-b635-78aa97aeb2ca","ORNL_003.basePlot.bet","D07","ORNL","ORNL_003","N","2014-05-19","2014-06-03","2014-06-04","2015-01-08","952sL8sB3/hPgCSVW0iY/oxoOaoNu+pkkMhclfcfTZg=","NEON.BET.D07.000224","CYCFUC","Cyclotrachelus fucatus","species","cf. species","Freitag",,"Other",,"nAKPQvGWPz3w50pS9SF/Wg/TlEjgxRE8","EY6DvO8NpI5lJHYW3QnRiw31VQzGQ6ke",
"a6118265-a5c4-4cba-b725-c4cbc9bcdadd","ORNL_003.basePlot.bet","D07","ORNL","ORNL_003","N","2014-05-19","2014-06-03","2014-06-04","2015-01-08","952sL8sB3/hPgCSVW0iY/oxoOaoNu+pkkMhclfcfTZg=","NEON.BET.D07.000227","CYCFUC","Cyclotrachelus fucatus","species","cf. species","Freitag",,"Other",,"nAKPQvGWPz3w50pS9SF/Wg/TlEjgxRE8","EY6DvO8NpI5lJHYW3QnRiw31VQzGQ6ke",
"9768bf28-d4c4-4593-bbd8-c5e46250f8c7","ORNL_032.basePlot.bet","D07","ORNL","ORNL_032","N","2014-05-19","2014-06-03","2014-06-04","2015-01-08","DcTblkLRhlctKT64h1wczhwUqhowt3loYJZtCO6Sc04=","NEON.BET.D07.000164","CYCFUC","Cyclotrachelus fucatus","species","cf. species","Freitag",,"Other",,"nAKPQvGWPz3w50pS9SF/Wg/TlEjgxRE8","EY6DvO8NpI5lJHYW3QnRiw31VQzGQ6ke",
"b28c69d9-61d2-4863-81b8-59e9609bf5e8","ORNL_032.basePlot.bet","D07","ORNL","ORNL_032","N","2014-05-19","2014-06-03","2014-06-04","2015-01-08","DcTblkLRhlctKT64h1wczhwUqhowt3loYJZtCO6Sc04=","NEON.BET.D07.000156","CYCFUC","Cyclotrachelus fucatus","species","cf. species","Freitag",,"Other",,"nAKPQvGWPz3w50pS9SF/Wg/TlEjgxRE8","EY6DvO8NpI5lJHYW3QnRiw31VQzGQ6ke",
"a20e5ad2-93b1-4815-8709-0683f104f80d","ORNL_032.basePlot.bet","D07","ORNL","ORNL_032","N","2014-05-19","2014-06-03","2014-06-04","2015-01-08","DcTblkLRhlctKT64h1wczhwUqhowt3loYJZtCO6Sc04=","NEON.BET.D07.000153","CYCFUC","Cyclotrachelus fucatus","species","cf. species","Freitag",,"Other",,"nAKPQvGWPz3w50pS9SF/Wg/TlEjgxRE8","EY6DvO8NpI5lJHYW3QnRiw31VQzGQ6ke",
"8cf4e4e2-b342-47bd-a229-f2db7eacde9f","ORNL_001.basePlot.bet","D07","ORNL","ORNL_001","N","2014-05-19","2014-06-03","2014-06-04","2015-01-08","1iGudFvILgktiAfxi1KZS0MscxZ4Zcht8bXD+o5unkA=","NEON.BET.D07.000214","CYCFUC","Cyclotrachelus fucatus","species","cf. species","Freitag",,"Other",,"nAKPQvGWPz3w50pS9SF/Wg/TlEjgxRE8","EY6DvO8NpI5lJHYW3QnRiw31VQzGQ6ke",
"ba024aee-b7fc-424b-8a1a-b877b999287b","ORNL_001.basePlot.bet","D07","ORNL","ORNL_001","N","2014-05-19","2014-06-03","2014-06-04","2015-01-08","1iGudFvILgktiAfxi1KZS0MscxZ4Zcht8bXD+o5unkA=","NEON.BET.D07.000216","CYCFUC","Cyclotrachelus fucatus","species","cf. species","Freitag",,"Other",,"nAKPQvGWPz3w50pS9SF/Wg/TlEjgxRE8","EY6DvO8NpI5lJHYW3QnRiw31VQzGQ6ke",
"885564a8-9502-4034-9385-e3cdd3cb844c","ORNL_001.basePlot.bet","D07","ORNL","ORNL_001","N","2014-05-19","2014-06-03","2014-06-04","2015-01-08","1iGudFvILgktiAfxi1KZS0MscxZ4Zcht8bXD+o5unkA=","NEON.BET.D07.000212","CYCFUC","Cyclotrachelus fucatus","species","cf. species","Freitag",,"Other",,"nAKPQvGWPz3w50pS9SF/Wg/TlEjgxRE8","EY6DvO8NpI5lJHYW3QnRiw31VQzGQ6ke",
"a3038296-c881-4b8a-b1db-a416c9d0009a","ORNL_001.basePlot.bet","D07","ORNL","ORNL_001","N","2014-05-19","2014-06-03","2014-06-04","2015-01-08","1iGudFvILgktiAfxi1KZS0MscxZ4Zcht8bXD+o5unkA=","NEON.BET.D07.000213","CYCFUC","Cyclotrachelus fucatus","species","cf. species","Freitag",,"Other",,"nAKPQvGWPz3w50pS9SF/Wg/TlEjgxRE8","EY6DvO8NpI5lJHYW3QnRiw31VQzGQ6ke",
"dc257620-9300-4144-a537-6d6a31e96d47","ORNL_032.basePlot.bet","D07","ORNL","ORNL_032","E","2014-06-03","2014-06-16","2014-06-17","2015-01-08","DcTblkLRhlec+GvS3BxY58bfVo2wE8+P0POl5cmG4yc=","NEON.BET.D07.000167","CYCFUC","Cyclotrachelus fucatus","species","cf. species","Freitag",,"Other",,"nAKPQvGWPz3w50pS9SF/Wg/TlEjgxRE8","EY6DvO8NpI5lJHYW3QnRiw31VQzGQ6ke",
"fecfd397-e5cb-459a-a951-bef91169187c","ORNL_027.basePlot.bet","D07","ORNL","ORNL_027","W","2014-06-03","2014-06-16","2014-06-17","2015-01-08","di/gYcSB3uBQaKXEjHeU8ALdJ8g30LMAt/cpEDi2w6s=","NEON.BET.D07.000469","CARSP14","Carabidae sp.","family",,"Latreille","D07.2014.MorphA","Other",,"nAKPQvGWPz3w50pS9SF/Wg/TlEjgxRE8","EY6DvO8NpI5lJHYW3QnRiw31VQzGQ6ke","shiny, rounded and boxy pronotum, black"
"ecca8151-430a-49aa-9209-4504c3b5d56e","ORNL_032.basePlot.bet","D07","ORNL","ORNL_032","E","2014-06-03","2014-06-16","2014-06-17","2015-01-08","DcTblkLRhlec+GvS3BxY58bfVo2wE8+P0POl5cmG4yc=","NEON.BET.D07.000168","CYCFUC","Cyclotrachelus fucatus","species","cf. species","Freitag",,"Other",,"nAKPQvGWPz3w50pS9SF/Wg/TlEjgxRE8","EY6DvO8NpI5lJHYW3QnRiw31VQzGQ6ke",
"af908e38-b940-4753-aae2-4da9bffd45de","ORNL_032.basePlot.bet","D07","ORNL","ORNL_032","E","2014-06-03","2014-06-16","2014-06-17","2015-01-08","DcTblkLRhlec+GvS3BxY58bfVo2wE8+P0POl5cmG4yc=","NEON.BET.D07.000159","CYCFUC","Cyclotrachelus fucatus","species","cf. species","Freitag",,"Other",,"nAKPQvGWPz3w50pS9SF/Wg/TlEjgxRE8","EY6DvO8NpI5lJHYW3QnRiw31VQzGQ6ke",
"45426b95-b836-4c1e-9c0c-a6952382b68d","ORNL_032.basePlot.bet","D07","ORNL","ORNL_032","E","2014-06-03","2014-06-16","2014-06-17","2015-01-08","DcTblkLRhlec+GvS3BxY58bfVo2wE8+P0POl5cmG4yc=","NEON.BET.D07.000161","CYCFUC","Cyclotrachelus fucatus","species","cf. species","Freitag",,"Other",,"nAKPQvGWPz3w50pS9SF/Wg/TlEjgxRE8","EY6DvO8NpI5lJHYW3QnRiw31VQzGQ6ke",
"693431c1-27fe-4e13-9ae1-2a2a8da98b00","ORNL_001.basePlot.bet","D07","ORNL","ORNL_001","E","2014-06-03","2014-06-16","2014-06-17","2015-01-08","1iGudFvILgmOa4lKdff8ZfQUpghlUAzcsYQUc6Cm7uQ=","NEON.BET.D07.000454","PASELO","Pasimachus elongatus","species",,"LeConte",,"Other",,"nAKPQvGWPz3w50pS9SF/Wg/TlEjgxRE8","EY6DvO8NpI5lJHYW3QnRiw31VQzGQ6ke",
"4760835e-1fc4-47b7-99c1-166058a7d97c","ORNL_027.basePlot.bet","D07","ORNL","ORNL_027","E","2014-06-03","2014-06-16","2014-06-17","2015-01-08","di/gYcSB3uBrVsec72T1U+zO12MMRyPZ3GcrJUuZFPE=","NEON.BET.D07.000177","CYCFUC","Cyclotrachelus fucatus","species","cf. species","Freitag",,"Other",,"nAKPQvGWPz3w50pS9SF/Wg/TlEjgxRE8","EY6DvO8NpI5lJHYW3QnRiw31VQzGQ6ke",
"9d388ea5-1d1f-4b23-adad-0f032133351e","ORNL_027.basePlot.bet","D07","ORNL","ORNL_027","E","2014-06-03","2014-06-16","2014-06-17","2015-01-08","di/gYcSB3uBrVsec72T1Uzt5PGmoV8Jx3BNaOS5znHo=","NEON.BET.D07.000446","GALJAN","Galerita janus","species","cf. species","Fabricius",,"Other",,"nAKPQvGWPz3w50pS9SF/Wg/TlEjgxRE8","EY6DvO8NpI5lJHYW3QnRiw31VQzGQ6ke",
"b0a879ec-3f31-48dd-b4d0-10dc8bf42630","ORNL_006.basePlot.bet","D07","ORNL","ORNL_006","E","2014-06-03","2014-06-16","2014-06-17","2015-01-08","XUOG9+A5sIMPEXumsx971+ztO+L0rcBm6I8w5JDk+yQ=","NEON.BET.D07.000192","CYCFUC","Cyclotrachelus fucatus","species","cf. species","Freitag",,"Other",,"nAKPQvGWPz3w50pS9SF/Wg/TlEjgxRE8","EY6DvO8NpI5lJHYW3QnRiw31VQzGQ6ke",
"b1b31bf3-be56-4357-9ff2-b526dd3108bb","ORNL_006.basePlot.bet","D07","ORNL","ORNL_006","E","2014-06-03","2014-06-16","2014-06-17","2015-01-08","XUOG9+A5sIMPEXumsx9713bGNMsgba1hOTuDbOyB5sY=","NEON.BET.D07.000449","GALJAN","Galerita janus","species","cf. species","Fabricius",,"Other",,"nAKPQvGWPz3w50pS9SF/Wg/TlEjgxRE8","EY6DvO8NpI5lJHYW3QnRiw31VQzGQ6ke",
"e6576a6d-e45f-4e18-88c5-df755243d4a3","ORNL_001.basePlot.bet","D07","ORNL","ORNL_001","N","2014-06-03","2014-06-16","2014-06-17","2015-01-08","1iGudFvILgktiAfxi1KZS+xS7eob7HrcSNKXLLlHm84=","NEON.BET.D07.000139","DICSP5","Dicaelus sp.","genus",,"Bonelli",,"Other",,"SwQFnZuakvNlojbzbwi0Q7Lk54l+Hztc0cig3HNKUGA=","EY6DvO8NpI5lJHYW3QnRiw31VQzGQ6ke",
"0c1feaae-ace3-417c-8c9c-4b129af18356","ORNL_001.basePlot.bet","D07","ORNL","ORNL_001","N","2014-06-03","2014-06-16","2014-06-17","2015-01-08","1iGudFvILgktiAfxi1KZS6M3ljsgfRPvT6Rq+CWofO4=","NEON.BET.D07.000206","CYCFUC","Cyclotrachelus fucatus","species","cf. species","Freitag",,"Other",,"nAKPQvGWPz3w50pS9SF/Wg/TlEjgxRE8","EY6DvO8NpI5lJHYW3QnRiw31VQzGQ6ke",
"9fb48075-330e-4214-95f3-7f80335a51e4","ORNL_001.basePlot.bet","D07","ORNL","ORNL_001","N","2014-06-03","2014-06-16","2014-06-17","2015-01-08","1iGudFvILgktiAfxi1KZS6M3ljsgfRPvT6Rq+CWofO4=","NEON.BET.D07.000217","CYCFUC","Cyclotrachelus fucatus","species","cf. species","Freitag",,"Other",,"nAKPQvGWPz3w50pS9SF/Wg/TlEjgxRE8","EY6DvO8NpI5lJHYW3QnRiw31VQzGQ6ke",
"d8188c3b-64b9-4d2e-ab70-03f18f1b00d5","ORNL_002.basePlot.bet","D07","ORNL","ORNL_002","N","2014-06-03","2014-06-16","2014-06-17","2015-01-08","FcwZvbWDjdjoj7fDp6bZ6Qhe/puIAb/Sax2lgHgFRms=","NEON.BET.D07.000219","CYCFUC","Cyclotrachelus fucatus","species","cf. species","Freitag",,"Other",,"nAKPQvGWPz3w50pS9SF/Wg/TlEjgxRE8","EY6DvO8NpI5lJHYW3QnRiw31VQzGQ6ke",
"61ceab15-c2fb-4acd-97d2-e27279ad9eeb","ORNL_032.basePlot.bet","D07","ORNL","ORNL_032","N","2014-06-03","2014-06-16","2014-06-17","2015-01-08","DcTblkLRhlctKT64h1wczowkzE5CSL9vq8A31gITL7Q=","NEON.BET.D07.000025","CHLSP10","Chlaenius sp.","genus",,"Bonelli",,"Other",,"SwQFnZuakvNlojbzbwi0Q7Lk54l+Hztc0cig3HNKUGA=","EY6DvO8NpI5lJHYW3QnRiw31VQzGQ6ke",
"e5e9e51d-12f9-4b64-8401-f27ad1504c10","ORNL_032.basePlot.bet","D07","ORNL","ORNL_032","N","2014-06-03","2014-06-16","2014-06-17","2015-01-08","DcTblkLRhlctKT64h1wcztDYdwFLczcQP7duqxb0NFE=","NEON.BET.D07.000097","SCASP3","Scaphinotus (Nomaretus) sp.","subgenus",,"LeConte",,"Other",,"SwQFnZuakvNlojbzbwi0Q7Lk54l+Hztc0cig3HNKUGA=","EY6DvO8NpI5lJHYW3QnRiw31VQzGQ6ke",
"c464a843-7e30-4a3f-bdb6-4db2d2662e66","ORNL_003.basePlot.bet","D07","ORNL","ORNL_003","N","2014-06-03","2014-06-16","2014-06-17","2015-01-08","952sL8sB3/hPgCSVW0iY/hNQOj7bQIew9c5E5fMeSRE=","NEON.BET.D07.000286","CYCSOD2","Cyclotrachelus sodalis sodalis","subspecies","cf. species","LeConte",,"Other",,"nAKPQvGWPz3w50pS9SF/Wg/TlEjgxRE8","EY6DvO8NpI5lJHYW3QnRiw31VQzGQ6ke",
"23ba7656-6267-480c-b834-04351b81eed0","ORNL_003.basePlot.bet","D07","ORNL","ORNL_003","N","2014-06-03","2014-06-16","2014-06-17","2015-01-08","952sL8sB3/hPgCSVW0iY/jscp60c2qxEiuNgtnRGSPY=","NEON.BET.D07.000132","DICSP5","Dicaelus sp.","genus",,"Bonelli",,"Other",,"SwQFnZuakvNlojbzbwi0Q7Lk54l+Hztc0cig3HNKUGA=","EY6DvO8NpI5lJHYW3QnRiw31VQzGQ6ke",
"63922988-c71f-4b32-9057-697308ad1c1c","ORNL_027.basePlot.bet","D07","ORNL","ORNL_027","N","2014-06-03","2014-06-16","2014-06-17","2015-01-08","di/gYcSB3uASifuksiMwvjJCVBXAIka23dm8Efq8S2Q=","NEON.BET.D07.000100","SPHSTE1","Sphaeroderus stenostomus lecontei","subspecies",,"Dejean",,"Other",,"nAKPQvGWPz3w50pS9SF/Wg/TlEjgxRE8","EY6DvO8NpI5lJHYW3QnRiw31VQzGQ6ke",
"8fced4df-c1d2-447b-9aa0-b3668c505ee5","ORNL_027.basePlot.bet","D07","ORNL","ORNL_027","N","2014-06-03","2014-06-16","2014-06-17","2015-01-08","di/gYcSB3uASifuksiMwvsUqI/m2eE4VMlwN3AtshIU=","NEON.BET.D07.000017","CHLSP10","Chlaenius sp.","genus",,"Bonelli",,"Other",,"SwQFnZuakvNlojbzbwi0Q7Lk54l+Hztc0cig3HNKUGA=","EY6DvO8NpI5lJHYW3QnRiw31VQzGQ6ke",
"f511cab2-7a0f-409f-8fbd-16271537289b","ORNL_006.basePlot.bet","D07","ORNL","ORNL_006","N","2014-06-03","2014-06-16","2014-06-17","2015-01-08","XUOG9+A5sIM2AutjsFun4wDcQluwZ20id09rrz8Irq0=","NEON.BET.D07.000191","CYCFUC","Cyclotrachelus fucatus","species","cf. species","Freitag",,"Other",,"nAKPQvGWPz3w50pS9SF/Wg/TlEjgxRE8","EY6DvO8NpI5lJHYW3QnRiw31VQzGQ6ke",
"3213a2f2-b1e0-49fb-a791-d3d58ee6758a","ORNL_027.basePlot.bet","D07","ORNL","ORNL_027","N","2014-06-03","2014-06-16","2014-06-17","2015-01-08","di/gYcSB3uASifuksiMwvsUqI/m2eE4VMlwN3AtshIU=","NEON.BET.D07.000020","CHLSP10","Chlaenius sp.","genus",,"Bonelli",,"Other",,"SwQFnZuakvNlojbzbwi0Q7Lk54l+Hztc0cig3HNKUGA=","EY6DvO8NpI5lJHYW3QnRiw31VQzGQ6ke",
"45660f27-5cbb-4ed7-8d5b-71e45b0bc661","ORNL_027.basePlot.bet","D07","ORNL","ORNL_027","N","2014-06-03","2014-06-16","2014-06-17","2015-01-08","di/gYcSB3uASifuksiMwvsUqI/m2eE4VMlwN3AtshIU=","NEON.BET.D07.000018","CHLSP10","Chlaenius sp.","genus",,"Bonelli",,"Other",,"SwQFnZuakvNlojbzbwi0Q7Lk54l+Hztc0cig3HNKUGA=","EY6DvO8NpI5lJHYW3QnRiw31VQzGQ6ke",
"50bd3c02-2fcb-480d-8102-94608ad8069b","ORNL_027.basePlot.bet","D07","ORNL","ORNL_027","N","2014-06-03","2014-06-16","2014-06-17","2015-01-08","di/gYcSB3uASifuksiMwvsUqI/m2eE4VMlwN3AtshIU=","NEON.BET.D07.000019","CHLSP10","Chlaenius sp.","genus",,"Bonelli",,"Other",,"SwQFnZuakvNlojbzbwi0Q7Lk54l+Hztc0cig3HNKUGA=","EY6DvO8NpI5lJHYW3QnRiw31VQzGQ6ke",
"e1ae126b-9312-4e7c-894a-a35b87dcda20","ORNL_006.basePlot.bet","D07","ORNL","ORNL_006","S","2014-06-03","2014-06-16","2014-06-17","2015-01-08","XUOG9+A5sIO+WCCWVG2uYe1BfTKxMK8MoWpDXJCuuWs=","NEON.BET.D07.000181","CYCFUC","Cyclotrachelus fucatus","species","cf. species","Freitag",,"Other",,"nAKPQvGWPz3w50pS9SF/Wg/TlEjgxRE8","EY6DvO8NpI5lJHYW3QnRiw31VQzGQ6ke",
"7c1d1806-e312-42eb-9d38-dafd3d6e47ca","ORNL_027.basePlot.bet","D07","ORNL","ORNL_027","S","2014-06-03","2014-06-16","2014-06-17","2015-01-08","di/gYcSB3uDc5MxHkX1EfLx8eEr/CV+jdmzTT9nG0YY=","NEON.BET.D07.000507","CARSP14","Carabidae sp.","family",,"Latreille","D07.2014.MorphD","Other",,"nAKPQvGWPz3w50pS9SF/Wg/TlEjgxRE8","EY6DvO8NpI5lJHYW3QnRiw31VQzGQ6ke","shiny, black body with brown legs and ends of elytra"
"af7c24a4-6335-4857-9de7-d39624f0e6a4","ORNL_027.basePlot.bet","D07","ORNL","ORNL_027","S","2014-06-03","2014-06-16","2014-06-17","2015-01-08","di/gYcSB3uDc5MxHkX1EfLx8eEr/CV+jdmzTT9nG0YY=","NEON.BET.D07.000508","CARSP14","Carabidae sp.","family",,"Latreille","D07.2014.MorphD","Other",,"nAKPQvGWPz3w50pS9SF/Wg/TlEjgxRE8","EY6DvO8NpI5lJHYW3QnRiw31VQzGQ6ke","shiny, black body, brown legs and ends of elytra"
"7527b393-51dd-4bba-81b8-ed1ae0d6951e","ORNL_027.basePlot.bet","D07","ORNL","ORNL_027","S","2014-06-03","2014-06-16","2014-06-17","2015-01-08","di/gYcSB3uDc5MxHkX1EfFlHZsQ6QZ0GIo2QKF5mT3I=","NEON.BET.D07.000001","CHLSP10","Chlaenius sp.","genus",,"Bonelli",,"Other",,"SwQFnZuakvNlojbzbwi0Q7Lk54l+Hztc0cig3HNKUGA=","EY6DvO8NpI5lJHYW3QnRiw31VQzGQ6ke",
"f6387e73-ef4a-4236-97cd-dcf433a284f3","ORNL_027.basePlot.bet","D07","ORNL","ORNL_027","S","2014-06-03","2014-06-16","2014-06-17","2015-01-08","di/gYcSB3uDc5MxHkX1EfLx8eEr/CV+jdmzTT9nG0YY=","NEON.BET.D07.000509","CARSP14","Carabidae sp.","family",,"Latreille","D07.2014.MorphD","Other",,"nAKPQvGWPz3w50pS9SF/Wg/TlEjgxRE8","EY6DvO8NpI5lJHYW3QnRiw31VQzGQ6ke","shiny, black body, brown legs and ends of elytra"
"decd31a7-98df-455c-b4f1-ac8cbe2e6f6b","ORNL_027.basePlot.bet","D07","ORNL","ORNL_027","S","2014-06-03","2014-06-16","2014-06-17","2015-01-08","di/gYcSB3uDc5MxHkX1EfFlHZsQ6QZ0GIo2QKF5mT3I=","NEON.BET.D07.000042","CHLSP10","Chlaenius sp.","genus",,"Bonelli",,"Other",,"SwQFnZuakvNlojbzbwi0Q7Lk54l+Hztc0cig3HNKUGA=","EY6DvO8NpI5lJHYW3QnRiw31VQzGQ6ke",
"93cb218f-7c0a-4de5-81af-a26e8b0290e9","ORNL_027.basePlot.bet","D07","ORNL","ORNL_027","S","2014-06-03","2014-06-16","2014-06-17","2015-01-08","di/gYcSB3uDc5MxHkX1EfDUPmJ3sA5veTdIv3s7hUtM=","NEON.BET.D07.000098","SCAUNI1","Scaphinotus unicolor","species",,"Fabricius",,"Other",,"SwQFnZuakvNlojbzbwi0Q7Lk54l+Hztc0cig3HNKUGA=","EY6DvO8NpI5lJHYW3QnRiw31VQzGQ6ke",
"bbc5a22c-c4f7-4271-99fb-888b8a1ba250","ORNL_027.basePlot.bet","D07","ORNL","ORNL_027","S","2014-06-03","2014-06-16","2014-06-17","2015-01-08","di/gYcSB3uDc5MxHkX1EfFlHZsQ6QZ0GIo2QKF5mT3I=","NEON.BET.D07.000043","CHLSP10","Chlaenius sp.","genus",,"Bonelli",,"Other",,"SwQFnZuakvNlojbzbwi0Q7Lk54l+Hztc0cig3HNKUGA=","EY6DvO8NpI5lJHYW3QnRiw31VQzGQ6ke",
"bedd6292-702b-4a3b-9845-efd09c184ea8","ORNL_027.basePlot.bet","D07","ORNL","ORNL_027","S","2014-06-03","2014-06-16","2014-06-17","2015-01-08","di/gYcSB3uDc5MxHkX1EfO4mYZweqGn3g+ZXCl32VzQ=","NEON.BET.D07.000471","CARSP14","Carabidae sp.","family",,"Latreille","D07.2014.MorphA","Other",,"nAKPQvGWPz3w50pS9SF/Wg/TlEjgxRE8","EY6DvO8NpI5lJHYW3QnRiw31VQzGQ6ke","shiny, rounded and boxy pronotum, black"
"762eeca5-8e3d-4fff-bda8-99e0d3ee382f","ORNL_027.basePlot.bet","D07","ORNL","ORNL_027","S","2014-06-03","2014-06-16","2014-06-17","2015-01-08","di/gYcSB3uDc5MxHkX1EfFlHZsQ6QZ0GIo2QKF5mT3I=","NEON.BET.D07.000002","CHLSP10","Chlaenius sp.","genus",,"Bonelli",,"Other",,"SwQFnZuakvNlojbzbwi0Q7Lk54l+Hztc0cig3HNKUGA=","EY6DvO8NpI5lJHYW3QnRiw31VQzGQ6ke",
"7ea03d16-d961-4748-b827-dd177700ddd7","ORNL_032.basePlot.bet","D07","ORNL","ORNL_032","S","2014-06-03","2014-06-16","2014-06-17","2015-01-08","DcTblkLRhle9w0wrJuiIxKC5nnhB8TH3zdlBmHzjh6E=","NEON.BET.D07.000155","CYCFUC","Cyclotrachelus fucatus","species","cf. species","Freitag",,"Other",,"nAKPQvGWPz3w50pS9SF/Wg/TlEjgxRE8","EY6DvO8NpI5lJHYW3QnRiw31VQzGQ6ke",
"b7104148-c0f9-4ec4-8462-6bee3c0a4faf","ORNL_003.basePlot.bet","D07","ORNL","ORNL_003","S","2014-06-03","2014-06-16","2014-06-17","2015-01-08","952sL8sB3/gmKngPwKih2ckrWLU088sF8m2AOOYY1ZU=","NEON.BET.D07.000225","CYCFUC","Cyclotrachelus fucatus","species","cf. species","Freitag",,"Other",,"nAKPQvGWPz3w50pS9SF/Wg/TlEjgxRE8","EY6DvO8NpI5lJHYW3QnRiw31VQzGQ6ke",
"ec159e71-8d20-4dce-a2d5-ae80ac4a1415","ORNL_027.basePlot.bet","D07","ORNL","ORNL_027","W","2014-06-03","2014-06-16","2014-06-17","2015-01-08","di/gYcSB3uBQaKXEjHeU8KFWK58JsuoffwN6dKt2u+0=","NEON.BET.D07.000510","CARSP14","Carabidae sp.","family",,"Latreille","D07.2014.MorphD","Other",,"nAKPQvGWPz3w50pS9SF/Wg/TlEjgxRE8","EY6DvO8NpI5lJHYW3QnRiw31VQzGQ6ke","shiny, black body, brown legs and ends of elytra"
"0a0e2f0b-1dd1-4b26-9658-d6f3434026d4","ORNL_002.basePlot.bet","D07","ORNL","ORNL_002","W","2014-06-03","2014-06-16","2014-06-17","2015-01-08","FcwZvbWDjdiZxgA+A+PAD7SKBGxJrKvKjlMcZvCMLlE=","NEON.BET.D07.000352","PTESP23","Pterostichus sp.","genus",,"Bonelli",,"Other",,"SwQFnZuakvNlojbzbwi0Q7Lk54l+Hztc0cig3HNKUGA=","EY6DvO8NpI5lJHYW3QnRiw31VQzGQ6ke",
"d5bc996d-378e-4806-97b7-71c1f343b6b6","ORNL_027.basePlot.bet","D07","ORNL","ORNL_027","W","2014-06-03","2014-06-16","2014-06-17","2015-01-08","di/gYcSB3uBQaKXEjHeU8CpdX8mQSnpjOpA13Jc+c4Y=","NEON.BET.D07.000085","CYLUNI","Cylindera unipunctata","species",,"Fabricius",,"Other",,"nAKPQvGWPz3w50pS9SF/Wg/TlEjgxRE8","EY6DvO8NpI5lJHYW3QnRiw31VQzGQ6ke",
"69c4ab40-bb49-4044-9f05-4cb4500085d3","ORNL_027.basePlot.bet","D07","ORNL","ORNL_027","W","2014-06-03","2014-06-16","2014-06-17","2015-01-08","di/gYcSB3uBQaKXEjHeU8ALdJ8g30LMAt/cpEDi2w6s=","NEON.BET.D07.000470","CARSP14","Carabidae sp.","family",,"Latreille","D07.2014.MorphA","Other",,"nAKPQvGWPz3w50pS9SF/Wg/TlEjgxRE8","EY6DvO8NpI5lJHYW3QnRiw31VQzGQ6ke","shiny, rounded and boxy pronotum, black"
"0cadc17a-14a9-4d0f-9d64-1b656ca58397","ORNL_032.basePlot.bet","D07","ORNL","ORNL_032","E","2014-06-03","2014-06-16","2014-06-17","2015-01-08","DcTblkLRhlec+GvS3BxY58bfVo2wE8+P0POl5cmG4yc=","NEON.BET.D07.000162","CYCFUC","Cyclotrachelus fucatus","species","cf. species","Freitag",,"Other",,"nAKPQvGWPz3w50pS9SF/Wg/TlEjgxRE8","EY6DvO8NpI5lJHYW3QnRiw31VQzGQ6ke",
"31570dd7-f724-4d3b-9be2-f2564bf816f6","ORNL_021.basePlot.bet","D07","ORNL","ORNL_021","E","2014-06-03","2014-06-17","2014-06-17","2015-01-08","LlqcsvOjN4Dt83E2LbwgnsUHmj0O5CS/HeuddPMlDu0=","NEON.BET.D07.000506","CARSP14","Carabidae sp.","family",,"Latreille","D07.2014.MorphC","Other",,"nAKPQvGWPz3w50pS9SF/Wg/TlEjgxRE8","EY6DvO8NpI5lJHYW3QnRiw31VQzGQ6ke","dull, black, pronotum square on bottom and round on top"
"2d7a129d-b0e9-4270-b653-389f89935407","ORNL_021.basePlot.bet","D07","ORNL","ORNL_021","E","2014-06-03","2014-06-17","2014-06-17","2015-01-08","LlqcsvOjN4Dt83E2Lbwgnrgs7IoiX3a8dY4eJx8i88k=","NEON.BET.D07.000292","ANISP9","Anisodactylus sp.","genus",,"Dejean",,"Other",,"SwQFnZuakvNlojbzbwi0Q7Lk54l+Hztc0cig3HNKUGA=","EY6DvO8NpI5lJHYW3QnRiw31VQzGQ6ke",
"bc542257-235e-4ee9-bb05-65126423d58b","ORNL_021.basePlot.bet","D07","ORNL","ORNL_021","E","2014-06-03","2014-06-17","2014-06-17","2015-01-08","LlqcsvOjN4Dt83E2Lbwgnrgs7IoiX3a8dY4eJx8i88k=","NEON.BET.D07.000290","ANISP9","Anisodactylus sp.","genus",,"Dejean",,"Other",,"nAKPQvGWPz3w50pS9SF/Wg/TlEjgxRE8","EY6DvO8NpI5lJHYW3QnRiw31VQzGQ6ke",
"2124e9eb-6eea-4906-b7a9-b0f16d5dab7a","ORNL_021.basePlot.bet","D07","ORNL","ORNL_021","E","2014-06-03","2014-06-17","2014-06-17","2015-01-08","LlqcsvOjN4Dt83E2Lbwgnrgs7IoiX3a8dY4eJx8i88k=","NEON.BET.D07.000291","ANISP9","Anisodactylus sp.","genus",,"Dejean",,"Other",,"SwQFnZuakvNlojbzbwi0Q7Lk54l+Hztc0cig3HNKUGA=","EY6DvO8NpI5lJHYW3QnRiw31VQzGQ6ke",
"05858f3e-8388-4548-a0f2-ff7407004dfe","ORNL_031.basePlot.bet","D07","ORNL","ORNL_031","N","2014-06-03","2014-06-17","2014-06-17","2015-01-08","G1V5MttZ4JLyxCEPmthBvAIxm0BsEZNlAVb73qmVOoA=","NEON.BET.D07.000082","HARSP7","Harpalus sp.","genus",,"Latreille",,"Other",,"nAKPQvGWPz3w50pS9SF/Wg/TlEjgxRE8","EY6DvO8NpI5lJHYW3QnRiw31VQzGQ6ke",
"337efd88-c813-4d6e-aa2f-d118db96a3be","ORNL_021.basePlot.bet","D07","ORNL","ORNL_021","S","2014-06-03","2014-06-17","2014-06-17","2015-01-08","LlqcsvOjN4Dthg3qJyr9ADoC3xpJ8L/r3IoqiHWQNBo=","NEON.BET.D07.000324","ANISP9","Anisodactylus sp.","genus",,"Dejean",,"Other",,"SwQFnZuakvNlojbzbwi0Q7Lk54l+Hztc0cig3HNKUGA=","EY6DvO8NpI5lJHYW3QnRiw31VQzGQ6ke",
"22a7d1d8-da30-4702-b6a4-38b66cd5b977","ORNL_021.basePlot.bet","D07","ORNL","ORNL_021","S","2014-06-03","2014-06-17","2014-06-17","2015-01-08","LlqcsvOjN4Dthg3qJyr9ADoC3xpJ8L/r3IoqiHWQNBo=","NEON.BET.D07.000325","ANISP9","Anisodactylus sp.","genus",,"Dejean",,"Other",,"SwQFnZuakvNlojbzbwi0Q7Lk54l+Hztc0cig3HNKUGA=","EY6DvO8NpI5lJHYW3QnRiw31VQzGQ6ke",
"9cfd2ad4-1bd0-4c2c-b1d7-7d6b1804e2c5","ORNL_021.basePlot.bet","D07","ORNL","ORNL_021","S","2014-06-03","2014-06-17","2014-06-17","2015-01-08","LlqcsvOjN4Dthg3qJyr9ADoC3xpJ8L/r3IoqiHWQNBo=","NEON.BET.D07.000322","ANISP9","Anisodactylus sp.","genus",,"Dejean",,"Other",,"SwQFnZuakvNlojbzbwi0Q7Lk54l+Hztc0cig3HNKUGA=","EY6DvO8NpI5lJHYW3QnRiw31VQzGQ6ke",
"388eefe0-3df3-4138-b4df-672de8f21100","ORNL_021.basePlot.bet","D07","ORNL","ORNL_021","S","2014-06-03","2014-06-17","2014-06-17","2015-01-08","LlqcsvOjN4Dthg3qJyr9ADoC3xpJ8L/r3IoqiHWQNBo=","NEON.BET.D07.000323","ANISP9","Anisodactylus sp.","genus",,"Dejean",,"Other",,"SwQFnZuakvNlojbzbwi0Q7Lk54l+Hztc0cig3HNKUGA=","EY6DvO8NpI5lJHYW3QnRiw31VQzGQ6ke",
"5cd6a5d2-9163-4190-b3ca-3bc4bf07d957","ORNL_021.basePlot.bet","D07","ORNL","ORNL_021","S","2014-06-03","2014-06-17","2014-06-17","2015-01-08","LlqcsvOjN4Dthg3qJyr9ADoC3xpJ8L/r3IoqiHWQNBo=","NEON.BET.D07.000293","ANISP9","Anisodactylus sp.","genus",,"Dejean",,"Other",,"SwQFnZuakvNlojbzbwi0Q7Lk54l+Hztc0cig3HNKUGA=","EY6DvO8NpI5lJHYW3QnRiw31VQzGQ6ke",
"b46d1412-4d2d-4695-a77a-ca95aa877d3b","ORNL_029.basePlot.bet","D07","ORNL","ORNL_029","S","2014-06-03","2014-06-17","2014-06-17","2015-01-08","7LdWMHVTMySEsnC6pdN9Gt0osVg0rZGnkys/iAvCJkw=","NEON.BET.D07.000283","CYCSOD2","Cyclotrachelus sodalis sodalis","subspecies","cf. species","LeConte",,"Other",,"nAKPQvGWPz3w50pS9SF/Wg/TlEjgxRE8","EY6DvO8NpI5lJHYW3QnRiw31VQzGQ6ke",
"97f606b5-5258-49ac-89ba-287f6e0a580f","ORNL_029.basePlot.bet","D07","ORNL","ORNL_029","S","2014-06-03","2014-06-17","2014-06-17","2015-01-08","7LdWMHVTMySEsnC6pdN9Gp0tvMuHiapF7cNiH4QZ9G0=","NEON.BET.D07.000178","CYCFUC","Cyclotrachelus fucatus","species","cf. species","Freitag",,"Other",,"nAKPQvGWPz3w50pS9SF/Wg/TlEjgxRE8","EY6DvO8NpI5lJHYW3QnRiw31VQzGQ6ke",
"4dd59a0d-f901-4051-98b6-517e08d8907c","ORNL_031.basePlot.bet","D07","ORNL","ORNL_031","S","2014-06-03","2014-06-17","2014-06-17","2015-01-08","G1V5MttZ4JI0Q5tVqK+OMHdWbIGCxMngq2kXd2zLe7Q=","NEON.BET.D07.000338","ANISP9","Anisodactylus sp.","genus",,"Dejean",,"Other",,"SwQFnZuakvNlojbzbwi0Q7Lk54l+Hztc0cig3HNKUGA=","EY6DvO8NpI5lJHYW3QnRiw31VQzGQ6ke",
"47b2fe50-4ee6-4767-b1dd-c9ae3337cda5","ORNL_031.basePlot.bet","D07","ORNL","ORNL_031","S","2014-06-03","2014-06-17","2014-06-17","2015-01-08","G1V5MttZ4JI0Q5tVqK+OMHdWbIGCxMngq2kXd2zLe7Q=","NEON.BET.D07.000339","ANISP9","Anisodactylus sp.","genus",,"Dejean",,"Other",,"SwQFnZuakvNlojbzbwi0Q7Lk54l+Hztc0cig3HNKUGA=","EY6DvO8NpI5lJHYW3QnRiw31VQzGQ6ke",
"8690825f-c965-42d2-b18a-f146988e0448","ORNL_021.basePlot.bet","D07","ORNL","ORNL_021","W","2014-06-03","2014-06-17","2014-06-17","2015-01-08","LlqcsvOjN4Ahhe348f8byoAjjz4FVxoxiLyo3g7wMZk=","NEON.BET.D07.000511","CARSP14","Carabidae sp.","family",,"Latreille","D07.2014.MorphE","Other",,"nAKPQvGWPz3w50pS9SF/Wg/TlEjgxRE8","EY6DvO8NpI5lJHYW3QnRiw31VQzGQ6ke","very small, brown, pronotum squared at bottom and rounded at top"
"272860ef-f2a0-4a05-be17-3f956c959abe","ORNL_021.basePlot.bet","D07","ORNL","ORNL_021","W","2014-06-03","2014-06-17","2014-06-17","2015-01-08","LlqcsvOjN4Ahhe348f8byisUXjPEgKhHBBuWvgjvBSw=","NEON.BET.D07.000118","DICSP5","Dicaelus sp.","genus",,"Bonelli",,"Other",,"SwQFnZuakvNlojbzbwi0Q7Lk54l+Hztc0cig3HNKUGA=","EY6DvO8NpI5lJHYW3QnRiw31VQzGQ6ke",
"95ce2a8e-4d36-4f90-8e91-5983bd60b589","ORNL_021.basePlot.bet","D07","ORNL","ORNL_021","W","2014-06-03","2014-06-17","2014-06-17","2015-01-08","LlqcsvOjN4Ahhe348f8byoAjjz4FVxoxOBJDT8GJtdM=","NEON.BET.D07.000505","CARSP14","Carabidae sp.","family",,"Latreille","D07.2014.MorphC","Other",,"nAKPQvGWPz3w50pS9SF/Wg/TlEjgxRE8","EY6DvO8NpI5lJHYW3QnRiw31VQzGQ6ke","dull, black, pronotum square on bottom and round on top"
"ffe44559-d718-4031-98a9-2edb3f4727a1","ORNL_021.basePlot.bet","D07","ORNL","ORNL_021","W","2014-06-03","2014-06-17","2014-06-17","2015-01-08","LlqcsvOjN4Ahhe348f8bytd6NBJiXR/uz+ky2qOcYSk=","NEON.BET.D07.000320","ANISP9","Anisodactylus sp.","genus",,"Dejean",,"Other",,"SwQFnZuakvNlojbzbwi0Q7Lk54l+Hztc0cig3HNKUGA=","EY6DvO8NpI5lJHYW3QnRiw31VQzGQ6ke",
"e7254fac-7cc8-4518-a662-3f108571e53a","ORNL_021.basePlot.bet","D07","ORNL","ORNL_021","W","2014-06-03","2014-06-17","2014-06-17","2015-01-08","LlqcsvOjN4Ahhe348f8bytd6NBJiXR/uz+ky2qOcYSk=","NEON.BET.D07.000321","ANISP9","Anisodactylus sp.","genus",,"Dejean",,"Other",,"SwQFnZuakvNlojbzbwi0Q7Lk54l+Hztc0cig3HNKUGA=","EY6DvO8NpI5lJHYW3QnRiw31VQzGQ6ke",
"249b58dc-5fb5-433a-acc4-fdb5996fe465","ORNL_021.basePlot.bet","D07","ORNL","ORNL_021","W","2014-06-03","2014-06-17","2014-06-17","2015-01-08","LlqcsvOjN4Ahhe348f8byisUXjPEgKhHBBuWvgjvBSw=","NEON.BET.D07.000117","DICSP5","Dicaelus sp.","genus",,"Bonelli",,"Other",,"SwQFnZuakvNlojbzbwi0Q7Lk54l+Hztc0cig3HNKUGA=","EY6DvO8NpI5lJHYW3QnRiw31VQzGQ6ke",
"bcc48710-6849-47b3-be1c-b39109ad01fe","ORNL_027.basePlot.bet","D07","ORNL","ORNL_027","S","2014-06-16","2014-06-30","2014-07-01","2015-01-08","di/gYcSB3uDc5MxHkX1EfGFdmQjJz70vupzjjauNPGA=","NEON.BET.D07.000038","CHLSP10","Chlaenius sp.","genus",,"Bonelli",,"Other",,"SwQFnZuakvNlojbzbwi0Q7Lk54l+Hztc0cig3HNKUGA=","EY6DvO8NpI5lJHYW3QnRiw31VQzGQ6ke",
"1cf6c3cf-9885-49b3-9e3d-3ca31705bd15","ORNL_027.basePlot.bet","D07","ORNL","ORNL_027","S","2014-06-16","2014-06-30","2014-07-01","2015-01-08","di/gYcSB3uDc5MxHkX1EfKeTCRdglGXRE9lYSWLeO3s=","NEON.BET.D07.000488","CARSP14","Carabidae sp.","family",,"Latreille","D07.2014.MorphB","Other",,"nAKPQvGWPz3w50pS9SF/Wg/TlEjgxRE8","EY6DvO8NpI5lJHYW3QnRiw31VQzGQ6ke","black, shiny. pronotum square on bottom and more rounded on top"
"4c3e6f5a-d677-4f94-b484-57c1200b8580","ORNL_032.basePlot.bet","D07","ORNL","ORNL_032","W","2014-06-16","2014-06-30","2014-07-01","2015-01-08","DcTblkLRhlewiKLiNsBV9RgC0Ta3YfhxyOCqzRo071o=","NEON.BET.D07.000170","CYCFUC","Cyclotrachelus fucatus","species","cf. species","Freitag",,"Other",,"SwQFnZuakvNlojbzbwi0Q7Lk54l+Hztc0cig3HNKUGA=","EY6DvO8NpI5lJHYW3QnRiw31VQzGQ6ke",
"3cfae069-1dcc-40c1-b7c8-6fd95b0cfc87","ORNL_027.basePlot.bet","D07","ORNL","ORNL_027","W","2014-06-16","2014-06-30","2014-07-01","2015-01-08","di/gYcSB3uBQaKXEjHeU8Cs0BDHUXw51yvOo0ywVxWI=","NEON.BET.D07.000131","DICSP5","Dicaelus sp.","genus",,"Bonelli",,"Other",,"SwQFnZuakvNlojbzbwi0Q7Lk54l+Hztc0cig3HNKUGA=","EY6DvO8NpI5lJHYW3QnRiw31VQzGQ6ke",
"4ef57b53-b6b4-40f7-91e2-7a09c5bbe020","ORNL_002.basePlot.bet","D07","ORNL","ORNL_002","W","2014-06-16","2014-06-30","2014-07-01","2015-01-08","FcwZvbWDjdiZxgA+A+PAD0BZb5KQx2zyH2WN2nloCQ4=","NEON.BET.D07.000149","DICSP5","Dicaelus sp.","genus",,"Bonelli",,"Other",,"SwQFnZuakvNlojbzbwi0Q7Lk54l+Hztc0cig3HNKUGA=","EY6DvO8NpI5lJHYW3QnRiw31VQzGQ6ke",
"d950c82e-63bd-48e2-924f-48c62ef1a163","ORNL_002.basePlot.bet","D07","ORNL","ORNL_002","W","2014-06-16","2014-06-30","2014-07-01","2015-01-08","FcwZvbWDjdiZxgA+A+PADxoFtAFbcFhTgf3uogT7QvY=","NEON.BET.D07.000221","CYCFUC","Cyclotrachelus fucatus","species","cf. species","Freitag",,"Other",,"nAKPQvGWPz3w50pS9SF/Wg/TlEjgxRE8","EY6DvO8NpI5lJHYW3QnRiw31VQzGQ6ke",
"c9af3d59-f070-4ef8-a5d9-c10ad539a97f","ORNL_002.basePlot.bet","D07","ORNL","ORNL_002","W","2014-06-16","2014-06-30","2014-07-01","2015-01-08","FcwZvbWDjdiZxgA+A+PAD0BZb5KQx2zyH2WN2nloCQ4=","NEON.BET.D07.000147","DICSP5","Dicaelus sp.","genus",,"Bonelli",,"Other",,"SwQFnZuakvNlojbzbwi0Q7Lk54l+Hztc0cig3HNKUGA=","EY6DvO8NpI5lJHYW3QnRiw31VQzGQ6ke",
"87c32bf2-65a9-474c-8f75-3dd05a9f5181","ORNL_001.basePlot.bet","D07","ORNL","ORNL_001","W","2014-06-16","2014-06-30","2014-07-01","2015-01-08","1iGudFvILgmGq9ZwnrQSvZvEKoS01WHexnPqT3bJBfw=","NEON.BET.D07.000215","CYCFUC","Cyclotrachelus fucatus","species","cf. species","Freitag",,"Other",,"nAKPQvGWPz3w50pS9SF/Wg/TlEjgxRE8","EY6DvO8NpI5lJHYW3QnRiw31VQzGQ6ke",
"c2f7253d-8f45-4c1e-a9d8-1861943ec81c","ORNL_027.basePlot.bet","D07","ORNL","ORNL_027","E","2014-06-16","2014-06-30","2014-07-01","2015-01-08","di/gYcSB3uBrVsec72T1UzDyP3y6YVGqPPWzdcws3OE=","NEON.BET.D07.000023","CHLSP10","Chlaenius sp.","genus",,"Bonelli",,"Other",,"SwQFnZuakvNlojbzbwi0Q7Lk54l+Hztc0cig3HNKUGA=","EY6DvO8NpI5lJHYW3QnRiw31VQzGQ6ke",
"bbd50ef1-e13e-4739-9b47-1033f9f94c4b","ORNL_027.basePlot.bet","D07","ORNL","ORNL_027","E","2014-06-16","2014-06-30","2014-07-01","2015-01-08","di/gYcSB3uBrVsec72T1U+cpY7zy6Opwzady0tCdYRY=","NEON.BET.D07.000490","CARSP14","Carabidae sp.","family",,"Latreille","D07.2014.MorphB","Other",,"nAKPQvGWPz3w50pS9SF/Wg/TlEjgxRE8","EY6DvO8NpI5lJHYW3QnRiw31VQzGQ6ke","black, shiny. pronotum square on bottom and more rounded on top"
"d865c157-60a7-4639-8161-6c96f3d2f7f5","ORNL_006.basePlot.bet","D07","ORNL","ORNL_006","N","2014-06-16","2014-06-30","2014-07-01","2015-01-08","XUOG9+A5sIM2AutjsFun41G+i4FqMM6DNbAZt3BlMIo=","NEON.BET.D07.000189","CYCFUC","Cyclotrachelus fucatus","species","cf. species","Freitag",,"Other",,"nAKPQvGWPz3w50pS9SF/Wg/TlEjgxRE8","EY6DvO8NpI5lJHYW3QnRiw31VQzGQ6ke",
"a7d609b9-f375-422c-8df7-bf9685c52851","ORNL_006.basePlot.bet","D07","ORNL","ORNL_006","N","2014-06-16","2014-06-30","2014-07-01","2015-01-08","XUOG9+A5sIM2AutjsFun41G+i4FqMM6DNbAZt3BlMIo=","NEON.BET.D07.000183","CYCFUC","Cyclotrachelus fucatus","species","cf. species","Freitag",,"Other",,"nAKPQvGWPz3w50pS9SF/Wg/TlEjgxRE8","EY6DvO8NpI5lJHYW3QnRiw31VQzGQ6ke",
"e31ceb27-0cbe-4291-a183-84d74eba3bb0","ORNL_006.basePlot.bet","D07","ORNL","ORNL_006","N","2014-06-16","2014-06-30","2014-07-01","2015-01-08","XUOG9+A5sIM2AutjsFun41G+i4FqMM6DNbAZt3BlMIo=","NEON.BET.D07.000184","CYCFUC","Cyclotrachelus fucatus","species","cf. species","Freitag",,"Other",,"nAKPQvGWPz3w50pS9SF/Wg/TlEjgxRE8","EY6DvO8NpI5lJHYW3QnRiw31VQzGQ6ke",
"4e57357d-9b66-42b9-8e57-7f8a35c873ee","ORNL_006.basePlot.bet","D07","ORNL","ORNL_006","N","2014-06-16","2014-06-30","2014-07-01","2015-01-08","XUOG9+A5sIM2AutjsFun41G+i4FqMM6DNbAZt3BlMIo=","NEON.BET.D07.000185","CYCFUC","Cyclotrachelus fucatus","species","cf. species","Freitag",,"Other",,"nAKPQvGWPz3w50pS9SF/Wg/TlEjgxRE8","EY6DvO8NpI5lJHYW3QnRiw31VQzGQ6ke",
"938c8c02-babb-4691-a8ba-c442e68ac4fe","ORNL_001.basePlot.bet","D07","ORNL","ORNL_001","N","2014-06-16","2014-06-30","2014-07-01","2015-01-08","1iGudFvILgktiAfxi1KZS5eqQ5gsi5ndNnZWjyYlIu0=","NEON.BET.D07.000349","PTESP23","Pterostichus sp.","genus",,"Bonelli",,"Other",,"SwQFnZuakvNlojbzbwi0Q7Lk54l+Hztc0cig3HNKUGA=","EY6DvO8NpI5lJHYW3QnRiw31VQzGQ6ke",
"dd1359fa-70e4-4da9-b0bd-0b9e89dd65be","ORNL_001.basePlot.bet","D07","ORNL","ORNL_001","N","2014-06-16","2014-06-30","2014-07-01","2015-01-08","1iGudFvILgktiAfxi1KZS5eqQ5gsi5ndNnZWjyYlIu0=","NEON.BET.D07.000350","PTESP23","Pterostichus sp.","genus",,"Bonelli",,"Other",,"SwQFnZuakvNlojbzbwi0Q7Lk54l+Hztc0cig3HNKUGA=","EY6DvO8NpI5lJHYW3QnRiw31VQzGQ6ke",
"2c0cc1f8-1bf0-4733-be40-5450b8091c99","ORNL_002.basePlot.bet","D07","ORNL","ORNL_002","N","2014-06-16","2014-06-30","2014-07-01","2015-01-08","FcwZvbWDjdjoj7fDp6bZ6eTyJstaOGdy/wm7QESGKd8=","NEON.BET.D07.000441","GALJAN","Galerita janus","species","cf. species","Fabricius",,"Other",,"nAKPQvGWPz3w50pS9SF/Wg/TlEjgxRE8","EY6DvO8NpI5lJHYW3QnRiw31VQzGQ6ke",
"c75ccd59-a15c-46a0-932f-3bd9b515da78","ORNL_001.basePlot.bet","D07","ORNL","ORNL_001","N","2014-06-16","2014-06-30","2014-07-01","2015-01-08","1iGudFvILgktiAfxi1KZS2b+O9dpAvmQnpxjxRe/Vl0=","NEON.BET.D07.000209","CYCFUC","Cyclotrachelus fucatus","species","cf. species","Freitag",,"Other",,"nAKPQvGWPz3w50pS9SF/Wg/TlEjgxRE8","EY6DvO8NpI5lJHYW3QnRiw31VQzGQ6ke",
"e5d60364-f596-42c5-b2f4-f636b03ec550","ORNL_027.basePlot.bet","D07","ORNL","ORNL_027","N","2014-06-16","2014-06-30","2014-07-01","2015-01-08","di/gYcSB3uASifuksiMwvl37jsXVg54vMW8Fe8ZT4Kw=","NEON.BET.D07.000489","CARSP14","Carabidae sp.","family",,"Latreille","D07.2014.MorphB","Other",,"nAKPQvGWPz3w50pS9SF/Wg/TlEjgxRE8","EY6DvO8NpI5lJHYW3QnRiw31VQzGQ6ke","black, shiny. pronotum square on bottom and more rounded on top"
"6a1f3532-68a6-4b4b-a830-7ff1cb2c6955","ORNL_027.basePlot.bet","D07","ORNL","ORNL_027","N","2014-06-16","2014-06-30","2014-07-01","2015-01-08","di/gYcSB3uASifuksiMwvk0IKa6/VdiOvyt1rh5xm54=","NEON.BET.D07.000376","PTESP23","Pterostichus sp.","genus",,"Bonelli",,"Other",,"SwQFnZuakvNlojbzbwi0Q7Lk54l+Hztc0cig3HNKUGA=","EY6DvO8NpI5lJHYW3QnRiw31VQzGQ6ke",
"03810da4-43e2-455a-a601-158d5a13a1bf","ORNL_003.basePlot.bet","D07","ORNL","ORNL_003","N","2014-06-16","2014-06-30","2014-07-01","2015-01-08","952sL8sB3/hPgCSVW0iY/tecEaKoxZY3jxnVW6tNVx0=","NEON.BET.D07.000024","CHLSP10","Chlaenius sp.","genus",,"Bonelli",,"Other",,"SwQFnZuakvNlojbzbwi0Q7Lk54l+Hztc0cig3HNKUGA=","EY6DvO8NpI5lJHYW3QnRiw31VQzGQ6ke",
"974250d1-2b8d-49cf-9bed-d2cd6c7e06a9","ORNL_003.basePlot.bet","D07","ORNL","ORNL_003","N","2014-06-16","2014-06-30","2014-07-01","2015-01-08","952sL8sB3/hPgCSVW0iY/h500biipCytEFGBBasKEB0=","NEON.BET.D07.000109","DICSP5","Dicaelus sp.","genus",,"Bonelli",,"Other",,"SwQFnZuakvNlojbzbwi0Q7Lk54l+Hztc0cig3HNKUGA=","EY6DvO8NpI5lJHYW3QnRiw31VQzGQ6ke",
"a1d20f64-4575-4260-8efb-6d3023173947","ORNL_032.basePlot.bet","D07","ORNL","ORNL_032","N","2014-06-16","2014-06-30","2014-07-01","2015-01-08","DcTblkLRhlctKT64h1wczvMmLgq9D4H517/pZhWQP3A=","NEON.BET.D07.000021","CHLSP10","Chlaenius sp.","genus",,"Bonelli",,"Other",,"SwQFnZuakvNlojbzbwi0Q7Lk54l+Hztc0cig3HNKUGA=","EY6DvO8NpI5lJHYW3QnRiw31VQzGQ6ke",
"5459bbe8-b3cc-4d78-b71a-94e2d1f12a08","ORNL_001.basePlot.bet","D07","ORNL","ORNL_001","N","2014-06-16","2014-06-30","2014-07-01","2015-01-08","1iGudFvILgktiAfxi1KZS2b+O9dpAvmQnpxjxRe/Vl0=","NEON.BET.D07.000207","CYCFUC","Cyclotrachelus fucatus","species","cf. species","Freitag",,"Other",,"nAKPQvGWPz3w50pS9SF/Wg/TlEjgxRE8","EY6DvO8NpI5lJHYW3QnRiw31VQzGQ6ke",
"8600cf0b-ce5a-4d9c-8d5f-17ebfa02df6a","ORNL_001.basePlot.bet","D07","ORNL","ORNL_001","N","2014-06-16","2014-06-30","2014-07-01","2015-01-08","1iGudFvILgktiAfxi1KZS2b+O9dpAvmQnpxjxRe/Vl0=","NEON.BET.D07.000210","CYCFUC","Cyclotrachelus fucatus","species","cf. species","Freitag",,"Other",,"nAKPQvGWPz3w50pS9SF/Wg/TlEjgxRE8","EY6DvO8NpI5lJHYW3QnRiw31VQzGQ6ke",
"7fd70bfd-512c-401b-a6d1-84c2970d9f30","ORNL_001.basePlot.bet","D07","ORNL","ORNL_001","N","2014-06-16","2014-06-30","2014-07-01","2015-01-08","1iGudFvILgktiAfxi1KZS2b+O9dpAvmQnpxjxRe/Vl0=","NEON.BET.D07.000208","CYCFUC","Cyclotrachelus fucatus","species","cf. species","Freitag",,"Other",,"nAKPQvGWPz3w50pS9SF/Wg/TlEjgxRE8","EY6DvO8NpI5lJHYW3QnRiw31VQzGQ6ke",
"adb03e1c-6623-48f6-876b-d0c6bdb9758d","ORNL_002.basePlot.bet","D07","ORNL","ORNL_002","N","2014-06-16","2014-06-30","2014-07-01","2015-01-08","FcwZvbWDjdjoj7fDp6bZ6Zh/aVXx9ERFCgEbvqfcsNc=","NEON.BET.D07.000134","DICSP5","Dicaelus sp.","genus",,"Bonelli",,"Other",,"SwQFnZuakvNlojbzbwi0Q7Lk54l+Hztc0cig3HNKUGA=","EY6DvO8NpI5lJHYW3QnRiw31VQzGQ6ke",
"f768168d-af5e-4da5-8573-99cf7b280f71","ORNL_002.basePlot.bet","D07","ORNL","ORNL_002","N","2014-06-16","2014-06-30","2014-07-01","2015-01-08","FcwZvbWDjdjoj7fDp6bZ6dC4SxfH/4MS2iYX90oAziE=","NEON.BET.D07.000099","MYASP1","Myas sp.","genus",,"Sturm",,"Other",,"SwQFnZuakvNlojbzbwi0Q7Lk54l+Hztc0cig3HNKUGA=","EY6DvO8NpI5lJHYW3QnRiw31VQzGQ6ke",
"e1f21c1b-a77e-4a8e-acb4-1d06ef0623d9","ORNL_006.basePlot.bet","D07","ORNL","ORNL_006","S","2014-06-16","2014-06-30","2014-07-01","2015-01-08","XUOG9+A5sIO+WCCWVG2uYTfJ5kry3LPVHPb+oDAuY2o=","NEON.BET.D07.000195","CYCFUC","Cyclotrachelus fucatus","species","cf. species","Freitag",,"Other",,"nAKPQvGWPz3w50pS9SF/Wg/TlEjgxRE8","EY6DvO8NpI5lJHYW3QnRiw31VQzGQ6ke",
"877c5003-908f-44da-b760-98ebaf41899b","ORNL_006.basePlot.bet","D07","ORNL","ORNL_006","S","2014-06-16","2014-06-30","2014-07-01","2015-01-08","XUOG9+A5sIO+WCCWVG2uYcoXHFiM8z1Nrvp1bizuoC4=","NEON.BET.D07.000447","GALJAN","Galerita janus","species","cf. species","Fabricius",,"Other",,"nAKPQvGWPz3w50pS9SF/Wg/TlEjgxRE8","EY6DvO8NpI5lJHYW3QnRiw31VQzGQ6ke",
"da61e35c-9f3c-443f-bd6c-f8bb7135daf4","ORNL_006.basePlot.bet","D07","ORNL","ORNL_006","S","2014-06-16","2014-06-30","2014-07-01","2015-01-08","XUOG9+A5sIO+WCCWVG2uYcygUxmJR2BWiCAHlZhPovo=","NEON.BET.D07.000130","DICSP5","Dicaelus sp.","genus",,"Bonelli",,"Other",,"SwQFnZuakvNlojbzbwi0Q7Lk54l+Hztc0cig3HNKUGA=","EY6DvO8NpI5lJHYW3QnRiw31VQzGQ6ke",
"b76d2e1d-66d9-468c-abd8-5d401fb41e27","ORNL_006.basePlot.bet","D07","ORNL","ORNL_006","S","2014-06-16","2014-06-30","2014-07-01","2015-01-08","XUOG9+A5sIO+WCCWVG2uYQz9v/Eyd4bYKg5nfnEyQa0=","NEON.BET.D07.000247","CYCSOD2","Cyclotrachelus sodalis sodalis","subspecies","cf. species","LeConte",,"Other",,"nAKPQvGWPz3w50pS9SF/Wg/TlEjgxRE8","EY6DvO8NpI5lJHYW3QnRiw31VQzGQ6ke",
"17720cc9-ec86-4938-9d16-29d368ca0c46","ORNL_006.basePlot.bet","D07","ORNL","ORNL_006","S","2014-06-16","2014-06-30","2014-07-01","2015-01-08","XUOG9+A5sIO+WCCWVG2uYTfJ5kry3LPVHPb+oDAuY2o=","NEON.BET.D07.000193","CYCFUC","Cyclotrachelus fucatus","species","cf. species","Freitag",,"Other",,"nAKPQvGWPz3w50pS9SF/Wg/TlEjgxRE8","EY6DvO8NpI5lJHYW3QnRiw31VQzGQ6ke",
"80dd65c0-6bf1-40d5-8187-057b69c83474","ORNL_027.basePlot.bet","D07","ORNL","ORNL_027","S","2014-06-16","2014-06-30","2014-07-01","2015-01-08","di/gYcSB3uDc5MxHkX1EfHfiSkgGmEFnZsH1kBt0EL0=","NEON.BET.D07.000472","CARSP14","Carabidae sp.","family",,"Latreille","D07.2014.MorphA","Other",,"nAKPQvGWPz3w50pS9SF/Wg/TlEjgxRE8","EY6DvO8NpI5lJHYW3QnRiw31VQzGQ6ke","shiny, black, rounded-boxy pronotum"
"691dca08-7bcd-4ac5-9664-0e17b1d9d039","ORNL_021.basePlot.bet","D07","ORNL","ORNL_021","E","2014-06-17","2014-06-30","2014-07-01","2015-01-08","LlqcsvOjN4Dt83E2LbwgnvqahKyVnNFTdE1VmXinfBE=","NEON.BET.D07.000326","ANISP9","Anisodactylus sp.","genus",,"Dejean",,"Other",,"SwQFnZuakvNlojbzbwi0Q7Lk54l+Hztc0cig3HNKUGA=","EY6DvO8NpI5lJHYW3QnRiw31VQzGQ6ke",
"b0450d3f-bafb-4d78-84c6-30aa3e2e0d0c","ORNL_029.basePlot.bet","D07","ORNL","ORNL_029","W","2014-06-17","2014-06-30","2014-07-01","2015-01-08","7LdWMHVTMySQyNV+4IwMejhXLwfZZe9Gn7m5Zpth8BM=","NEON.BET.D07.000272","CYCSOD2","Cyclotrachelus sodalis sodalis","subspecies","cf. species","LeConte",,"Other",,"nAKPQvGWPz3w50pS9SF/Wg/TlEjgxRE8","EY6DvO8NpI5lJHYW3QnRiw31VQzGQ6ke",
"27558bbc-cb86-49b8-a39d-2286ffd11928","ORNL_021.basePlot.bet","D07","ORNL","ORNL_021","E","2014-06-17","2014-06-30","2014-07-01","2015-01-08","LlqcsvOjN4Dt83E2LbwgnvqahKyVnNFTdE1VmXinfBE=","NEON.BET.D07.000328","ANISP9","Anisodactylus sp.","genus",,"Dejean",,"Other",,"SwQFnZuakvNlojbzbwi0Q7Lk54l+Hztc0cig3HNKUGA=","EY6DvO8NpI5lJHYW3QnRiw31VQzGQ6ke",
"8b515ebc-a8a9-477c-afa6-c1e68d1b7621","ORNL_029.basePlot.bet","D07","ORNL","ORNL_029","E","2014-06-17","2014-06-30","2014-07-01","2015-01-08","7LdWMHVTMyTGnpRE8+acbhPd4YoC5XTS1jr/AxyCVBM=","NEON.BET.D07.000275","CYCSOD2","Cyclotrachelus sodalis sodalis","subspecies","cf. species","LeConte",,"Other",,"nAKPQvGWPz3w50pS9SF/Wg/TlEjgxRE8","EY6DvO8NpI5lJHYW3QnRiw31VQzGQ6ke",
"6ecfb01d-4851-422a-bb93-98a428bf7a7a","ORNL_029.basePlot.bet","D07","ORNL","ORNL_029","E","2014-06-17","2014-06-30","2014-07-01","2015-01-08","7LdWMHVTMyTGnpRE8+acbl5QIxrSbjKU59+6EYVCcrg=","NEON.BET.D07.000378","PTESP23","Pterostichus sp.","genus",,"Bonelli",,"Other",,"SwQFnZuakvNlojbzbwi0Q7Lk54l+Hztc0cig3HNKUGA=","EY6DvO8NpI5lJHYW3QnRiw31VQzGQ6ke",
"7ab265cd-63b5-455f-bbbd-d143fda6d4ad","ORNL_021.basePlot.bet","D07","ORNL","ORNL_021","E","2014-06-17","2014-06-30","2014-07-01","2015-01-08","LlqcsvOjN4Dt83E2LbwgnvqahKyVnNFTdE1VmXinfBE=","NEON.BET.D07.000298","ANISP9","Anisodactylus sp.","genus",,"Dejean",,"Other",,"SwQFnZuakvNlojbzbwi0Q7Lk54l+Hztc0cig3HNKUGA=","EY6DvO8NpI5lJHYW3QnRiw31VQzGQ6ke",
"c799f393-fc1e-4e3a-a76f-a3e6b625f347","ORNL_021.basePlot.bet","D07","ORNL","ORNL_021","E","2014-06-17","2014-06-30","2014-07-01","2015-01-08","LlqcsvOjN4Dt83E2Lbwgnjat9KQczHHIRkoAGMKOxoo=","NEON.BET.D07.000057","HARSP7","Harpalus sp.","genus",,"Latreille",,"Other",,"nAKPQvGWPz3w50pS9SF/Wg/TlEjgxRE8","EY6DvO8NpI5lJHYW3QnRiw31VQzGQ6ke",
"0f05f7c0-e0d8-40b9-bece-76d0b1dbe3fa","ORNL_021.basePlot.bet","D07","ORNL","ORNL_021","E","2014-06-17","2014-06-30","2014-07-01","2015-01-08","LlqcsvOjN4Dt83E2Lbwgnjat9KQczHHIRkoAGMKOxoo=","NEON.BET.D07.000058","HARSP7","Harpalus sp.","genus",,"Latreille",,"Other",,"nAKPQvGWPz3w50pS9SF/Wg/TlEjgxRE8","EY6DvO8NpI5lJHYW3QnRiw31VQzGQ6ke",
"3f33f70b-f071-4650-af38-1f8cd9a6e413","ORNL_021.basePlot.bet","D07","ORNL","ORNL_021","N","2014-06-17","2014-06-30","2014-07-01","2015-01-08","LlqcsvOjN4BiVKEwjni1b4OLaqYYHYiZ9yfc15ozMHE=","NEON.BET.D07.000299","ANISP9","Anisodactylus sp.","genus",,"Dejean",,"Other",,"SwQFnZuakvNlojbzbwi0Q7Lk54l+Hztc0cig3HNKUGA=","EY6DvO8NpI5lJHYW3QnRiw31VQzGQ6ke",
"63f9a33c-461d-4498-b237-17296fc31b68","ORNL_031.basePlot.bet","D07","ORNL","ORNL_031","N","2014-06-17","2014-06-30","2014-07-01","2015-01-08","G1V5MttZ4JLyxCEPmthBvH8NHT2WRFAmZNGFLZQriQk=","NEON.BET.D07.000313","ANISP9","Anisodactylus sp.","genus",,"Dejean",,"Other",,"SwQFnZuakvNlojbzbwi0Q7Lk54l+Hztc0cig3HNKUGA=","EY6DvO8NpI5lJHYW3QnRiw31VQzGQ6ke",
"5e826113-0d13-44ba-b6e3-afb6d14ab6cd","ORNL_021.basePlot.bet","D07","ORNL","ORNL_021","S","2014-06-17","2014-06-30","2014-07-01","2015-01-08","LlqcsvOjN4Dthg3qJyr9AIYfCmU9dekO70fDZ3w5W3E=","NEON.BET.D07.000294","ANISP9","Anisodactylus sp.","genus",,"Dejean",,"Other",,"SwQFnZuakvNlojbzbwi0Q7Lk54l+Hztc0cig3HNKUGA=","EY6DvO8NpI5lJHYW3QnRiw31VQzGQ6ke",
"dc6b9d9e-e900-4089-85e8-e51afd9fa51a","ORNL_029.basePlot.bet","D07","ORNL","ORNL_029","S","2014-06-17","2014-06-30","2014-07-01","2015-01-08","7LdWMHVTMySEsnC6pdN9GjLwmh8o+XZUAIfsse3PfL4=","NEON.BET.D07.000282","CYCSOD2","Cyclotrachelus sodalis sodalis","subspecies","cf. species","LeConte",,"Other",,"nAKPQvGWPz3w50pS9SF/Wg/TlEjgxRE8","EY6DvO8NpI5lJHYW3QnRiw31VQzGQ6ke",
"b416bbed-487f-4d0b-a725-ff9fc80f0f14","ORNL_029.basePlot.bet","D07","ORNL","ORNL_029","S","2014-06-17","2014-06-30","2014-07-01","2015-01-08","7LdWMHVTMySEsnC6pdN9GjLwmh8o+XZUAIfsse3PfL4=","NEON.BET.D07.000281","CYCSOD2","Cyclotrachelus sodalis sodalis","subspecies","cf. species","LeConte",,"Other",,"nAKPQvGWPz3w50pS9SF/Wg/TlEjgxRE8","EY6DvO8NpI5lJHYW3QnRiw31VQzGQ6ke",
"440439dd-2394-43ba-a221-cb0b7daf3d0b","ORNL_029.basePlot.bet","D07","ORNL","ORNL_029","S","2014-06-17","2014-06-30","2014-07-01","2015-01-08","7LdWMHVTMySEsnC6pdN9GjLwmh8o+XZUAIfsse3PfL4=","NEON.BET.D07.000274","CYCSOD2","Cyclotrachelus sodalis sodalis","subspecies","cf. species","LeConte",,"Other",,"nAKPQvGWPz3w50pS9SF/Wg/TlEjgxRE8","EY6DvO8NpI5lJHYW3QnRiw31VQzGQ6ke",
"0a7a721a-931e-461f-99b3-ec81ae75d520","ORNL_029.basePlot.bet","D07","ORNL","ORNL_029","S","2014-06-17","2014-06-30","2014-07-01","2015-01-08","7LdWMHVTMySEsnC6pdN9GqhMGLIoDLClzoHMg3nAf/k=","NEON.BET.D07.000502","CARSP14","Carabidae sp.","family",,"Latreille","D07.2014.MorphB","Other",,"nAKPQvGWPz3w50pS9SF/Wg/TlEjgxRE8","EY6DvO8NpI5lJHYW3QnRiw31VQzGQ6ke","black, shiny. pronotum square on bottom and more rounded on top"
"f4e85e93-c4d0-435c-b8bd-0ca18bb48a25","ORNL_021.basePlot.bet","D07","ORNL","ORNL_021","S","2014-06-17","2014-06-30","2014-07-01","2015-01-08","LlqcsvOjN4Dthg3qJyr9ALxXC3KBlVSdQFrqJ7qyrEg=","NEON.BET.D07.000460","SCASP12","Scarites sp.","genus",,"Fabricius",,"Other",,"SwQFnZuakvNlojbzbwi0Q7Lk54l+Hztc0cig3HNKUGA=","EY6DvO8NpI5lJHYW3QnRiw31VQzGQ6ke",
"e8fe70d5-82e2-4a9e-94c6-b65735a862f0","ORNL_021.basePlot.bet","D07","ORNL","ORNL_021","S","2014-06-17","2014-06-30","2014-07-01","2015-01-08","LlqcsvOjN4Dthg3qJyr9AIYfCmU9dekO70fDZ3w5W3E=","NEON.BET.D07.000296","ANISP9","Anisodactylus sp.","genus",,"Dejean",,"Other",,"SwQFnZuakvNlojbzbwi0Q7Lk54l+Hztc0cig3HNKUGA=","EY6DvO8NpI5lJHYW3QnRiw31VQzGQ6ke",
"7fcdaaff-211f-4e63-b389-0f5a499e6fa4","ORNL_021.basePlot.bet","D07","ORNL","ORNL_021","S","2014-06-17","2014-06-30","2014-07-01","2015-01-08","LlqcsvOjN4Dthg3qJyr9AIYfCmU9dekO70fDZ3w5W3E=","NEON.BET.D07.000330","ANISP9","Anisodactylus sp.","genus",,"Dejean",,"Other",,"SwQFnZuakvNlojbzbwi0Q7Lk54l+Hztc0cig3HNKUGA=","EY6DvO8NpI5lJHYW3QnRiw31VQzGQ6ke",
"3c1724fb-06fc-4d0f-9a17-952b730a4cfa","ORNL_021.basePlot.bet","D07","ORNL","ORNL_021","S","2014-06-17","2014-06-30","2014-07-01","2015-01-08","LlqcsvOjN4Dthg3qJyr9AIYfCmU9dekO70fDZ3w5W3E=","NEON.BET.D07.000295","ANISP9","Anisodactylus sp.","genus",,"Dejean",,"Other",,"SwQFnZuakvNlojbzbwi0Q7Lk54l+Hztc0cig3HNKUGA=","EY6DvO8NpI5lJHYW3QnRiw31VQzGQ6ke",
"b3b31ceb-89a3-4f2a-90d8-41d770d1e75f","ORNL_029.basePlot.bet","D07","ORNL","ORNL_029","W","2014-06-17","2014-06-30","2014-07-01","2015-01-08","7LdWMHVTMySQyNV+4IwMelp87xRhgxgd1czEE1ib/i8=","NEON.BET.D07.000377","PTESP23","Pterostichus sp.","genus",,"Bonelli",,"Other",,"SwQFnZuakvNlojbzbwi0Q7Lk54l+Hztc0cig3HNKUGA=","EY6DvO8NpI5lJHYW3QnRiw31VQzGQ6ke",
"2ddd0828-d974-4017-9e70-e027bddd3a90","ORNL_029.basePlot.bet","D07","ORNL","ORNL_029","W","2014-06-17","2014-06-30","2014-07-01","2015-01-08","7LdWMHVTMySQyNV+4IwMejhXLwfZZe9Gn7m5Zpth8BM=","NEON.BET.D07.000271","CYCSOD2","Cyclotrachelus sodalis sodalis","subspecies","cf. species","LeConte",,"Other",,"nAKPQvGWPz3w50pS9SF/Wg/TlEjgxRE8","EY6DvO8NpI5lJHYW3QnRiw31VQzGQ6ke",
"81f7a29f-1290-44f5-b92f-78655696bbf0","ORNL_031.basePlot.bet","D07","ORNL","ORNL_031","W","2014-06-17","2014-06-30","2014-07-01","2015-01-08","G1V5MttZ4JJqbrnNbrZm6nbzY4ANxsMrki1WR5UEBI8=","NEON.BET.D07.000312","ANISP9","Anisodactylus sp.","genus",,"Dejean",,"Other",,"SwQFnZuakvNlojbzbwi0Q7Lk54l+Hztc0cig3HNKUGA=","EY6DvO8NpI5lJHYW3QnRiw31VQzGQ6ke",
"d23614f1-c24b-4c16-9420-f20871440fb8","ORNL_031.basePlot.bet","D07","ORNL","ORNL_031","W","2014-06-17","2014-06-30","2014-07-01","2015-01-08","G1V5MttZ4JJqbrnNbrZm6nbzY4ANxsMrki1WR5UEBI8=","NEON.BET.D07.000340","ANISP9","Anisodactylus sp.","genus",,"Dejean",,"Other",,"SwQFnZuakvNlojbzbwi0Q7Lk54l+Hztc0cig3HNKUGA=","EY6DvO8NpI5lJHYW3QnRiw31VQzGQ6ke",
"27a6d703-7278-4d8a-8d73-87e71c949f37","ORNL_029.basePlot.bet","D07","ORNL","ORNL_029","W","2014-06-17","2014-06-30","2014-07-01","2015-01-08","7LdWMHVTMySQyNV+4IwMejhXLwfZZe9Gn7m5Zpth8BM=","NEON.BET.D07.000269","CYCSOD2","Cyclotrachelus sodalis sodalis","subspecies","cf. species","LeConte",,"Other",,"nAKPQvGWPz3w50pS9SF/Wg/TlEjgxRE8","EY6DvO8NpI5lJHYW3QnRiw31VQzGQ6ke",
"77b121e6-cc90-4483-af18-cf95d03de29b","ORNL_029.basePlot.bet","D07","ORNL","ORNL_029","W","2014-06-17","2014-06-30","2014-07-01","2015-01-08","7LdWMHVTMySQyNV+4IwMejhXLwfZZe9Gn7m5Zpth8BM=","NEON.BET.D07.000249","CYCSOD2","Cyclotrachelus sodalis sodalis","subspecies","cf. species","LeConte",,"Other",,"nAKPQvGWPz3w50pS9SF/Wg/TlEjgxRE8","EY6DvO8NpI5lJHYW3QnRiw31VQzGQ6ke",
"ede039da-1bf2-408c-b177-61da8c84ac38","ORNL_021.basePlot.bet","D07","ORNL","ORNL_021","W","2014-06-17","2014-06-30","2014-07-01","2015-01-08","LlqcsvOjN4Ahhe348f8bylituZxEdBdki2ZnaUar5Bk=","NEON.BET.D07.000297","ANISP9","Anisodactylus sp.","genus",,"Dejean",,"Other",,"SwQFnZuakvNlojbzbwi0Q7Lk54l+Hztc0cig3HNKUGA=","EY6DvO8NpI5lJHYW3QnRiw31VQzGQ6ke",
"4836d8a1-f7ef-4a68-8901-b91717cdf8f9","ORNL_021.basePlot.bet","D07","ORNL","ORNL_021","W","2014-06-17","2014-06-30","2014-07-01","2015-01-08","LlqcsvOjN4Ahhe348f8bylituZxEdBdki2ZnaUar5Bk=","NEON.BET.D07.000329","ANISP9","Anisodactylus sp.","genus",,"Dejean",,"Other",,"SwQFnZuakvNlojbzbwi0Q7Lk54l+Hztc0cig3HNKUGA=","EY6DvO8NpI5lJHYW3QnRiw31VQzGQ6ke",
"ee791b76-287d-43dc-b06f-adb2ac5cbe54","ORNL_031.basePlot.bet","D07","ORNL","ORNL_031","W","2014-06-17","2014-06-30","2014-07-01","2015-01-08","G1V5MttZ4JJqbrnNbrZm6nbzY4ANxsMrki1WR5UEBI8=","NEON.BET.D07.000311","ANISP9","Anisodactylus sp.","genus",,"Dejean",,"Other",,"SwQFnZuakvNlojbzbwi0Q7Lk54l+Hztc0cig3HNKUGA=","EY6DvO8NpI5lJHYW3QnRiw31VQzGQ6ke",
"d14182a4-70df-47be-b7ac-8c413ae2305c","ORNL_031.basePlot.bet","D07","ORNL","ORNL_031","W","2014-06-17","2014-06-30","2014-07-01","2015-01-08","G1V5MttZ4JJqbrnNbrZm6svvwXPGj1/wm483djRGVps=","NEON.BET.D07.000459","SCASP12","Scarites sp.","genus",,"Fabricius",,"Other",,"SwQFnZuakvNlojbzbwi0Q7Lk54l+Hztc0cig3HNKUGA=","EY6DvO8NpI5lJHYW3QnRiw31VQzGQ6ke",
"6e7f439c-e156-4ad2-9e5f-991e6a744708","ORNL_029.basePlot.bet","D07","ORNL","ORNL_029","W","2014-06-17","2014-06-30","2014-07-01","2015-01-08","7LdWMHVTMySQyNV+4IwMelp87xRhgxgd1czEE1ib/i8=","NEON.BET.D07.000422","PTESP23","Pterostichus sp.","genus",,"Bonelli",,"Other",,"SwQFnZuakvNlojbzbwi0Q7Lk54l+Hztc0cig3HNKUGA=","EY6DvO8NpI5lJHYW3QnRiw31VQzGQ6ke",
"5afc11d8-69a9-425a-8244-85aa2800d191","ORNL_029.basePlot.bet","D07","ORNL","ORNL_029","W","2014-06-17","2014-06-30","2014-07-01","2015-01-08","7LdWMHVTMySQyNV+4IwMejhXLwfZZe9Gn7m5Zpth8BM=","NEON.BET.D07.000287","CYCSOD2","Cyclotrachelus sodalis sodalis","subspecies","cf. species","LeConte",,"Other",,"nAKPQvGWPz3w50pS9SF/Wg/TlEjgxRE8","EY6DvO8NpI5lJHYW3QnRiw31VQzGQ6ke",
"831a6d96-7a29-4eed-a617-13b4de3539a0","ORNL_029.basePlot.bet","D07","ORNL","ORNL_029","W","2014-06-17","2014-06-30","2014-07-01","2015-01-08","7LdWMHVTMySQyNV+4IwMelp87xRhgxgd1czEE1ib/i8=","NEON.BET.D07.000424","PTESP23","Pterostichus sp.","genus",,"Bonelli",,"Other",,"SwQFnZuakvNlojbzbwi0Q7Lk54l+Hztc0cig3HNKUGA=","EY6DvO8NpI5lJHYW3QnRiw31VQzGQ6ke",
"8ae9a576-5c57-406f-a72b-de5db44816d2","ORNL_029.basePlot.bet","D07","ORNL","ORNL_029","W","2014-06-17","2014-06-30","2014-07-01","2015-01-08","7LdWMHVTMySQyNV+4IwMejhXLwfZZe9Gn7m5Zpth8BM=","NEON.BET.D07.000273","CYCSOD2","Cyclotrachelus sodalis sodalis","subspecies","cf. species","LeConte",,"Other",,"nAKPQvGWPz3w50pS9SF/Wg/TlEjgxRE8","EY6DvO8NpI5lJHYW3QnRiw31VQzGQ6ke",
"34e7ffe1-5111-42b7-a662-ee071ea61edc","ORNL_029.basePlot.bet","D07","ORNL","ORNL_029","W","2014-06-17","2014-06-30","2014-07-01","2015-01-08","7LdWMHVTMySQyNV+4IwMelp87xRhgxgd1czEE1ib/i8=","NEON.BET.D07.000423","PTESP23","Pterostichus sp.","genus",,"Bonelli",,"Other",,"SwQFnZuakvNlojbzbwi0Q7Lk54l+Hztc0cig3HNKUGA=","EY6DvO8NpI5lJHYW3QnRiw31VQzGQ6ke",
"dda559c3-4140-47cc-b62b-8c154c1cd224","ORNL_029.basePlot.bet","D07","ORNL","ORNL_029","W","2014-06-17","2014-06-30","2014-07-01","2015-01-08","7LdWMHVTMySQyNV+4IwMejhXLwfZZe9Gn7m5Zpth8BM=","NEON.BET.D07.000268","CYCSOD2","Cyclotrachelus sodalis sodalis","subspecies","cf. species","LeConte",,"Other",,"nAKPQvGWPz3w50pS9SF/Wg/TlEjgxRE8","EY6DvO8NpI5lJHYW3QnRiw31VQzGQ6ke",
"0b1d3f98-8741-42a3-8ee7-e542c15028a3","ORNL_029.basePlot.bet","D07","ORNL","ORNL_029","W","2014-06-17","2014-06-30","2014-07-01","2015-01-08","7LdWMHVTMySQyNV+4IwMejhXLwfZZe9Gn7m5Zpth8BM=","NEON.BET.D07.000288","CYCSOD2","Cyclotrachelus sodalis sodalis","subspecies","cf. species","LeConte",,"Other",,"nAKPQvGWPz3w50pS9SF/Wg/TlEjgxRE8","EY6DvO8NpI5lJHYW3QnRiw31VQzGQ6ke",
"b2a3ebd1-0ca7-4451-9de0-c4bee6037cc2","ORNL_029.basePlot.bet","D07","ORNL","ORNL_029","W","2014-06-17","2014-06-30","2014-07-01","2015-01-08","7LdWMHVTMySQyNV+4IwMejhXLwfZZe9Gn7m5Zpth8BM=","NEON.BET.D07.000270","CYCSOD2","Cyclotrachelus sodalis sodalis","subspecies","cf. species","LeConte",,"Other",,"nAKPQvGWPz3w50pS9SF/Wg/TlEjgxRE8","EY6DvO8NpI5lJHYW3QnRiw31VQzGQ6ke",
"34770091-a16d-44d5-86d7-80865609876e","ORNL_021.basePlot.bet","D07","ORNL","ORNL_021","E","2014-06-17","2014-06-30","2014-07-01","2015-01-08","LlqcsvOjN4Dt83E2LbwgnvqahKyVnNFTdE1VmXinfBE=","NEON.BET.D07.000327","ANISP9","Anisodactylus sp.","genus",,"Dejean",,"Other",,"SwQFnZuakvNlojbzbwi0Q7Lk54l+Hztc0cig3HNKUGA=","EY6DvO8NpI5lJHYW3QnRiw31VQzGQ6ke",
