uid,namedLocation,domainID,siteID,plotID,setDate,collectDate,identifiedDate,individualID,taxonID,kingdom,phylum,class,order,family,subfamily,tribe,genus,subgenus,specificEpithet,infraspecificEpithet,scientificName,scientificNameAuthorship,taxonRank,identificationQualifier,sex,morphospeciesID,identificationReferences,identifiedBy,laboratoryName,identificationRemarks,sampleCondition,dnaBarcoded,geneticSampleID,remarks
"e658070e-b549-4c28-af37-a283c39af677","CPER_001.basePlot.bet","D10","CPER","CPER_001","2015-05-07","2015-05-21","2017-01-15","NEON.BET.D10.002584","HARELL","Animalia","Arthropoda","Insecta","Coleoptera","Carabidae","Harpalinae","Harpalini","Harpalus","Harpalus","ellipsis",,"Harpalus ellipsis","LeConte","species",,"F",,"Noonan, G. R. 1991. Classification, Cladistics, and Natural History of Native North American Harpalus Latreille (Insecta: Coleoptera: Carabidae: Harpalini), excluding subgenera Glanodes and Pseudophonus.","Kipling Will","Essig Museum of Entomology",,"No known compromise","N",,
"14696247-5480-4406-a140-e3a06cd3fce5","CPER_002.basePlot.bet","D10","CPER","CPER_002","2015-05-07","2015-05-21","2017-01-15","NEON.BET.D10.002570","DISPAR1","Animalia","Arthropoda","Insecta","Coleoptera","Carabidae","Harpalinae","Harpalini","Discoderus",,"parallelus",,"Discoderus parallelus","Haldeman","species",,"M",,"Lindroth, C. H. 1969. The ground-beetles (Carabidae, excl. Cicindelinae) of Canada and Alaska, parts 1-6. Opuscula E. Entomoligiska Sallskapet.","Kipling Will","Essig Museum of Entomology",,"No known compromise","N",,
"12a420f0-b83b-4536-9226-76fddd16df3d","CPER_003.basePlot.bet","D10","CPER","CPER_003","2015-05-07","2015-05-21","2017-01-15","NEON.BET.D10.002574","AMACON3","Animalia","Arthropoda","Insecta","Coleoptera","Carabidae","Harpalinae","Zabrini","Amara","Amara","convexa",,"Amara convexa","LeConte","species",,"M",,"Lindroth, C. H. 1969. The ground-beetles (Carabidae, excl. Cicindelinae) of Canada and Alaska, parts 1-6. Opuscula E. Entomoligiska Sallskapet.","Kipling Will","Essig Museum of Entomology",,"No known compromise","N",,
"e492916e-d58a-46db-aa84-40e8ac197770","CPER_003.basePlot.bet","D10","CPER","CPER_003","2015-05-07","2015-05-21","2017-01-15","NEON.BET.D10.002573","RHASP","Animalia","Arthropoda","Insecta","Coleoptera","Carabidae","Harpalinae","Platynini","Rhadine",,"sp.",,"Rhadine sp.","LeConte","genus",,"M","TKW.2017.MorphA","Arnett Jr., R. H., and M. C. Thomas. 2001. American Beetles Archosemata, Myxophaga, Adephaga, Polyphaga: Staphyliniformia. 1st Vol. (C. Press, Ed.). 1st Ed. Boca Raton, FL.","Kipling Will","Essig Museum of Entomology",,"No known compromise","N",,
"5819ac9d-404a-47e6-94d3-08dce1ccdd99","CPER_004.basePlot.bet","D10","CPER","CPER_004","2015-05-07","2015-05-21","2017-01-15","NEON.BET.D10.002580","DISPAR1","Animalia","Arthropoda","Insecta","Coleoptera","Carabidae","Harpalinae","Harpalini","Discoderus",,"parallelus",,"Discoderus parallelus","Haldeman","species",,"M",,"Lindroth, C. H. 1969. The ground-beetles (Carabidae, excl. Cicindelinae) of Canada and Alaska, parts 1-6. Opuscula E. Entomoligiska Sallskapet.","Kipling Will","Essig Museum of Entomology",,"No known compromise","N",,
"5fb8ea78-26b6-4d46-8e3a-dbb14464adaa","CPER_004.basePlot.bet","D10","CPER","CPER_004","2015-05-07","2015-05-21","2017-01-15","NEON.BET.D10.002581","DISPAR1","Animalia","Arthropoda","Insecta","Coleoptera","Carabidae","Harpalinae","Harpalini","Discoderus",,"parallelus",,"Discoderus parallelus","Haldeman","species",,"M",,"Lindroth, C. H. 1969. The ground-beetles (Carabidae, excl. Cicindelinae) of Canada and Alaska, parts 1-6. Opuscula E. Entomoligiska Sallskapet.","Kipling Will","Essig Museum of Entomology",,"No known compromise","N",,
"5446c8f4-059e-4836-8837-87e0bda23f22","CPER_006.basePlot.bet","D10","CPER","CPER_006","2015-05-07","2015-05-21","2017-01-15","NEON.BET.D10.002596","AMACON2","Animalia","Arthropoda","Insecta","Coleoptera","Carabidae","Harpalinae","Zabrini","Amara","Amara","confusa",,"Amara confusa","LeConte","species",,"F",,"Lindroth, C. H. 1969. The ground-beetles (Carabidae, excl. Cicindelinae) of Canada and Alaska, parts 1-6. Opuscula E. Entomoligiska Sallskapet.","Kipling Will","Essig Museum of Entomology",,"No known compromise","N",,
"95c301ce-36fa-4c6b-97e1-03dba7d1c0a8","CPER_006.basePlot.bet","D10","CPER","CPER_006","2015-05-07","2015-05-21","2017-01-15","NEON.BET.D10.002598","AMACON2","Animalia","Arthropoda","Insecta","Coleoptera","Carabidae","Harpalinae","Zabrini","Amara","Amara","confusa",,"Amara confusa","LeConte","species",,"M",,"Lindroth, C. H. 1969. The ground-beetles (Carabidae, excl. Cicindelinae) of Canada and Alaska, parts 1-6. Opuscula E. Entomoligiska Sallskapet.","Kipling Will","Essig Museum of Entomology",,"No known compromise","N",,
"9de4d94a-3a45-418b-8a99-41e6860fcdc5","CPER_006.basePlot.bet","D10","CPER","CPER_006","2015-05-07","2015-05-21","2017-01-15","NEON.BET.D10.002600","SELPLA","Animalia","Arthropoda","Insecta","Coleoptera","Carabidae","Harpalinae","Harpalini","Selenophorus","Selenophorus","planipennis",,"Selenophorus planipennis","LeConte","species",,"M",,"Lindroth, C. H. 1969. The ground-beetles (Carabidae, excl. Cicindelinae) of Canada and Alaska, parts 1-6. Opuscula E. Entomoligiska Sallskapet.","Kipling Will","Essig Museum of Entomology",,"No known compromise","N",,
"73f571b7-35a4-4bbe-be6b-9c8eed3db0a0","CPER_006.basePlot.bet","D10","CPER","CPER_006","2015-05-07","2015-05-21","2017-01-15","NEON.BET.D10.002587","SELPLA","Animalia","Arthropoda","Insecta","Coleoptera","Carabidae","Harpalinae","Harpalini","Selenophorus","Selenophorus","planipennis",,"Selenophorus planipennis","LeConte","species",,"F",,"Lindroth, C. H. 1969. The ground-beetles (Carabidae, excl. Cicindelinae) of Canada and Alaska, parts 1-6. Opuscula E. Entomoligiska Sallskapet.","Kipling Will","Essig Museum of Entomology",,"No known compromise","N",,
"036fb775-18c2-4faa-a9f2-d83bbf425ca8","CPER_008.basePlot.bet","D10","CPER","CPER_008","2015-05-07","2015-05-21","2017-01-15","NEON.BET.D10.002590","DISPAR1","Animalia","Arthropoda","Insecta","Coleoptera","Carabidae","Harpalinae","Harpalini","Discoderus",,"parallelus",,"Discoderus parallelus","Haldeman","species",,"F",,"Lindroth, C. H. 1969. The ground-beetles (Carabidae, excl. Cicindelinae) of Canada and Alaska, parts 1-6. Opuscula E. Entomoligiska Sallskapet.","Kipling Will","Essig Museum of Entomology",,"No known compromise","N",,
"663d45e3-8062-488f-89f7-090d5ff4fe3d","CPER_009.basePlot.bet","D10","CPER","CPER_009","2015-05-07","2015-05-21","2017-01-15","NEON.BET.D10.002589","CRADUB","Animalia","Arthropoda","Insecta","Coleoptera","Carabidae","Harpalinae","Harpalini","Cratacanthus",,"dubius",,"Cratacanthus dubius","Palisot de Beauvois","species",,"F",,"Lindroth, C. H. 1969. The ground-beetles (Carabidae, excl. Cicindelinae) of Canada and Alaska, parts 1-6. Opuscula E. Entomoligiska Sallskapet.","Kipling Will","Essig Museum of Entomology",,"No known compromise","N",,
"fe3684b8-33a9-4d12-9f6c-3660876efd1d","CPER_008.basePlot.bet","D10","CPER","CPER_008","2015-05-07","2015-05-21","2017-01-15","NEON.BET.D10.002592","DISPAR1","Animalia","Arthropoda","Insecta","Coleoptera","Carabidae","Harpalinae","Harpalini","Discoderus",,"parallelus",,"Discoderus parallelus","Haldeman","species",,"M",,"Lindroth, C. H. 1969. The ground-beetles (Carabidae, excl. Cicindelinae) of Canada and Alaska, parts 1-6. Opuscula E. Entomoligiska Sallskapet.","Kipling Will","Essig Museum of Entomology",,"No known compromise","N",,
"57fcd9a6-60e6-414c-b60c-752d6eaa05fa","CPER_008.basePlot.bet","D10","CPER","CPER_008","2015-05-07","2015-05-21","2017-01-15","NEON.BET.D10.002593","DISPAR1","Animalia","Arthropoda","Insecta","Coleoptera","Carabidae","Harpalinae","Harpalini","Discoderus",,"parallelus",,"Discoderus parallelus","Haldeman","species",,"F",,"Lindroth, C. H. 1969. The ground-beetles (Carabidae, excl. Cicindelinae) of Canada and Alaska, parts 1-6. Opuscula E. Entomoligiska Sallskapet.","Kipling Will","Essig Museum of Entomology",,"No known compromise","N",,
"691ca400-ee14-4c88-9ec8-85a75e45d406","CPER_002.basePlot.bet","D10","CPER","CPER_002","2015-05-07","2015-05-21","2017-01-15","NEON.BET.D10.002565","SELPLA","Animalia","Arthropoda","Insecta","Coleoptera","Carabidae","Harpalinae","Harpalini","Selenophorus","Selenophorus","planipennis",,"Selenophorus planipennis","LeConte","species",,"F",,"Lindroth, C. H. 1969. The ground-beetles (Carabidae, excl. Cicindelinae) of Canada and Alaska, parts 1-6. Opuscula E. Entomoligiska Sallskapet.","Kipling Will","Essig Museum of Entomology",,"No known compromise","N",,
"342b5c41-8051-465f-b7b3-ae7063784c41","CPER_002.basePlot.bet","D10","CPER","CPER_002","2015-05-07","2015-05-21","2017-01-15","NEON.BET.D10.002560","SELPLA","Animalia","Arthropoda","Insecta","Coleoptera","Carabidae","Harpalinae","Harpalini","Selenophorus","Selenophorus","planipennis",,"Selenophorus planipennis","LeConte","species",,"F",,"Lindroth, C. H. 1969. The ground-beetles (Carabidae, excl. Cicindelinae) of Canada and Alaska, parts 1-6. Opuscula E. Entomoligiska Sallskapet.","Kipling Will","Essig Museum of Entomology",,"No known compromise","N",,
"ff25ac40-e353-49aa-b221-37e4b87aaba4","CPER_008.basePlot.bet","D10","CPER","CPER_008","2015-05-07","2015-05-21","2017-01-15","NEON.BET.D10.002594","DISPAR1","Animalia","Arthropoda","Insecta","Coleoptera","Carabidae","Harpalinae","Harpalini","Discoderus",,"parallelus",,"Discoderus parallelus","Haldeman","species",,"M",,"Lindroth, C. H. 1969. The ground-beetles (Carabidae, excl. Cicindelinae) of Canada and Alaska, parts 1-6. Opuscula E. Entomoligiska Sallskapet.","Kipling Will","Essig Museum of Entomology",,"No known compromise","N",,
"dc3c2977-7ed9-4d3f-a861-fc7bab5590bf","CPER_002.basePlot.bet","D10","CPER","CPER_002","2015-05-07","2015-05-21","2017-01-15","NEON.BET.D10.002563","HARDES","Animalia","Arthropoda","Insecta","Coleoptera","Carabidae","Harpalinae","Harpalini","Harpalus","Opadius","desertus",,"Harpalus desertus","LeConte","species",,"F",,"Noonan, G. R. 1991. Classification, Cladistics, and Natural History of Native North American Harpalus Latreille (Insecta: Coleoptera: Carabidae: Harpalini), excluding subgenera Glanodes and Pseudophonus.","Kipling Will","Essig Museum of Entomology",,"No known compromise","N",,
"d4077a3f-ecc6-4eef-8722-f57789a8a897","CPER_002.basePlot.bet","D10","CPER","CPER_002","2015-05-07","2015-05-21","2017-01-15","NEON.BET.D10.002572","DISPAR1","Animalia","Arthropoda","Insecta","Coleoptera","Carabidae","Harpalinae","Harpalini","Discoderus",,"parallelus",,"Discoderus parallelus","Haldeman","species",,"M",,"Lindroth, C. H. 1969. The ground-beetles (Carabidae, excl. Cicindelinae) of Canada and Alaska, parts 1-6. Opuscula E. Entomoligiska Sallskapet.","Kipling Will","Essig Museum of Entomology",,"No known compromise","N",,
"b790d4a0-cdf0-45ac-8d9a-e738e0a74190","CPER_001.basePlot.bet","D10","CPER","CPER_001","2015-05-07","2015-05-21","2017-01-15","NEON.BET.D10.002583","CICPUR2","Animalia","Arthropoda","Insecta","Coleoptera","Carabidae","Cicindelinae","Cicindelini","Cicindela","Cicindela","purpurea","cimarrona","Cicindela purpurea cimarrona","LeConte","subspecies",,"F",,"Pearson, D., C. B. Knisley, and C. J. Kazilek. 2006. A Field Guide to the Tiger Beetles of the United States and Canada: Identification, Natural History, and Distribution of the Cicindelidae. Oxford University Press, New York.","Kipling Will","Essig Museum of Entomology",,"No known compromise","N",,
