uid,namedLocation,domainID,siteID,plotID,setDate,collectDate,identifiedDate,individualID,taxonID,kingdom,phylum,class,order,family,subfamily,tribe,genus,subgenus,specificEpithet,infraspecificEpithet,scientificName,scientificNameAuthorship,taxonRank,identificationQualifier,sex,morphospeciesID,identificationReferences,identifiedBy,laboratoryName,identificationRemarks,sampleCondition,dnaBarcoded,geneticSampleID,remarks
"68d5ebc2-7974-4b28-8af2-d63a8e0f9372","TALL_009.basePlot.bet","D08","TALL","TALL_009","2014-07-30","2014-08-13","2017-01-15","NEON.BET.D08.000202","DICFUR2","Animalia","Arthropoda","Insecta","Coleoptera","Carabidae","Harpalinae","Licinini","Dicaelus","Paradicaelus","furvus","furvus","Dicaelus furvus furvus","Dejean","subspecies",,"F",,"Ball, G. E. 1992. The Tribe Licinini (Coleoptera: Carabidae): A Review of the Genus-Groups and of the Species of Selected Genera. Journal of the New York Entomological Society 100:325-380.","Kipling Will","Essig Museum of Entomology",,"No known compromise","N",,
"6b82d724-523f-4070-8753-cab90a466a5b","TALL_003.basePlot.bet","D08","TALL","TALL_003","2014-07-30","2014-08-13","2017-01-15","NEON.BET.D08.000191","CYCCON2","Animalia","Arthropoda","Insecta","Coleoptera","Carabidae","Harpalinae","Pterostichini","Cyclotrachelus","Evarthrus","convivus",,"Cyclotrachelus convivus","LeConte","species",,"F",,"Freitag, R. 1969. A revision of the species of the genus Evarthrus LeConte. Quaestiones Entomologicae 5:89-212.","Kipling Will","Essig Museum of Entomology",,"No known compromise","N",,
"93f2a55e-35cd-45be-9d33-6cccd1aff05b","TALL_009.basePlot.bet","D08","TALL","TALL_009","2014-07-30","2014-08-13","2017-01-15","NEON.BET.D08.000205","CYCCON2","Animalia","Arthropoda","Insecta","Coleoptera","Carabidae","Harpalinae","Pterostichini","Cyclotrachelus","Evarthrus","convivus",,"Cyclotrachelus convivus","LeConte","species",,"F",,"Freitag, R. 1969. A revision of the species of the genus Evarthrus LeConte. Quaestiones Entomologicae 5:89-212.","Kipling Will","Essig Museum of Entomology",,"No known compromise","N",,
"d3c0b83b-6cc6-4b1e-b43a-af7a7d010675","TALL_009.basePlot.bet","D08","TALL","TALL_009","2014-07-30","2014-08-13","2017-01-15","NEON.BET.D08.000204","CYCCON2","Animalia","Arthropoda","Insecta","Coleoptera","Carabidae","Harpalinae","Pterostichini","Cyclotrachelus","Evarthrus","convivus",,"Cyclotrachelus convivus","LeConte","species",,"M",,"Freitag, R. 1969. A revision of the species of the genus Evarthrus LeConte. Quaestiones Entomologicae 5:89-212.","Kipling Will","Essig Museum of Entomology",,"No known compromise","N",,
"f3e3d1a9-50a3-40f2-b41c-5867eee06021","TALL_009.basePlot.bet","D08","TALL","TALL_009","2014-07-30","2014-08-13","2017-01-15","NEON.BET.D08.000206","DICFUR2","Animalia","Arthropoda","Insecta","Coleoptera","Carabidae","Harpalinae","Licinini","Dicaelus","Paradicaelus","furvus","furvus","Dicaelus furvus furvus","Dejean","subspecies",,"M",,"Ball, G. E. 1992. The Tribe Licinini (Coleoptera: Carabidae): A Review of the Genus-Groups and of the Species of Selected Genera. Journal of the New York Entomological Society 100:325-380.","Kipling Will","Essig Museum of Entomology",,"No known compromise","N",,
"8aaafd70-9927-4e21-ab90-c3858ec06580","TALL_002.basePlot.bet","D08","TALL","TALL_002","2014-07-30","2014-08-13","2017-01-15","NEON.BET.D08.000188","CYCCON2","Animalia","Arthropoda","Insecta","Coleoptera","Carabidae","Harpalinae","Pterostichini","Cyclotrachelus","Evarthrus","convivus",,"Cyclotrachelus convivus","LeConte","species",,"M",,"Freitag, R. 1969. A revision of the species of the genus Evarthrus LeConte. Quaestiones Entomologicae 5:89-212.","Kipling Will","Essig Museum of Entomology",,"No known compromise","N",,
"56f5f4da-2c12-4cfc-aa71-c9d0c487eee9","TALL_009.basePlot.bet","D08","TALL","TALL_009","2014-07-30","2014-08-13","2017-01-15","NEON.BET.D08.000203","DICDIL1","Animalia","Arthropoda","Insecta","Coleoptera","Carabidae","Harpalinae","Licinini","Dicaelus","Paradicaelus","dilatatus","dilatatus","Dicaelus dilatatus dilatatus","Say","subspecies",,"M",,"Ball, G. E. 1992. The Tribe Licinini (Coleoptera: Carabidae): A Review of the Genus-Groups and of the Species of Selected Genera. Journal of the New York Entomological Society 100:325-380.","Kipling Will","Essig Museum of Entomology",,"No known compromise","N",,
"2a1c123d-07bc-464f-9089-da479723182b","TALL_002.basePlot.bet","D08","TALL","TALL_002","2014-07-30","2014-08-13","2017-01-15","NEON.BET.D08.000190","DICAMB","Animalia","Arthropoda","Insecta","Coleoptera","Carabidae","Harpalinae","Licinini","Dicaelus","Paradicaelus","ambiguus",,"Dicaelus ambiguus","LaFerte-Senectere","species",,"F",,"Ball, G. E. 1992. The Tribe Licinini (Coleoptera: Carabidae): A Review of the Genus-Groups and of the Species of Selected Genera. Journal of the New York Entomological Society 100:325-380.","Kipling Will","Essig Museum of Entomology",,"No known compromise","N",,
"19421a13-146f-4c09-b60d-7650fc3c8972","TALL_002.basePlot.bet","D08","TALL","TALL_002","2014-07-30","2014-08-13","2017-01-15","NEON.BET.D08.000189","CYCCON2","Animalia","Arthropoda","Insecta","Coleoptera","Carabidae","Harpalinae","Pterostichini","Cyclotrachelus","Evarthrus","convivus",,"Cyclotrachelus convivus","LeConte","species",,"M",,"Freitag, R. 1969. A revision of the species of the genus Evarthrus LeConte. Quaestiones Entomologicae 5:89-212.","Kipling Will","Essig Museum of Entomology",,"No known compromise","N",,
"252d32ad-0eee-43a1-88f5-406a12a64a42","TALL_007.basePlot.bet","D08","TALL","TALL_007","2014-07-30","2014-08-13","2017-01-15","NEON.BET.D08.000194","CYCFRE","Animalia","Arthropoda","Insecta","Coleoptera","Carabidae","Harpalinae","Pterostichini","Cyclotrachelus","Cyclotrachelus","freitagi",,"Cyclotrachelus freitagi","Bousquet","species",,"F",,"Freitag, R. 1969. A revision of the species of the genus Evarthrus LeConte. Quaestiones Entomologicae 5:89-212.","Kipling Will","Essig Museum of Entomology",,"No known compromise","N",,
"7e22416d-5f61-4295-9f56-894ec7662e92","TALL_007.basePlot.bet","D08","TALL","TALL_007","2014-07-30","2014-08-13","2017-01-15","NEON.BET.D08.000195","DICPOL","Animalia","Arthropoda","Insecta","Coleoptera","Carabidae","Harpalinae","Licinini","Dicaelus","Paradicaelus","politus",,"Dicaelus politus","Dejean","species",,"M",,"Ball, G. E. 1992. The Tribe Licinini (Coleoptera: Carabidae): A Review of the Genus-Groups and of the Species of Selected Genera. Journal of the New York Entomological Society 100:325-380.","Kipling Will","Essig Museum of Entomology",,"No known compromise","N",,
"e4485d3b-76ea-42c3-bc55-aeee8e814c6a","TALL_007.basePlot.bet","D08","TALL","TALL_007","2014-07-30","2014-08-13","2017-01-15","NEON.BET.D08.000197","DICDIL1","Animalia","Arthropoda","Insecta","Coleoptera","Carabidae","Harpalinae","Licinini","Dicaelus","Paradicaelus","dilatatus","dilatatus","Dicaelus dilatatus dilatatus","Say","subspecies",,"F",,"Ball, G. E. 1992. The Tribe Licinini (Coleoptera: Carabidae): A Review of the Genus-Groups and of the Species of Selected Genera. Journal of the New York Entomological Society 100:325-380.","Kipling Will","Essig Museum of Entomology",,"No known compromise","N",,
"4a072d06-e9a9-455e-96ef-8f993e3a0275","TALL_007.basePlot.bet","D08","TALL","TALL_007","2014-07-30","2014-08-13","2017-01-15","NEON.BET.D08.000198","PASPUN","Animalia","Arthropoda","Insecta","Coleoptera","Carabidae","Scaritinae","Pasimachini","Pasimachus","Pasimachus","punctulatus",,"Pasimachus punctulatus","Haldeman","species",,"M",,"Banninger, M. 1950. The subtribe Pasimachina (Coleoptera, Carabidae, Scaritini). Revista de Entomologica 21:481-511.","Kipling Will","Essig Museum of Entomology",,"No known compromise","N",,
"692c517f-21e8-473e-bd06-b9db80ca46e5","TALL_007.basePlot.bet","D08","TALL","TALL_007","2014-07-30","2014-08-13","2017-01-15","NEON.BET.D08.000196","CYCFRE","Animalia","Arthropoda","Insecta","Coleoptera","Carabidae","Harpalinae","Pterostichini","Cyclotrachelus","Cyclotrachelus","freitagi",,"Cyclotrachelus freitagi","Bousquet","species",,"M",,"Freitag, R. 1969. A revision of the species of the genus Evarthrus LeConte. Quaestiones Entomologicae 5:89-212.","Kipling Will","Essig Museum of Entomology",,"No known compromise","N",,
"957b4695-b07d-4e46-b354-9dede72fedd2","TALL_001.basePlot.bet","D08","TALL","TALL_001","2014-07-30","2014-08-13","2017-01-15","NEON.BET.D08.000185","CYCCON2","Animalia","Arthropoda","Insecta","Coleoptera","Carabidae","Harpalinae","Pterostichini","Cyclotrachelus","Evarthrus","convivus",,"Cyclotrachelus convivus","LeConte","species",,"F",,"Freitag, R. 1969. A revision of the species of the genus Evarthrus LeConte. Quaestiones Entomologicae 5:89-212.","Kipling Will","Essig Museum of Entomology",,"No known compromise","N",,
"93f0b6e4-61cc-4a4a-83f6-7ef8e3c8f4ee","TALL_001.basePlot.bet","D08","TALL","TALL_001","2014-07-30","2014-08-13","2017-01-15","NEON.BET.D08.000186","DICDIL1","Animalia","Arthropoda","Insecta","Coleoptera","Carabidae","Harpalinae","Licinini","Dicaelus","Paradicaelus","dilatatus","dilatatus","Dicaelus dilatatus dilatatus","Say","subspecies",,"F",,"Ball, G. E. 1992. The Tribe Licinini (Coleoptera: Carabidae): A Review of the Genus-Groups and of the Species of Selected Genera. Journal of the New York Entomological Society 100:325-380.","Kipling Will","Essig Museum of Entomology",,"No known compromise","N",,
"cb660340-d42e-4fe7-865e-405bdeb93092","TALL_001.basePlot.bet","D08","TALL","TALL_001","2014-07-30","2014-08-13","2017-01-15","NEON.BET.D08.000187","CYCFRE","Animalia","Arthropoda","Insecta","Coleoptera","Carabidae","Harpalinae","Pterostichini","Cyclotrachelus","Cyclotrachelus","freitagi",,"Cyclotrachelus freitagi","Bousquet","species",,"F",,"Freitag, R. 1969. A revision of the species of the genus Evarthrus LeConte. Quaestiones Entomologicae 5:89-212.","Kipling Will","Essig Museum of Entomology",,"No known compromise","N",,
"4426466c-db9c-498f-8c6b-2e940a27a803","TALL_008.basePlot.bet","D08","TALL","TALL_008","2014-07-30","2014-08-13","2017-01-15","NEON.BET.D08.000200","CYCCON2","Animalia","Arthropoda","Insecta","Coleoptera","Carabidae","Harpalinae","Pterostichini","Cyclotrachelus","Evarthrus","convivus",,"Cyclotrachelus convivus","LeConte","species",,"F",,"Freitag, R. 1969. A revision of the species of the genus Evarthrus LeConte. Quaestiones Entomologicae 5:89-212.","Kipling Will","Essig Museum of Entomology",,"No known compromise","N",,
"32325e56-4a3d-4697-b753-1290466f3f91","TALL_008.basePlot.bet","D08","TALL","TALL_008","2014-07-30","2014-08-13","2017-01-15","NEON.BET.D08.000199","CYCCON2","Animalia","Arthropoda","Insecta","Coleoptera","Carabidae","Harpalinae","Pterostichini","Cyclotrachelus","Evarthrus","convivus",,"Cyclotrachelus convivus","LeConte","species",,"M",,"Freitag, R. 1969. A revision of the species of the genus Evarthrus LeConte. Quaestiones Entomologicae 5:89-212.","Kipling Will","Essig Museum of Entomology",,"No known compromise","N",,
"e0bfea30-d184-43aa-8e4a-f46a0d9604d5","TALL_005.basePlot.bet","D08","TALL","TALL_005","2014-07-30","2014-08-13","2017-01-15","NEON.BET.D08.000193","DICDIL1","Animalia","Arthropoda","Insecta","Coleoptera","Carabidae","Harpalinae","Licinini","Dicaelus","Paradicaelus","dilatatus","dilatatus","Dicaelus dilatatus dilatatus","Say","subspecies",,"F",,"Ball, G. E. 1992. The Tribe Licinini (Coleoptera: Carabidae): A Review of the Genus-Groups and of the Species of Selected Genera. Journal of the New York Entomological Society 100:325-380.","Kipling Will","Essig Museum of Entomology",,"No known compromise","N",,
"5679feee-3a23-44c8-8234-54ce2058bb47","TALL_008.basePlot.bet","D08","TALL","TALL_008","2014-07-30","2014-08-13","2017-01-15","NEON.BET.D08.000201","DICPOL","Animalia","Arthropoda","Insecta","Coleoptera","Carabidae","Harpalinae","Licinini","Dicaelus","Paradicaelus","politus",,"Dicaelus politus","Dejean","species",,"M",,"Ball, G. E. 1992. The Tribe Licinini (Coleoptera: Carabidae): A Review of the Genus-Groups and of the Species of Selected Genera. Journal of the New York Entomological Society 100:325-380.","Kipling Will","Essig Museum of Entomology",,"No known compromise","N",,
"4edca52f-2892-496d-a418-77a37573e703","TALL_003.basePlot.bet","D08","TALL","TALL_003","2014-07-30","2014-08-13","2017-01-15","NEON.BET.D08.000192","CYCCON2","Animalia","Arthropoda","Insecta","Coleoptera","Carabidae","Harpalinae","Pterostichini","Cyclotrachelus","Evarthrus","convivus",,"Cyclotrachelus convivus","LeConte","species",,"M",,"Freitag, R. 1969. A revision of the species of the genus Evarthrus LeConte. Quaestiones Entomologicae 5:89-212.","Kipling Will","Essig Museum of Entomology",,"No known compromise","N",,
"6df21ec3-9839-4476-b09c-4e824a1dcc4f","TALL_005.basePlot.bet","D08","TALL","TALL_005","2014-08-13","2014-08-27","2017-01-15","NEON.BET.D08.000216","PASPUN","Animalia","Arthropoda","Insecta","Coleoptera","Carabidae","Scaritinae","Pasimachini","Pasimachus","Pasimachus","punctulatus",,"Pasimachus punctulatus","Haldeman","species",,"M",,"Banninger, M. 1950. The subtribe Pasimachina (Coleoptera, Carabidae, Scaritini). Revista de Entomologica 21:481-511.","Kipling Will","Essig Museum of Entomology",,"No known compromise","N",,
"6797c8ef-49de-4681-b10e-5a42c4f8ebca","TALL_008.basePlot.bet","D08","TALL","TALL_008","2014-08-13","2014-08-27","2017-01-15","NEON.BET.D08.000223","CHLERY","Animalia","Arthropoda","Insecta","Coleoptera","Carabidae","Harpalinae","Chlaeniini","Chlaenius","Chlaenius","erythropus",,"Chlaenius erythropus","Germar","species",,"F",,"Bell, R. T. 1960. A Revision of the Genus Chlaenius Bonelli (Coleoptera, Carabidae) in North America. Miscellaneous Publications of the Entomological Society of America 1:98-166.","Kipling Will","Essig Museum of Entomology",,"No known compromise","N",,
"bea22e60-b96f-4e22-967a-7331a4f99bd5","TALL_006.basePlot.bet","D08","TALL","TALL_006","2014-08-13","2014-08-27","2017-01-15","NEON.BET.D08.000219","CYCFRE","Animalia","Arthropoda","Insecta","Coleoptera","Carabidae","Harpalinae","Pterostichini","Cyclotrachelus","Cyclotrachelus","freitagi",,"Cyclotrachelus freitagi","Bousquet","species",,"F",,"Freitag, R. 1969. A revision of the species of the genus Evarthrus LeConte. Quaestiones Entomologicae 5:89-212.","Kipling Will","Essig Museum of Entomology",,"No known compromise","N",,
"843cc6df-3026-4c7b-aa3e-d0a38ea5f7e8","TALL_005.basePlot.bet","D08","TALL","TALL_005","2014-08-13","2014-08-27","2017-01-15","NEON.BET.D08.000217","CYCFRE","Animalia","Arthropoda","Insecta","Coleoptera","Carabidae","Harpalinae","Pterostichini","Cyclotrachelus","Cyclotrachelus","freitagi",,"Cyclotrachelus freitagi","Bousquet","species",,"F",,"Freitag, R. 1969. A revision of the species of the genus Evarthrus LeConte. Quaestiones Entomologicae 5:89-212.","Kipling Will","Essig Museum of Entomology",,"No known compromise","N",,
"14209780-6ee7-4816-9e91-741ee419b209","TALL_006.basePlot.bet","D08","TALL","TALL_006","2014-08-13","2014-08-27","2017-01-15","NEON.BET.D08.000218","CYCFRE","Animalia","Arthropoda","Insecta","Coleoptera","Carabidae","Harpalinae","Pterostichini","Cyclotrachelus","Cyclotrachelus","freitagi",,"Cyclotrachelus freitagi","Bousquet","species",,"F",,"Freitag, R. 1969. A revision of the species of the genus Evarthrus LeConte. Quaestiones Entomologicae 5:89-212.","Kipling Will","Essig Museum of Entomology",,"No known compromise","N",,
"7aa53b69-9406-499e-93c7-c1980621614c","TALL_007.basePlot.bet","D08","TALL","TALL_007","2014-08-13","2014-08-27","2017-01-15","NEON.BET.D08.000221","CYCFRE","Animalia","Arthropoda","Insecta","Coleoptera","Carabidae","Harpalinae","Pterostichini","Cyclotrachelus","Cyclotrachelus","freitagi",,"Cyclotrachelus freitagi","Bousquet","species",,"M",,"Freitag, R. 1969. A revision of the species of the genus Evarthrus LeConte. Quaestiones Entomologicae 5:89-212.","Kipling Will","Essig Museum of Entomology",,"No known compromise","N",,
"bea6b103-75ed-4e73-8498-b2c7be8c9313","TALL_007.basePlot.bet","D08","TALL","TALL_007","2014-08-13","2014-08-27","2017-01-15","NEON.BET.D08.000222","CYCFRE","Animalia","Arthropoda","Insecta","Coleoptera","Carabidae","Harpalinae","Pterostichini","Cyclotrachelus","Cyclotrachelus","freitagi",,"Cyclotrachelus freitagi","Bousquet","species",,"F",,"Freitag, R. 1969. A revision of the species of the genus Evarthrus LeConte. Quaestiones Entomologicae 5:89-212.","Kipling Will","Essig Museum of Entomology",,"No known compromise","N",,
"f08e194a-b274-405f-8e10-c7e99ee3832a","TALL_007.basePlot.bet","D08","TALL","TALL_007","2014-08-13","2014-08-27","2017-01-15","NEON.BET.D08.000220","CYCFRE","Animalia","Arthropoda","Insecta","Coleoptera","Carabidae","Harpalinae","Pterostichini","Cyclotrachelus","Cyclotrachelus","freitagi",,"Cyclotrachelus freitagi","Bousquet","species",,"M",,"Freitag, R. 1969. A revision of the species of the genus Evarthrus LeConte. Quaestiones Entomologicae 5:89-212.","Kipling Will","Essig Museum of Entomology",,"No known compromise","N",,
"f19e3eb0-fe83-41cc-a455-49ccd31feedc","TALL_013.basePlot.bet","D08","TALL","TALL_013","2014-08-13","2014-08-27","2017-01-15","NEON.BET.D08.000231","CYCCON2","Animalia","Arthropoda","Insecta","Coleoptera","Carabidae","Harpalinae","Pterostichini","Cyclotrachelus","Evarthrus","convivus",,"Cyclotrachelus convivus","LeConte","species",,"M",,"Freitag, R. 1969. A revision of the species of the genus Evarthrus LeConte. Quaestiones Entomologicae 5:89-212.","Kipling Will","Essig Museum of Entomology",,"No known compromise","N",,
"ce81b22a-c992-4f34-9701-f832956d5114","TALL_013.basePlot.bet","D08","TALL","TALL_013","2014-08-13","2014-08-27","2017-01-15","NEON.BET.D08.000229","CYCFRE","Animalia","Arthropoda","Insecta","Coleoptera","Carabidae","Harpalinae","Pterostichini","Cyclotrachelus","Cyclotrachelus","freitagi",,"Cyclotrachelus freitagi","Bousquet","species",,"M",,"Freitag, R. 1969. A revision of the species of the genus Evarthrus LeConte. Quaestiones Entomologicae 5:89-212.","Kipling Will","Essig Museum of Entomology",,"No known compromise","N",,
"dd23c851-9bc4-40ac-b143-eb6e50338d0e","TALL_013.basePlot.bet","D08","TALL","TALL_013","2014-08-13","2014-08-27","2017-01-15","NEON.BET.D08.000230","CYCCON2","Animalia","Arthropoda","Insecta","Coleoptera","Carabidae","Harpalinae","Pterostichini","Cyclotrachelus","Evarthrus","convivus",,"Cyclotrachelus convivus","LeConte","species",,"F",,"Freitag, R. 1969. A revision of the species of the genus Evarthrus LeConte. Quaestiones Entomologicae 5:89-212.","Kipling Will","Essig Museum of Entomology",,"No known compromise","N",,
"067738c4-92c3-4510-84e8-1df167c48c74","TALL_009.basePlot.bet","D08","TALL","TALL_009","2014-08-13","2014-08-27","2017-01-15","NEON.BET.D08.000226","DICFUR2","Animalia","Arthropoda","Insecta","Coleoptera","Carabidae","Harpalinae","Licinini","Dicaelus","Paradicaelus","furvus","furvus","Dicaelus furvus furvus","Dejean","subspecies",,"M",,"Ball, G. E. 1992. The Tribe Licinini (Coleoptera: Carabidae): A Review of the Genus-Groups and of the Species of Selected Genera. Journal of the New York Entomological Society 100:325-380.","Kipling Will","Essig Museum of Entomology",,"No known compromise","N",,
"99fad4d1-af78-4bff-8d97-6a90de2c2fb2","TALL_009.basePlot.bet","D08","TALL","TALL_009","2014-08-13","2014-08-27","2017-01-15","NEON.BET.D08.000228","CYCCON2","Animalia","Arthropoda","Insecta","Coleoptera","Carabidae","Harpalinae","Pterostichini","Cyclotrachelus","Evarthrus","convivus",,"Cyclotrachelus convivus","LeConte","species",,"F",,"Freitag, R. 1969. A revision of the species of the genus Evarthrus LeConte. Quaestiones Entomologicae 5:89-212.","Kipling Will","Essig Museum of Entomology",,"No known compromise","N",,
"c55f2165-d1cd-4c1e-af26-e9e29931ef05","TALL_009.basePlot.bet","D08","TALL","TALL_009","2014-08-13","2014-08-27","2017-01-15","NEON.BET.D08.000224","DICDIL1","Animalia","Arthropoda","Insecta","Coleoptera","Carabidae","Harpalinae","Licinini","Dicaelus","Paradicaelus","dilatatus","dilatatus","Dicaelus dilatatus dilatatus","Say","subspecies",,"M",,"Ball, G. E. 1992. The Tribe Licinini (Coleoptera: Carabidae): A Review of the Genus-Groups and of the Species of Selected Genera. Journal of the New York Entomological Society 100:325-380.","Kipling Will","Essig Museum of Entomology",,"No known compromise","N",,
"a5562f36-323f-4493-8ed1-e57639358cbd","TALL_009.basePlot.bet","D08","TALL","TALL_009","2014-08-13","2014-08-27","2017-01-15","NEON.BET.D08.000225","DICFUR2","Animalia","Arthropoda","Insecta","Coleoptera","Carabidae","Harpalinae","Licinini","Dicaelus","Paradicaelus","furvus","furvus","Dicaelus furvus furvus","Dejean","subspecies",,"F",,"Ball, G. E. 1992. The Tribe Licinini (Coleoptera: Carabidae): A Review of the Genus-Groups and of the Species of Selected Genera. Journal of the New York Entomological Society 100:325-380.","Kipling Will","Essig Museum of Entomology",,"No known compromise","N",,
"e6e4b0b7-2ad9-4096-b48d-1ab3b45b5992","TALL_009.basePlot.bet","D08","TALL","TALL_009","2014-08-13","2014-08-27","2017-01-15","NEON.BET.D08.000227","DICFUR2","Animalia","Arthropoda","Insecta","Coleoptera","Carabidae","Harpalinae","Licinini","Dicaelus","Paradicaelus","furvus","furvus","Dicaelus furvus furvus","Dejean","subspecies",,"F",,"Ball, G. E. 1992. The Tribe Licinini (Coleoptera: Carabidae): A Review of the Genus-Groups and of the Species of Selected Genera. Journal of the New York Entomological Society 100:325-380.","Kipling Will","Essig Museum of Entomology",,"No known compromise","N",,
"b17bc7b3-4290-4a71-a0f5-02b43e91d49f","TALL_002.basePlot.bet","D08","TALL","TALL_002","2014-08-13","2014-08-27","2017-01-15","NEON.BET.D08.000212","DICDIL1","Animalia","Arthropoda","Insecta","Coleoptera","Carabidae","Harpalinae","Licinini","Dicaelus","Paradicaelus","dilatatus","dilatatus","Dicaelus dilatatus dilatatus","Say","subspecies",,"F",,"Ball, G. E. 1992. The Tribe Licinini (Coleoptera: Carabidae): A Review of the Genus-Groups and of the Species of Selected Genera. Journal of the New York Entomological Society 100:325-380.","Kipling Will","Essig Museum of Entomology",,"No known compromise","N",,
"db2c55ce-57ea-45d6-9351-1caa8c6dea28","TALL_002.basePlot.bet","D08","TALL","TALL_002","2014-08-13","2014-08-27","2017-01-15","NEON.BET.D08.000214","PASPUN","Animalia","Arthropoda","Insecta","Coleoptera","Carabidae","Scaritinae","Pasimachini","Pasimachus","Pasimachus","punctulatus",,"Pasimachus punctulatus","Haldeman","species",,"M",,"Banninger, M. 1950. The subtribe Pasimachina (Coleoptera, Carabidae, Scaritini). Revista de Entomologica 21:481-511.","Kipling Will","Essig Museum of Entomology",,"No known compromise","N",,
"a33e48f7-a1f1-4caf-86bf-0f8cb84bff95","TALL_002.basePlot.bet","D08","TALL","TALL_002","2014-08-13","2014-08-27","2017-01-15","NEON.BET.D08.000215","CYCCON2","Animalia","Arthropoda","Insecta","Coleoptera","Carabidae","Harpalinae","Pterostichini","Cyclotrachelus","Evarthrus","convivus",,"Cyclotrachelus convivus","LeConte","species",,"F",,"Freitag, R. 1969. A revision of the species of the genus Evarthrus LeConte. Quaestiones Entomologicae 5:89-212.","Kipling Will","Essig Museum of Entomology",,"No known compromise","N",,
"011e6a47-48af-4a6a-87de-98445be82908","TALL_002.basePlot.bet","D08","TALL","TALL_002","2014-08-13","2014-08-27","2017-01-15","NEON.BET.D08.000208","PASPUN","Animalia","Arthropoda","Insecta","Coleoptera","Carabidae","Scaritinae","Pasimachini","Pasimachus","Pasimachus","punctulatus",,"Pasimachus punctulatus","Haldeman","species",,"F",,"Banninger, M. 1950. The subtribe Pasimachina (Coleoptera, Carabidae, Scaritini). Revista de Entomologica 21:481-511.","Kipling Will","Essig Museum of Entomology",,"No known compromise","N",,
"1dac7539-ffb7-4432-bdf1-d81c0bb340b9","TALL_002.basePlot.bet","D08","TALL","TALL_002","2014-08-13","2014-08-27","2017-01-15","NEON.BET.D08.000211","PASPUN","Animalia","Arthropoda","Insecta","Coleoptera","Carabidae","Scaritinae","Pasimachini","Pasimachus","Pasimachus","punctulatus",,"Pasimachus punctulatus","Haldeman","species",,"F",,"Banninger, M. 1950. The subtribe Pasimachina (Coleoptera, Carabidae, Scaritini). Revista de Entomologica 21:481-511.","Kipling Will","Essig Museum of Entomology",,"No known compromise","N",,
"c2ed31e8-f1d3-4296-a4d7-dc1295410203","TALL_002.basePlot.bet","D08","TALL","TALL_002","2014-08-13","2014-08-27","2017-01-15","NEON.BET.D08.000213","CYCCON2","Animalia","Arthropoda","Insecta","Coleoptera","Carabidae","Harpalinae","Pterostichini","Cyclotrachelus","Evarthrus","convivus",,"Cyclotrachelus convivus","LeConte","species",,"F",,"Freitag, R. 1969. A revision of the species of the genus Evarthrus LeConte. Quaestiones Entomologicae 5:89-212.","Kipling Will","Essig Museum of Entomology",,"No known compromise","N",,
"7a969a79-6622-46e5-b3c2-b748d9e4af03","TALL_002.basePlot.bet","D08","TALL","TALL_002","2014-08-13","2014-08-27","2017-01-15","NEON.BET.D08.000209","CYCCON2","Animalia","Arthropoda","Insecta","Coleoptera","Carabidae","Harpalinae","Pterostichini","Cyclotrachelus","Evarthrus","convivus",,"Cyclotrachelus convivus","LeConte","species",,"M",,"Freitag, R. 1969. A revision of the species of the genus Evarthrus LeConte. Quaestiones Entomologicae 5:89-212.","Kipling Will","Essig Museum of Entomology",,"No known compromise","N",,
"ae5fdc75-071c-4948-8cfa-2a13d5dd59fb","TALL_001.basePlot.bet","D08","TALL","TALL_001","2014-08-13","2014-08-27","2017-01-15","NEON.BET.D08.000207","CHLERY","Animalia","Arthropoda","Insecta","Coleoptera","Carabidae","Harpalinae","Chlaeniini","Chlaenius","Chlaenius","erythropus",,"Chlaenius erythropus","Germar","species",,"M",,"Bell, R. T. 1960. A Revision of the Genus Chlaenius Bonelli (Coleoptera, Carabidae) in North America. Miscellaneous Publications of the Entomological Society of America 1:98-166.","Kipling Will","Essig Museum of Entomology",,"No known compromise","N",,
"b3fb25f1-67b6-4450-9a94-7e6103d0b339","TALL_002.basePlot.bet","D08","TALL","TALL_002","2014-08-13","2014-08-27","2017-01-15","NEON.BET.D08.000210","CYCCON2","Animalia","Arthropoda","Insecta","Coleoptera","Carabidae","Harpalinae","Pterostichini","Cyclotrachelus","Evarthrus","convivus",,"Cyclotrachelus convivus","LeConte","species",,"F",,"Freitag, R. 1969. A revision of the species of the genus Evarthrus LeConte. Quaestiones Entomologicae 5:89-212.","Kipling Will","Essig Museum of Entomology",,"No known compromise","N",,
