uid,namedLocation,domainID,siteID,plotID,trapID,plotType,nlcdClass,decimalLatitude,decimalLongitude,geodeticDatum,coordinateUncertainty,elevation,elevationUncertainty,setDate,collectDate,eventID,daysOfTrapping,sampleCollected,sampleID,cupStatus,lidStatus,fluidLevel,samplingProtocolVersion,recordedBy,remarks
"3eaa420f-c54f-4825-b8af-db01e5866639","TALL_007.basePlot.bet","D08","TALL","TALL_007","E","distributed","deciduousForest",32.974429,-87.426940,"WGS84",20.3,82.5,0.3,"2014-07-30","2014-08-13","TALL.2014.33",14,"Y","TALL_007.E.20140813","Ok","Ok","Ok","NEON.DOC.014050vE","uXSN77Q7x9cACyt+x8PEhxuBjTDRBKZV",
"41e5ce89-0542-4c02-b11d-e666476dc689","TALL_007.basePlot.bet","D08","TALL","TALL_007","W","distributed","deciduousForest",32.974429,-87.426940,"WGS84",20.3,82.5,0.3,"2014-07-30","2014-08-13","TALL.2014.33",14,"Y","TALL_007.W.20140813","Ok","Ok","Ok","NEON.DOC.014050vE","uXSN77Q7x9cACyt+x8PEhxuBjTDRBKZV",
"27430ccb-918e-46cb-9847-87c871101bf4","TALL_003.basePlot.bet","D08","TALL","TALL_003","E","distributed","mixedForest",32.893530,-87.415341,"WGS84",20.2,122.8,0.2,"2014-07-30","2014-08-13","TALL.2014.33",14,"Y","TALL_003.E.20140813","Ok","Ok","Ok","NEON.DOC.014050vE","g5F5uklRh2VDICiaJ2hO4u/g0vjt6FOn",
"ce473622-601a-448a-a112-3df1123f28cc","TALL_001.basePlot.bet","D08","TALL","TALL_001","E","distributed","deciduousForest",32.977667,-87.432716,"WGS84",20.3,98.6,0.4,"2014-07-30","2014-08-13","TALL.2014.33",14,"Y","TALL_001.E.20140813","Ok","Ok","High","NEON.DOC.014050vE","uXSN77Q7x9cACyt+x8PEhxuBjTDRBKZV",
"0ee3204a-638f-48ed-9f1f-a4b5c1f9c47f","TALL_002.basePlot.bet","D08","TALL","TALL_002","E","distributed","mixedForest",32.922158,-87.428893,"WGS84",20.2,118.3,0.4,"2014-07-30","2014-08-13","TALL.2014.33",14,"Y","TALL_002.E.20140813","Ok","Ok","Ok","NEON.DOC.014050vE","g5F5uklRh2VDICiaJ2hO4u/g0vjt6FOn",
"d8341c4d-5224-451c-8620-3b5f311e8a34","TALL_006.basePlot.bet","D08","TALL","TALL_006","E","distributed","evergreenForest",32.898843,-87.446128,"WGS84",20.3,97.8,0.4,"2014-07-30","2014-08-13","TALL.2014.33",14,"Y","TALL_006.E.20140813","Ok","Ok","Ok","NEON.DOC.014050vE","uXSN77Q7x9cACyt+x8PEhxuBjTDRBKZV",
"9d937b92-1dcf-4cfc-84ef-753903618aee","TALL_004.basePlot.bet","D08","TALL","TALL_004","E","distributed","evergreenForest",32.957884,-87.432613,"WGS84",20.1,132.0,0.1,"2014-07-30","2014-08-13","TALL.2014.33",14,"Y","TALL_004.E.20140813","Ok","Ok","Ok","NEON.DOC.014050vE","uXSN77Q7x9cACyt+x8PEhxuBjTDRBKZV",
"808e5255-3d33-493d-bd4d-db08d43f07fb","TALL_008.basePlot.bet","D08","TALL","TALL_008","E","distributed","deciduousForest",32.921617,-87.433388,"WGS84",20.3,113.0,0.3,"2014-07-30","2014-08-13","TALL.2014.33",14,"Y","TALL_008.E.20140813","Ok","Ok","Ok","NEON.DOC.014050vE","g5F5uklRh2VDICiaJ2hO4u/g0vjt6FOn",
"de3dcc11-c5fc-4d82-85e0-c508efcb1651","TALL_013.basePlot.bet","D08","TALL","TALL_013","E","distributed","evergreenForest",32.884749,-87.454396,"WGS84",20.1,117.6,0.2,"2014-07-30","2014-08-13","TALL.2014.33",14,"Y","TALL_013.E.20140813","Ok","Ok","Ok","NEON.DOC.014050vE","uXSN77Q7x9cACyt+x8PEhxuBjTDRBKZV",
"fd996f74-a8b0-45a0-bffd-6c7eb5942348","TALL_009.basePlot.bet","D08","TALL","TALL_009","E","distributed","evergreenForest",32.899796,-87.406679,"WGS84",20.2,105.1,0.4,"2014-07-30","2014-08-13","TALL.2014.33",14,"Y","TALL_009.E.20140813","Ok","Ok","Ok","NEON.DOC.014050vE","g5F5uklRh2VDICiaJ2hO4u/g0vjt6FOn",
"d7bb02e4-8ede-4235-9572-f366789adfc4","TALL_005.basePlot.bet","D08","TALL","TALL_005","N","distributed","mixedForest",32.897128,-87.397349,"WGS84",20.2,119.9,0.2,"2014-07-30","2014-08-13","TALL.2014.33",14,"Y","TALL_005.N.20140813","Ok","Ok","Ok","NEON.DOC.014050vE","g5F5uklRh2VDICiaJ2hO4u/g0vjt6FOn",
"ca719f36-58c2-4324-af75-aa86c06adf86","TALL_001.basePlot.bet","D08","TALL","TALL_001","N","distributed","deciduousForest",32.977667,-87.432716,"WGS84",20.3,98.6,0.4,"2014-07-30","2014-08-13","TALL.2014.33",14,"Y","TALL_001.N.20140813","Ok","Ok","Ok","NEON.DOC.014050vE","uXSN77Q7x9cACyt+x8PEhxuBjTDRBKZV",
"b662de64-67a0-426e-be7d-b81f521e61b5","TALL_007.basePlot.bet","D08","TALL","TALL_007","N","distributed","deciduousForest",32.974429,-87.426940,"WGS84",20.3,82.5,0.3,"2014-07-30","2014-08-13","TALL.2014.33",14,"Y","TALL_007.N.20140813","Ok","Ok","Ok","NEON.DOC.014050vE","uXSN77Q7x9cACyt+x8PEhxuBjTDRBKZV",
"149c379c-cee4-451d-b4e0-e2831b97554a","TALL_002.basePlot.bet","D08","TALL","TALL_002","N","distributed","mixedForest",32.922158,-87.428893,"WGS84",20.2,118.3,0.4,"2014-07-30","2014-08-13","TALL.2014.33",14,"Y","TALL_002.N.20140813","Ok","Ok","High","NEON.DOC.014050vE","g5F5uklRh2VDICiaJ2hO4u/g0vjt6FOn",
"473ec76a-be27-442b-8684-1617694f2d5a","TALL_003.basePlot.bet","D08","TALL","TALL_003","N","distributed","mixedForest",32.893530,-87.415341,"WGS84",20.2,122.8,0.2,"2014-07-30","2014-08-13","TALL.2014.33",14,"Y","TALL_003.N.20140813","Ok","Ok","Ok","NEON.DOC.014050vE","g5F5uklRh2VDICiaJ2hO4u/g0vjt6FOn",
"8d772f2e-8349-4539-9ffb-e8da1172653b","TALL_009.basePlot.bet","D08","TALL","TALL_009","N","distributed","evergreenForest",32.899796,-87.406679,"WGS84",20.2,105.1,0.4,"2014-07-30","2014-08-13","TALL.2014.33",14,"Y","TALL_009.N.20140813","Ok","Ok","Ok","NEON.DOC.014050vE","g5F5uklRh2VDICiaJ2hO4u/g0vjt6FOn",
"c4d85490-4d72-4f30-a386-7551c735ceda","TALL_004.basePlot.bet","D08","TALL","TALL_004","N","distributed","evergreenForest",32.957884,-87.432613,"WGS84",20.1,132.0,0.1,"2014-07-30","2014-08-13","TALL.2014.33",14,"Y","TALL_004.N.20140813","Ok","Ok","Ok","NEON.DOC.014050vE","uXSN77Q7x9cACyt+x8PEhxuBjTDRBKZV",
"40e2e795-1f89-4a0e-ab06-e07d76920e1f","TALL_013.basePlot.bet","D08","TALL","TALL_013","N","distributed","evergreenForest",32.884749,-87.454396,"WGS84",20.1,117.6,0.2,"2014-07-30","2014-08-13","TALL.2014.33",14,"Y","TALL_013.N.20140813","Ok","Ok","Ok","NEON.DOC.014050vE","uXSN77Q7x9cACyt+x8PEhxuBjTDRBKZV",
"74509564-e345-4207-bce5-a9dd893e71e9","TALL_006.basePlot.bet","D08","TALL","TALL_006","N","distributed","evergreenForest",32.898843,-87.446128,"WGS84",20.3,97.8,0.4,"2014-07-30","2014-08-13","TALL.2014.33",14,"Y","TALL_006.N.20140813","Ok","Ok","Ok","NEON.DOC.014050vE","uXSN77Q7x9cACyt+x8PEhxuBjTDRBKZV",
"d2d79902-6eef-4197-b0f1-8bf5feb5239c","TALL_008.basePlot.bet","D08","TALL","TALL_008","N","distributed","deciduousForest",32.921617,-87.433388,"WGS84",20.3,113.0,0.3,"2014-07-30","2014-08-13","TALL.2014.33",14,"Y","TALL_008.N.20140813","Ok","Ok","Ok","NEON.DOC.014050vE","g5F5uklRh2VDICiaJ2hO4u/g0vjt6FOn",
"f58cc5fc-2439-4f35-b436-a196512bf6ff","TALL_009.basePlot.bet","D08","TALL","TALL_009","S","distributed","evergreenForest",32.899796,-87.406679,"WGS84",20.2,105.1,0.4,"2014-07-30","2014-08-13","TALL.2014.33",14,"Y","TALL_009.S.20140813","Ok","Ok","Ok","NEON.DOC.014050vE","g5F5uklRh2VDICiaJ2hO4u/g0vjt6FOn",
"03fd54a9-0173-4976-a8ea-04dec84cfceb","TALL_003.basePlot.bet","D08","TALL","TALL_003","S","distributed","mixedForest",32.893530,-87.415341,"WGS84",20.2,122.8,0.2,"2014-07-30","2014-08-13","TALL.2014.33",14,"Y","TALL_003.S.20140813","Ok","Ok","Ok","NEON.DOC.014050vE","g5F5uklRh2VDICiaJ2hO4u/g0vjt6FOn",
"a63e9dda-ca3b-4d4d-abac-46fc5fecff22","TALL_002.basePlot.bet","D08","TALL","TALL_002","S","distributed","mixedForest",32.922158,-87.428893,"WGS84",20.2,118.3,0.4,"2014-07-30","2014-08-13","TALL.2014.33",14,"Y","TALL_002.S.20140813","Ok","Ok","Ok","NEON.DOC.014050vE","g5F5uklRh2VDICiaJ2hO4u/g0vjt6FOn",
"6bc68512-b8ce-4d9f-b8e4-5190b279f615","TALL_001.basePlot.bet","D08","TALL","TALL_001","S","distributed","deciduousForest",32.977667,-87.432716,"WGS84",20.3,98.6,0.4,"2014-07-30","2014-08-13","TALL.2014.33",14,"Y","TALL_001.S.20140813","Ok","Ok","Ok","NEON.DOC.014050vE","uXSN77Q7x9cACyt+x8PEhxuBjTDRBKZV",
"ea2f1d17-00eb-4801-b359-528afa370f9e","TALL_007.basePlot.bet","D08","TALL","TALL_007","S","distributed","deciduousForest",32.974429,-87.426940,"WGS84",20.3,82.5,0.3,"2014-07-30","2014-08-13","TALL.2014.33",14,"Y","TALL_007.S.20140813","Ok","Ok","Ok","NEON.DOC.014050vE","uXSN77Q7x9cACyt+x8PEhxuBjTDRBKZV",
"90095c19-58de-4861-90e0-526f034c915b","TALL_005.basePlot.bet","D08","TALL","TALL_005","S","distributed","mixedForest",32.897128,-87.397349,"WGS84",20.2,119.9,0.2,"2014-07-30","2014-08-13","TALL.2014.33",14,"Y","TALL_005.S.20140813","Ok","Ok","Ok","NEON.DOC.014050vE","g5F5uklRh2VDICiaJ2hO4u/g0vjt6FOn",
"67490d9a-fd1f-416b-9d31-11d44a11ff9b","TALL_008.basePlot.bet","D08","TALL","TALL_008","S","distributed","deciduousForest",32.921617,-87.433388,"WGS84",20.3,113.0,0.3,"2014-07-30","2014-08-13","TALL.2014.33",14,"Y","TALL_008.S.20140813","Ok","Ok","Ok","NEON.DOC.014050vE","g5F5uklRh2VDICiaJ2hO4u/g0vjt6FOn",
"51665371-edcb-4e98-aeb0-87343b388a96","TALL_013.basePlot.bet","D08","TALL","TALL_013","S","distributed","evergreenForest",32.884749,-87.454396,"WGS84",20.1,117.6,0.2,"2014-07-30","2014-08-13","TALL.2014.33",14,"Y","TALL_013.S.20140813","Ok","Ok","Ok","NEON.DOC.014050vE","uXSN77Q7x9cACyt+x8PEhxuBjTDRBKZV",
"ff74436d-7c4e-44b0-a16b-99718108a170","TALL_004.basePlot.bet","D08","TALL","TALL_004","S","distributed","evergreenForest",32.957884,-87.432613,"WGS84",20.1,132.0,0.1,"2014-07-30","2014-08-13","TALL.2014.33",14,"Y","TALL_004.S.20140813","Ok","Ok","Ok","NEON.DOC.014050vE","uXSN77Q7x9cACyt+x8PEhxuBjTDRBKZV",
"4cf4ed08-27a8-46a8-be3b-d94ae9ee0cab","TALL_006.basePlot.bet","D08","TALL","TALL_006","S","distributed","evergreenForest",32.898843,-87.446128,"WGS84",20.3,97.8,0.4,"2014-07-30","2014-08-13","TALL.2014.33",14,"Y","TALL_006.S.20140813","Ok","Ok","Ok","NEON.DOC.014050vE","uXSN77Q7x9cACyt+x8PEhxuBjTDRBKZV",
"04cac9b7-fc4e-4fa9-9314-fd0c95bc04a1","TALL_002.basePlot.bet","D08","TALL","TALL_002","W","distributed","mixedForest",32.922158,-87.428893,"WGS84",20.2,118.3,0.4,"2014-07-30","2014-08-13","TALL.2014.33",14,"Y","TALL_002.W.20140813","Ok","Ok","Ok","NEON.DOC.014050vE","g5F5uklRh2VDICiaJ2hO4u/g0vjt6FOn",
"aa11a05f-ce71-45e5-926c-f810041c6d22","TALL_005.basePlot.bet","D08","TALL","TALL_005","W","distributed","mixedForest",32.897128,-87.397349,"WGS84",20.2,119.9,0.2,"2014-07-30","2014-08-13","TALL.2014.33",14,"Y","TALL_005.W.20140813","Ok","Ok","Ok","NEON.DOC.014050vE","g5F5uklRh2VDICiaJ2hO4u/g0vjt6FOn",
"8ca2665d-8d5a-4bc4-85ef-4543efe39a43","TALL_006.basePlot.bet","D08","TALL","TALL_006","W","distributed","evergreenForest",32.898843,-87.446128,"WGS84",20.3,97.8,0.4,"2014-07-30","2014-08-13","TALL.2014.33",14,"Y","TALL_006.W.20140813","Ok","Ok","Ok","NEON.DOC.014050vE","uXSN77Q7x9cACyt+x8PEhxuBjTDRBKZV",
"b86f1d13-e8aa-4ea8-8317-a320e170a24c","TALL_008.basePlot.bet","D08","TALL","TALL_008","W","distributed","deciduousForest",32.921617,-87.433388,"WGS84",20.3,113.0,0.3,"2014-07-30","2014-08-13","TALL.2014.33",14,"Y","TALL_008.W.20140813","Ok","Ok","Ok","NEON.DOC.014050vE","g5F5uklRh2VDICiaJ2hO4u/g0vjt6FOn",
"127d0ae1-f750-4ea1-8618-151e3cb0eb92","TALL_004.basePlot.bet","D08","TALL","TALL_004","W","distributed","evergreenForest",32.957884,-87.432613,"WGS84",20.1,132.0,0.1,"2014-07-30","2014-08-13","TALL.2014.33",14,"Y","TALL_004.W.20140813","Ok","Ok","Ok","NEON.DOC.014050vE","uXSN77Q7x9cACyt+x8PEhxuBjTDRBKZV",
"65db36a8-1c96-40ec-ab39-6bf7b2e368ad","TALL_009.basePlot.bet","D08","TALL","TALL_009","W","distributed","evergreenForest",32.899796,-87.406679,"WGS84",20.2,105.1,0.4,"2014-07-30","2014-08-13","TALL.2014.33",14,"Y","TALL_009.W.20140813","Ok","Ok","Ok","NEON.DOC.014050vE","g5F5uklRh2VDICiaJ2hO4u/g0vjt6FOn",
"c4e1e0c4-e36b-47b3-a495-77cf73dffb4d","TALL_003.basePlot.bet","D08","TALL","TALL_003","W","distributed","mixedForest",32.893530,-87.415341,"WGS84",20.2,122.8,0.2,"2014-07-30","2014-08-13","TALL.2014.33",14,"Y","TALL_003.W.20140813","Ok","Ok","Ok","NEON.DOC.014050vE","g5F5uklRh2VDICiaJ2hO4u/g0vjt6FOn",
"48b35b9b-606c-49da-93a1-e6a4c7c28fcf","TALL_013.basePlot.bet","D08","TALL","TALL_013","W","distributed","evergreenForest",32.884749,-87.454396,"WGS84",20.1,117.6,0.2,"2014-07-30","2014-08-13","TALL.2014.33",14,"Y","TALL_013.W.20140813","Ok","Ok","Ok","NEON.DOC.014050vE","uXSN77Q7x9cACyt+x8PEhxuBjTDRBKZV",
"86e07f08-ab59-48ff-be6e-21049c80e01e","TALL_001.basePlot.bet","D08","TALL","TALL_001","W","distributed","deciduousForest",32.977667,-87.432716,"WGS84",20.3,98.6,0.4,"2014-07-30","2014-08-13","TALL.2014.33",14,"Y","TALL_001.W.20140813","Ok","Ok","Ok","NEON.DOC.014050vE","uXSN77Q7x9cACyt+x8PEhxuBjTDRBKZV",
"49cad600-97fd-460e-a2a8-8466ed85b839","TALL_005.basePlot.bet","D08","TALL","TALL_005","E","distributed","mixedForest",32.897128,-87.397349,"WGS84",20.2,119.9,0.2,"2014-07-30","2014-08-13","TALL.2014.33",14,"Y","TALL_005.E.20140813","Ok","Ok","Ok","NEON.DOC.014050vE","g5F5uklRh2VDICiaJ2hO4u/g0vjt6FOn",
"a249008a-4dd6-46a0-8bf7-55065ef38a11","TALL_009.basePlot.bet","D08","TALL","TALL_009","N","distributed","evergreenForest",32.899796,-87.406679,"WGS84",20.2,105.1,0.4,"2014-08-13","2014-08-27","TALL.2014.35",14,"Y","TALL_009.N.20140827","Ok","Ok","Ok","NEON.DOC.014050vE","uXSN77Q7x9cACyt+x8PEhxuBjTDRBKZV",
"ddfd55da-ac86-4a71-81b8-df85c99f1ded","TALL_001.basePlot.bet","D08","TALL","TALL_001","N","distributed","deciduousForest",32.977667,-87.432716,"WGS84",20.3,98.6,0.4,"2014-08-13","2014-08-27","TALL.2014.35",14,"Y","TALL_001.N.20140827","Ok","Ok","Ok","NEON.DOC.014050vE","ayFQEk40m3GE+0LGYr8eRjbpE3AVNxYl",
"f4f05181-2674-4f76-be2e-faf554ef38ba","TALL_007.basePlot.bet","D08","TALL","TALL_007","N","distributed","deciduousForest",32.974429,-87.426940,"WGS84",20.3,82.5,0.3,"2014-08-13","2014-08-27","TALL.2014.35",14,"Y","TALL_007.N.20140827","Ok","Ok","Ok","NEON.DOC.014050vE","ayFQEk40m3GE+0LGYr8eRjbpE3AVNxYl",
"3b642220-04a0-4182-9cf4-55e23faa0647","TALL_002.basePlot.bet","D08","TALL","TALL_002","S","distributed","mixedForest",32.922158,-87.428893,"WGS84",20.2,118.3,0.4,"2014-08-13","2014-08-27","TALL.2014.35",14,"Y","TALL_002.S.20140827","Ok","Ok","Ok","NEON.DOC.014050vE","uXSN77Q7x9cACyt+x8PEhxuBjTDRBKZV",
"8a44bc82-2166-4b39-a54a-a87b755286bd","TALL_004.basePlot.bet","D08","TALL","TALL_004","S","distributed","evergreenForest",32.957884,-87.432613,"WGS84",20.1,132.0,0.1,"2014-08-13","2014-08-27","TALL.2014.35",14,"Y","TALL_004.S.20140827","Ok","Ok","Ok","NEON.DOC.014050vE","ayFQEk40m3GE+0LGYr8eRjbpE3AVNxYl",
"3f254384-ad3f-452b-979e-525225978f1d","TALL_001.basePlot.bet","D08","TALL","TALL_001","S","distributed","deciduousForest",32.977667,-87.432716,"WGS84",20.3,98.6,0.4,"2014-08-13","2014-08-27","TALL.2014.35",14,"Y","TALL_001.S.20140827","Ok","Ok","High","NEON.DOC.014050vE","ayFQEk40m3GE+0LGYr8eRjbpE3AVNxYl",
"9727519a-3010-4233-b6b7-cbc1bb228cee","TALL_009.basePlot.bet","D08","TALL","TALL_009","S","distributed","evergreenForest",32.899796,-87.406679,"WGS84",20.2,105.1,0.4,"2014-08-13","2014-08-27","TALL.2014.35",14,"Y","TALL_009.S.20140827","Ok","Ok","Ok","NEON.DOC.014050vE","uXSN77Q7x9cACyt+x8PEhxuBjTDRBKZV",
"0dec80fa-9682-4470-8c06-5ce3421b7cb7","TALL_013.basePlot.bet","D08","TALL","TALL_013","S","distributed","evergreenForest",32.884749,-87.454396,"WGS84",20.1,117.6,0.2,"2014-08-13","2014-08-27","TALL.2014.35",14,"Y","TALL_013.S.20140827","Ok","Ok","Ok","NEON.DOC.014050vE","ayFQEk40m3GE+0LGYr8eRjbpE3AVNxYl",
"62896074-b0b7-4956-9696-13a6ae66353b","TALL_003.basePlot.bet","D08","TALL","TALL_003","S","distributed","mixedForest",32.893530,-87.415341,"WGS84",20.2,122.8,0.2,"2014-08-13","2014-08-27","TALL.2014.35",14,"Y","TALL_003.S.20140827","Ok","Ok","Ok","NEON.DOC.014050vE","uXSN77Q7x9cACyt+x8PEhxuBjTDRBKZV",
"ade12a94-dc39-4a96-af9d-ac2c431a9f33","TALL_008.basePlot.bet","D08","TALL","TALL_008","S","distributed","deciduousForest",32.921617,-87.433388,"WGS84",20.3,113.0,0.3,"2014-08-13","2014-08-27","TALL.2014.35",14,"Y","TALL_008.S.20140827","Ok","Ok","Ok","NEON.DOC.014050vE","uXSN77Q7x9cACyt+x8PEhxuBjTDRBKZV",
"fbb06dfd-9b87-4ff9-9cc8-f3c8a6c0e15c","TALL_005.basePlot.bet","D08","TALL","TALL_005","S","distributed","mixedForest",32.897128,-87.397349,"WGS84",20.2,119.9,0.2,"2014-08-13","2014-08-27","TALL.2014.35",14,"Y","TALL_005.S.20140827","Ok","Ok","Ok","NEON.DOC.014050vE","uXSN77Q7x9cACyt+x8PEhxuBjTDRBKZV",
"bad4de47-dce2-4785-8c33-7a0584e0c00b","TALL_006.basePlot.bet","D08","TALL","TALL_006","S","distributed","evergreenForest",32.898843,-87.446128,"WGS84",20.3,97.8,0.4,"2014-08-13","2014-08-27","TALL.2014.35",14,"Y","TALL_006.S.20140827","Disturbed","Ok","Ok","NEON.DOC.014050vE","ayFQEk40m3GE+0LGYr8eRjbpE3AVNxYl",
"62537ab4-8020-446b-8d5a-838d2c5bc027","TALL_007.basePlot.bet","D08","TALL","TALL_007","S","distributed","deciduousForest",32.974429,-87.426940,"WGS84",20.3,82.5,0.3,"2014-08-13","2014-08-27","TALL.2014.35",14,"Y","TALL_007.S.20140827","Ok","Ok","Ok","NEON.DOC.014050vE","ayFQEk40m3GE+0LGYr8eRjbpE3AVNxYl",
"a77783d7-0116-4383-9245-8c2517b0e061","TALL_002.basePlot.bet","D08","TALL","TALL_002","W","distributed","mixedForest",32.922158,-87.428893,"WGS84",20.2,118.3,0.4,"2014-08-13","2014-08-27","TALL.2014.35",14,"Y","TALL_002.W.20140827","Ok","Ok","Ok","NEON.DOC.014050vE","uXSN77Q7x9cACyt+x8PEhxuBjTDRBKZV",
"090e3904-eadb-4ca7-8667-8cd02a35d3c0","TALL_003.basePlot.bet","D08","TALL","TALL_003","W","distributed","mixedForest",32.893530,-87.415341,"WGS84",20.2,122.8,0.2,"2014-08-13","2014-08-27","TALL.2014.35",14,"Y","TALL_003.W.20140827","Ok","Ok","Ok","NEON.DOC.014050vE","uXSN77Q7x9cACyt+x8PEhxuBjTDRBKZV",
"0fe351c9-929d-4f04-90fb-ac0d6889ebf7","TALL_009.basePlot.bet","D08","TALL","TALL_009","W","distributed","evergreenForest",32.899796,-87.406679,"WGS84",20.2,105.1,0.4,"2014-08-13","2014-08-27","TALL.2014.35",14,"Y","TALL_009.W.20140827","Ok","Ok","Ok","NEON.DOC.014050vE","uXSN77Q7x9cACyt+x8PEhxuBjTDRBKZV",
"4d8ac8df-d831-4908-bd3d-0674e61d3784","TALL_013.basePlot.bet","D08","TALL","TALL_013","W","distributed","evergreenForest",32.884749,-87.454396,"WGS84",20.1,117.6,0.2,"2014-08-13","2014-08-27","TALL.2014.35",14,"Y","TALL_013.W.20140827","Ok","Ok","Ok","NEON.DOC.014050vE","ayFQEk40m3GE+0LGYr8eRjbpE3AVNxYl",
"770ec951-7d2c-4900-a634-41fe4848badc","TALL_001.basePlot.bet","D08","TALL","TALL_001","W","distributed","deciduousForest",32.977667,-87.432716,"WGS84",20.3,98.6,0.4,"2014-08-13","2014-08-27","TALL.2014.35",14,"Y","TALL_001.W.20140827","Ok","Ok","High","NEON.DOC.014050vE","ayFQEk40m3GE+0LGYr8eRjbpE3AVNxYl",
"66ceb871-4f06-45f9-ba1b-5095364af727","TALL_006.basePlot.bet","D08","TALL","TALL_006","W","distributed","evergreenForest",32.898843,-87.446128,"WGS84",20.3,97.8,0.4,"2014-08-13","2014-08-27","TALL.2014.35",14,"Y","TALL_006.W.20140827","Disturbed","Ok","High","NEON.DOC.014050vE","ayFQEk40m3GE+0LGYr8eRjbpE3AVNxYl",
"682ceab3-b855-41dd-84df-b5d4fad53880","TALL_005.basePlot.bet","D08","TALL","TALL_005","W","distributed","mixedForest",32.897128,-87.397349,"WGS84",20.2,119.9,0.2,"2014-08-13","2014-08-27","TALL.2014.35",14,"Y","TALL_005.W.20140827","Ok","Ok","Ok","NEON.DOC.014050vE","uXSN77Q7x9cACyt+x8PEhxuBjTDRBKZV",
"e07f8d36-4894-4446-b33c-0670f788b6fb","TALL_004.basePlot.bet","D08","TALL","TALL_004","W","distributed","evergreenForest",32.957884,-87.432613,"WGS84",20.1,132.0,0.1,"2014-08-13","2014-08-27","TALL.2014.35",14,"Y","TALL_004.W.20140827","Ok","Ok","Ok","NEON.DOC.014050vE","ayFQEk40m3GE+0LGYr8eRjbpE3AVNxYl",
"edfb06d6-b15b-487e-9df3-f24a89ea2ad4","TALL_008.basePlot.bet","D08","TALL","TALL_008","W","distributed","deciduousForest",32.921617,-87.433388,"WGS84",20.3,113.0,0.3,"2014-08-13","2014-08-27","TALL.2014.35",14,"Y","TALL_008.W.20140827","Ok","Ok","Ok","NEON.DOC.014050vE","uXSN77Q7x9cACyt+x8PEhxuBjTDRBKZV",
"82ce9c71-fbed-44d6-926b-dd963b7b2ede","TALL_007.basePlot.bet","D08","TALL","TALL_007","W","distributed","deciduousForest",32.974429,-87.426940,"WGS84",20.3,82.5,0.3,"2014-08-13","2014-08-27","TALL.2014.35",14,"Y","TALL_007.W.20140827","Ok","Ok","Ok","NEON.DOC.014050vE","ayFQEk40m3GE+0LGYr8eRjbpE3AVNxYl",
"fa70e606-2488-4320-9448-85101460e6a9","TALL_002.basePlot.bet","D08","TALL","TALL_002","E","distributed","mixedForest",32.922158,-87.428893,"WGS84",20.2,118.3,0.4,"2014-08-13","2014-08-27","TALL.2014.35",14,"Y","TALL_002.E.20140827","Ok","Ok","Ok","NEON.DOC.014050vE","uXSN77Q7x9cACyt+x8PEhxuBjTDRBKZV",
"60e2e7a8-cd9f-426e-aaeb-6b16b2981212","TALL_009.basePlot.bet","D08","TALL","TALL_009","E","distributed","evergreenForest",32.899796,-87.406679,"WGS84",20.2,105.1,0.4,"2014-08-13","2014-08-27","TALL.2014.35",14,"Y","TALL_009.E.20140827","Ok","Ok","Ok","NEON.DOC.014050vE","uXSN77Q7x9cACyt+x8PEhxuBjTDRBKZV",
"acfa0edb-a34f-4d56-9b99-8244cb20d890","TALL_003.basePlot.bet","D08","TALL","TALL_003","E","distributed","mixedForest",32.893530,-87.415341,"WGS84",20.2,122.8,0.2,"2014-08-13","2014-08-27","TALL.2014.35",14,"Y","TALL_003.E.20140827","Ok","Ok","Ok","NEON.DOC.014050vE","uXSN77Q7x9cACyt+x8PEhxuBjTDRBKZV",
"0ae31173-250b-4c7c-b8d8-285063921aa5","TALL_004.basePlot.bet","D08","TALL","TALL_004","E","distributed","evergreenForest",32.957884,-87.432613,"WGS84",20.1,132.0,0.1,"2014-08-13","2014-08-27","TALL.2014.35",14,"Y","TALL_004.E.20140827","Ok","Ok","Ok","NEON.DOC.014050vE","ayFQEk40m3GE+0LGYr8eRjbpE3AVNxYl",
"2076d408-810e-4feb-ae6f-0c4441178be0","TALL_008.basePlot.bet","D08","TALL","TALL_008","E","distributed","deciduousForest",32.921617,-87.433388,"WGS84",20.3,113.0,0.3,"2014-08-13","2014-08-27","TALL.2014.35",14,"Y","TALL_008.E.20140827","Ok","Ok","Ok","NEON.DOC.014050vE","uXSN77Q7x9cACyt+x8PEhxuBjTDRBKZV",
"cd0dcae3-cf21-482d-83db-5875356b431b","TALL_005.basePlot.bet","D08","TALL","TALL_005","E","distributed","mixedForest",32.897128,-87.397349,"WGS84",20.2,119.9,0.2,"2014-08-13","2014-08-27","TALL.2014.35",14,"Y","TALL_005.E.20140827","Ok","Ok","Ok","NEON.DOC.014050vE","uXSN77Q7x9cACyt+x8PEhxuBjTDRBKZV",
"9da8230d-5694-4d69-9cc4-2343e14aca2a","TALL_006.basePlot.bet","D08","TALL","TALL_006","E","distributed","evergreenForest",32.898843,-87.446128,"WGS84",20.3,97.8,0.4,"2014-08-13","2014-08-27","TALL.2014.35",14,"Y","TALL_006.E.20140827","Disturbed","Ok","Ok","NEON.DOC.014050vE","ayFQEk40m3GE+0LGYr8eRjbpE3AVNxYl",
"30ad8953-ed7d-48b2-9d5d-35a9318ea966","TALL_013.basePlot.bet","D08","TALL","TALL_013","E","distributed","evergreenForest",32.884749,-87.454396,"WGS84",20.1,117.6,0.2,"2014-08-13","2014-08-27","TALL.2014.35",14,"Y","TALL_013.E.20140827","Ok","Ok","Ok","NEON.DOC.014050vE","ayFQEk40m3GE+0LGYr8eRjbpE3AVNxYl",
"fc9e0d63-6c5b-4c04-8f73-8d1df4b62068","TALL_007.basePlot.bet","D08","TALL","TALL_007","E","distributed","deciduousForest",32.974429,-87.426940,"WGS84",20.3,82.5,0.3,"2014-08-13","2014-08-27","TALL.2014.35",14,"Y","TALL_007.E.20140827","Ok","Ok","High","NEON.DOC.014050vE","ayFQEk40m3GE+0LGYr8eRjbpE3AVNxYl",
"eabbd6a5-b04a-45b2-9141-f5198174d3b4","TALL_001.basePlot.bet","D08","TALL","TALL_001","E","distributed","deciduousForest",32.977667,-87.432716,"WGS84",20.3,98.6,0.4,"2014-08-13","2014-08-27","TALL.2014.35",14,"Y","TALL_001.E.20140827","Ok","Ok","High","NEON.DOC.014050vE","ayFQEk40m3GE+0LGYr8eRjbpE3AVNxYl",
"abf8da09-7524-43df-a3ff-0ce4fc28ea84","TALL_002.basePlot.bet","D08","TALL","TALL_002","N","distributed","mixedForest",32.922158,-87.428893,"WGS84",20.2,118.3,0.4,"2014-08-13","2014-08-27","TALL.2014.35",14,"Y","TALL_002.N.20140827","Ok","Ok","Ok","NEON.DOC.014050vE","uXSN77Q7x9cACyt+x8PEhxuBjTDRBKZV",
"f307ecfb-c87a-4a95-af29-b7c48680a6d4","TALL_003.basePlot.bet","D08","TALL","TALL_003","N","distributed","mixedForest",32.893530,-87.415341,"WGS84",20.2,122.8,0.2,"2014-08-13","2014-08-27","TALL.2014.35",14,"Y","TALL_003.N.20140827","Ok","Ok","Ok","NEON.DOC.014050vE","uXSN77Q7x9cACyt+x8PEhxuBjTDRBKZV",
"3406c244-cc5e-4303-ba86-a45dd11225ad","TALL_013.basePlot.bet","D08","TALL","TALL_013","N","distributed","evergreenForest",32.884749,-87.454396,"WGS84",20.1,117.6,0.2,"2014-08-13","2014-08-27","TALL.2014.35",14,"Y","TALL_013.N.20140827","Ok","Ok","Ok","NEON.DOC.014050vE","ayFQEk40m3GE+0LGYr8eRjbpE3AVNxYl",
"d4dece2e-2d15-48a5-bd64-74011567e8ef","TALL_008.basePlot.bet","D08","TALL","TALL_008","N","distributed","deciduousForest",32.921617,-87.433388,"WGS84",20.3,113.0,0.3,"2014-08-13","2014-08-27","TALL.2014.35",14,"Y","TALL_008.N.20140827","Ok","Ok","Ok","NEON.DOC.014050vE","uXSN77Q7x9cACyt+x8PEhxuBjTDRBKZV",
"8753565a-b3f8-465c-8212-2ff929c846a6","TALL_005.basePlot.bet","D08","TALL","TALL_005","N","distributed","mixedForest",32.897128,-87.397349,"WGS84",20.2,119.9,0.2,"2014-08-13","2014-08-27","TALL.2014.35",14,"Y","TALL_005.N.20140827","Ok","Ok","Ok","NEON.DOC.014050vE","uXSN77Q7x9cACyt+x8PEhxuBjTDRBKZV",
"435fbe16-9dce-442c-8cef-8a4e69ea3a31","TALL_006.basePlot.bet","D08","TALL","TALL_006","N","distributed","evergreenForest",32.898843,-87.446128,"WGS84",20.3,97.8,0.4,"2014-08-13","2014-08-27","TALL.2014.35",14,"Y","TALL_006.N.20140827","Disturbed","Ok","Ok","NEON.DOC.014050vE","ayFQEk40m3GE+0LGYr8eRjbpE3AVNxYl",
"221e2d10-105a-4e79-9fb6-63fda700a4e1","TALL_004.basePlot.bet","D08","TALL","TALL_004","N","distributed","evergreenForest",32.957884,-87.432613,"WGS84",20.1,132.0,0.1,"2014-08-13","2014-08-27","TALL.2014.35",14,"Y","TALL_004.N.20140827","Ok","Ok","Ok","NEON.DOC.014050vE","ayFQEk40m3GE+0LGYr8eRjbpE3AVNxYl",
