uid,namedLocation,domainID,siteID,plotID,setDate,collectDate,identifiedDate,individualID,taxonID,kingdom,phylum,class,order,family,subfamily,tribe,genus,subgenus,specificEpithet,infraspecificEpithet,scientificName,scientificNameAuthorship,taxonRank,identificationQualifier,sex,morphospeciesID,identificationReferences,identifiedBy,laboratoryName,identificationRemarks,sampleCondition,dnaBarcoded,geneticSampleID,remarks
"c55ff7b6-165c-4536-ac53-199389021f71","MOAB_008.basePlot.bet","D13","MOAB",,"2015-05-28","2015-06-11","2017-01-15","NEON.BET.D13.500001","SELPLA","Animalia","Arthropoda","Insecta","Coleoptera","Carabidae","Harpalinae","Harpalini","Selenophorus","Selenophorus","planipennis",,"Selenophorus planipennis","LeConte","species",,"F",,"Lindroth, C. H. 1969. The ground-beetles (Carabidae, excl. Cicindelinae) of Canada and Alaska, parts 1-6. Opuscula E. Entomoligiska Sallskapet.","Kipling Will","Essig Museum of Entomology",,"No known compromise","N",,
"b5c0e3eb-cf15-40ed-9283-d5ecce5821a5","MOAB_008.basePlot.bet","D13","MOAB",,"2015-05-28","2015-06-11","2017-01-15","NEON.BET.D13.500004","SELPLA","Animalia","Arthropoda","Insecta","Coleoptera","Carabidae","Harpalinae","Harpalini","Selenophorus","Selenophorus","planipennis",,"Selenophorus planipennis","LeConte","species",,"M",,"Lindroth, C. H. 1969. The ground-beetles (Carabidae, excl. Cicindelinae) of Canada and Alaska, parts 1-6. Opuscula E. Entomoligiska Sallskapet.","Kipling Will","Essig Museum of Entomology",,"No known compromise","N",,
"7338de90-9e6a-435d-a672-a68fe2ea7e46","MOAB_008.basePlot.bet","D13","MOAB",,"2015-05-28","2015-06-11","2017-01-15","NEON.BET.D13.500002","SELPLA","Animalia","Arthropoda","Insecta","Coleoptera","Carabidae","Harpalinae","Harpalini","Selenophorus","Selenophorus","planipennis",,"Selenophorus planipennis","LeConte","species",,"F",,"Lindroth, C. H. 1969. The ground-beetles (Carabidae, excl. Cicindelinae) of Canada and Alaska, parts 1-6. Opuscula E. Entomoligiska Sallskapet.","Kipling Will","Essig Museum of Entomology",,"No known compromise","N",,
"3808dd40-b2ba-4783-abff-5f6bc6025f7c","MOAB_003.basePlot.bet","D13","MOAB","MOAB_003","2015-05-28","2015-06-11","2017-01-15","NEON.BET.D13.500000","CYMARI","Animalia","Arthropoda","Insecta","Coleoptera","Carabidae","Harpalinae","Lebiini","Cymindis","Cymindis","arizonensis",,"Cymindis arizonensis","Schaeffer","species",,"F",,"Lindroth, C. H. 1969. The ground-beetles (Carabidae, excl. Cicindelinae) of Canada and Alaska, parts 1-6. Opuscula E. Entomoligiska Sallskapet.","Kipling Will","Essig Museum of Entomology",,"No known compromise","N",,
"09293c7c-662c-4cb1-9fbb-2a6d372c43a1","MOAB_008.basePlot.bet","D13","MOAB",,"2015-05-28","2015-06-11","2017-01-15","NEON.BET.D13.500003","SELPLA","Animalia","Arthropoda","Insecta","Coleoptera","Carabidae","Harpalinae","Harpalini","Selenophorus","Selenophorus","planipennis",,"Selenophorus planipennis","LeConte","species",,"M",,"Lindroth, C. H. 1969. The ground-beetles (Carabidae, excl. Cicindelinae) of Canada and Alaska, parts 1-6. Opuscula E. Entomoligiska Sallskapet.","Kipling Will","Essig Museum of Entomology",,"No known compromise","N",,
"cc6377c3-3634-45d7-962e-dc0f738879c5","MOAB_002.basePlot.bet","D13","MOAB","MOAB_002","2015-05-28","2015-06-25","2017-01-15","NEON.BET.D13.500017","SELPLA","Animalia","Arthropoda","Insecta","Coleoptera","Carabidae","Harpalinae","Harpalini","Selenophorus","Selenophorus","planipennis",,"Selenophorus planipennis","LeConte","species",,"F",,"Lindroth, C. H. 1969. The ground-beetles (Carabidae, excl. Cicindelinae) of Canada and Alaska, parts 1-6. Opuscula E. Entomoligiska Sallskapet.","Kipling Will","Essig Museum of Entomology",,"No known compromise","N",,
"ab3f43a5-ba1c-46c5-955c-d62cb42bbe54","MOAB_006.basePlot.bet","D13","MOAB","MOAB_006","2015-05-28","2015-06-25","2017-01-15","NEON.BET.D13.500023","SELPLA","Animalia","Arthropoda","Insecta","Coleoptera","Carabidae","Harpalinae","Harpalini","Selenophorus","Selenophorus","planipennis",,"Selenophorus planipennis","LeConte","species",,"F",,"Lindroth, C. H. 1969. The ground-beetles (Carabidae, excl. Cicindelinae) of Canada and Alaska, parts 1-6. Opuscula E. Entomoligiska Sallskapet.","Kipling Will","Essig Museum of Entomology",,"No known compromise","N",,
"3a3f96cd-cf5a-4740-946c-d42865a8f949","MOAB_006.basePlot.bet","D13","MOAB","MOAB_006","2015-05-28","2015-06-25","2017-01-15","NEON.BET.D13.500024","SELPLA","Animalia","Arthropoda","Insecta","Coleoptera","Carabidae","Harpalinae","Harpalini","Selenophorus","Selenophorus","planipennis",,"Selenophorus planipennis","LeConte","species",,"F",,"Lindroth, C. H. 1969. The ground-beetles (Carabidae, excl. Cicindelinae) of Canada and Alaska, parts 1-6. Opuscula E. Entomoligiska Sallskapet.","Kipling Will","Essig Museum of Entomology",,"No known compromise","N",,
"ce56f4f4-da25-456d-86d9-9c299dddd146","MOAB_006.basePlot.bet","D13","MOAB","MOAB_006","2015-05-28","2015-06-25","2017-01-15","NEON.BET.D13.500025","SELPLA","Animalia","Arthropoda","Insecta","Coleoptera","Carabidae","Harpalinae","Harpalini","Selenophorus","Selenophorus","planipennis",,"Selenophorus planipennis","LeConte","species",,"F",,"Lindroth, C. H. 1969. The ground-beetles (Carabidae, excl. Cicindelinae) of Canada and Alaska, parts 1-6. Opuscula E. Entomoligiska Sallskapet.","Kipling Will","Essig Museum of Entomology",,"No known compromise","N",,
"3d047f38-0c21-495e-8454-aeb7a6c623e8","MOAB_005.basePlot.bet","D13","MOAB","MOAB_005","2015-05-28","2015-06-25","2017-01-15","NEON.BET.D13.500021","AMASP11","Animalia","Arthropoda","Insecta","Coleoptera","Carabidae","Harpalinae","Zabrini","Amara",,"sp.",,"Amara sp.","Bonelli","genus",,"F","TKW.2017.MorphD",,"Kipling Will","Essig Museum of Entomology",,"No known compromise","N",,
"a9ff18fd-535b-48c5-b09d-1b530d448d40","MOAB_006.basePlot.bet","D13","MOAB","MOAB_006","2015-05-28","2015-06-25","2017-01-15","NEON.BET.D13.500022","SELPLA","Animalia","Arthropoda","Insecta","Coleoptera","Carabidae","Harpalinae","Harpalini","Selenophorus","Selenophorus","planipennis",,"Selenophorus planipennis","LeConte","species",,"F",,"Lindroth, C. H. 1969. The ground-beetles (Carabidae, excl. Cicindelinae) of Canada and Alaska, parts 1-6. Opuscula E. Entomoligiska Sallskapet.","Kipling Will","Essig Museum of Entomology",,"No known compromise","N",,
"eb1449dc-79e7-49c5-840a-01e777a08f21","MOAB_010.basePlot.bet","D13","MOAB","MOAB_010","2015-05-28","2015-06-25","2017-01-15","NEON.BET.D13.500019","EURGRO","Animalia","Arthropoda","Insecta","Coleoptera","Carabidae","Harpalinae","Harpalini","Euryderus",,"grossus",,"Euryderus grossus","Say","species",,"U",,"Lindroth, C. H. 1969. The ground-beetles (Carabidae, excl. Cicindelinae) of Canada and Alaska, parts 1-6. Opuscula E. Entomoligiska Sallskapet.","Kipling Will","Essig Museum of Entomology",,"No known compromise","N",,
"9265a7f2-dd79-45b3-b7f3-af8cfd343172","MOAB_010.basePlot.bet","D13","MOAB","MOAB_010","2015-05-28","2015-06-25","2017-01-15","NEON.BET.D13.500020","SELPLA","Animalia","Arthropoda","Insecta","Coleoptera","Carabidae","Harpalinae","Harpalini","Selenophorus","Selenophorus","planipennis",,"Selenophorus planipennis","LeConte","species",,"M",,"Lindroth, C. H. 1969. The ground-beetles (Carabidae, excl. Cicindelinae) of Canada and Alaska, parts 1-6. Opuscula E. Entomoligiska Sallskapet.","Kipling Will","Essig Museum of Entomology",,"No known compromise","N",,
"78c6bec9-3f1a-4d7e-b12c-f6bae72707d4","MOAB_002.basePlot.bet","D13","MOAB","MOAB_002","2015-05-28","2015-06-25","2017-01-15","NEON.BET.D13.500016","SELPLA","Animalia","Arthropoda","Insecta","Coleoptera","Carabidae","Harpalinae","Harpalini","Selenophorus","Selenophorus","planipennis",,"Selenophorus planipennis","LeConte","species",,"F",,"Lindroth, C. H. 1969. The ground-beetles (Carabidae, excl. Cicindelinae) of Canada and Alaska, parts 1-6. Opuscula E. Entomoligiska Sallskapet.","Kipling Will","Essig Museum of Entomology",,"No known compromise","N",,
"36c34fe3-30c9-4d38-ab5d-a608da028c1d","MOAB_002.basePlot.bet","D13","MOAB","MOAB_002","2015-05-28","2015-06-25","2017-01-15","NEON.BET.D13.500018","EURGRO","Animalia","Arthropoda","Insecta","Coleoptera","Carabidae","Harpalinae","Harpalini","Euryderus",,"grossus",,"Euryderus grossus","Say","species",,"U",,"Lindroth, C. H. 1969. The ground-beetles (Carabidae, excl. Cicindelinae) of Canada and Alaska, parts 1-6. Opuscula E. Entomoligiska Sallskapet.","Kipling Will","Essig Museum of Entomology",,"No known compromise","N",,
"9dce3472-c39c-4bca-a0b3-d883ab689222","MOAB_008.basePlot.bet","D13","MOAB",,"2015-06-11","2015-06-25","2017-01-15","NEON.BET.D13.500006","SELPLA","Animalia","Arthropoda","Insecta","Coleoptera","Carabidae","Harpalinae","Harpalini","Selenophorus","Selenophorus","planipennis",,"Selenophorus planipennis","LeConte","species",,"M",,"Lindroth, C. H. 1969. The ground-beetles (Carabidae, excl. Cicindelinae) of Canada and Alaska, parts 1-6. Opuscula E. Entomoligiska Sallskapet.","Kipling Will","Essig Museum of Entomology",,"No known compromise","N",,
"a87f3a75-f222-4b67-89f7-873eafc78350","MOAB_008.basePlot.bet","D13","MOAB",,"2015-06-11","2015-06-25","2017-01-15","NEON.BET.D13.500014","SELPLA","Animalia","Arthropoda","Insecta","Coleoptera","Carabidae","Harpalinae","Harpalini","Selenophorus","Selenophorus","planipennis",,"Selenophorus planipennis","LeConte","species",,"M",,"Lindroth, C. H. 1969. The ground-beetles (Carabidae, excl. Cicindelinae) of Canada and Alaska, parts 1-6. Opuscula E. Entomoligiska Sallskapet.","Kipling Will","Essig Museum of Entomology",,"No known compromise","N",,
"25932624-1476-494f-8446-a114209aa3d3","MOAB_008.basePlot.bet","D13","MOAB",,"2015-06-11","2015-06-25","2017-01-15","NEON.BET.D13.500009","SELPLA","Animalia","Arthropoda","Insecta","Coleoptera","Carabidae","Harpalinae","Harpalini","Selenophorus","Selenophorus","planipennis",,"Selenophorus planipennis","LeConte","species",,"M",,"Lindroth, C. H. 1969. The ground-beetles (Carabidae, excl. Cicindelinae) of Canada and Alaska, parts 1-6. Opuscula E. Entomoligiska Sallskapet.","Kipling Will","Essig Museum of Entomology",,"No known compromise","N",,
"cec5833c-bab4-484a-b3d4-3f613ea46463","MOAB_008.basePlot.bet","D13","MOAB",,"2015-06-11","2015-06-25","2017-01-15","NEON.BET.D13.500008","SELPLA","Animalia","Arthropoda","Insecta","Coleoptera","Carabidae","Harpalinae","Harpalini","Selenophorus","Selenophorus","planipennis",,"Selenophorus planipennis","LeConte","species",,"M",,"Lindroth, C. H. 1969. The ground-beetles (Carabidae, excl. Cicindelinae) of Canada and Alaska, parts 1-6. Opuscula E. Entomoligiska Sallskapet.","Kipling Will","Essig Museum of Entomology",,"No known compromise","N",,
"64fdb19a-7e61-4457-8451-7a2a0d81fef8","MOAB_008.basePlot.bet","D13","MOAB",,"2015-06-11","2015-06-25","2017-01-15","NEON.BET.D13.500010","SELPLA","Animalia","Arthropoda","Insecta","Coleoptera","Carabidae","Harpalinae","Harpalini","Selenophorus","Selenophorus","planipennis",,"Selenophorus planipennis","LeConte","species",,"F",,"Lindroth, C. H. 1969. The ground-beetles (Carabidae, excl. Cicindelinae) of Canada and Alaska, parts 1-6. Opuscula E. Entomoligiska Sallskapet.","Kipling Will","Essig Museum of Entomology",,"No known compromise","N",,
"307b7b54-71d1-4aef-9d4e-29947334d26d","MOAB_008.basePlot.bet","D13","MOAB",,"2015-06-11","2015-06-25","2017-01-15","NEON.BET.D13.500013","SELPLA","Animalia","Arthropoda","Insecta","Coleoptera","Carabidae","Harpalinae","Harpalini","Selenophorus","Selenophorus","planipennis",,"Selenophorus planipennis","LeConte","species",,"F",,"Lindroth, C. H. 1969. The ground-beetles (Carabidae, excl. Cicindelinae) of Canada and Alaska, parts 1-6. Opuscula E. Entomoligiska Sallskapet.","Kipling Will","Essig Museum of Entomology",,"No known compromise","N",,
"cf134bfc-3ad0-404d-bc1e-f35b4e524aba","MOAB_008.basePlot.bet","D13","MOAB",,"2015-06-11","2015-06-25","2017-01-15","NEON.BET.D13.500015","SELPLA","Animalia","Arthropoda","Insecta","Coleoptera","Carabidae","Harpalinae","Harpalini","Selenophorus","Selenophorus","planipennis",,"Selenophorus planipennis","LeConte","species",,"F",,"Lindroth, C. H. 1969. The ground-beetles (Carabidae, excl. Cicindelinae) of Canada and Alaska, parts 1-6. Opuscula E. Entomoligiska Sallskapet.","Kipling Will","Essig Museum of Entomology",,"No known compromise","N",,
"1129ad3a-d40d-4797-9016-bbc39f55d607","MOAB_008.basePlot.bet","D13","MOAB",,"2015-06-11","2015-06-25","2017-01-15","NEON.BET.D13.500007","SELPLA","Animalia","Arthropoda","Insecta","Coleoptera","Carabidae","Harpalinae","Harpalini","Selenophorus","Selenophorus","planipennis",,"Selenophorus planipennis","LeConte","species",,"M",,"Lindroth, C. H. 1969. The ground-beetles (Carabidae, excl. Cicindelinae) of Canada and Alaska, parts 1-6. Opuscula E. Entomoligiska Sallskapet.","Kipling Will","Essig Museum of Entomology",,"No known compromise","N",,
"5c3f7676-7e73-4dcf-b4b6-8b06610349f7","MOAB_008.basePlot.bet","D13","MOAB",,"2015-06-11","2015-06-25","2017-01-15","NEON.BET.D13.500011","SELPLA","Animalia","Arthropoda","Insecta","Coleoptera","Carabidae","Harpalinae","Harpalini","Selenophorus","Selenophorus","planipennis",,"Selenophorus planipennis","LeConte","species",,"M",,"Lindroth, C. H. 1969. The ground-beetles (Carabidae, excl. Cicindelinae) of Canada and Alaska, parts 1-6. Opuscula E. Entomoligiska Sallskapet.","Kipling Will","Essig Museum of Entomology",,"No known compromise","N",,
"e6d2f115-7427-4425-8fa5-347ccd17ddae","MOAB_008.basePlot.bet","D13","MOAB",,"2015-06-11","2015-06-25","2017-01-15","NEON.BET.D13.500005","SELPLA","Animalia","Arthropoda","Insecta","Coleoptera","Carabidae","Harpalinae","Harpalini","Selenophorus","Selenophorus","planipennis",,"Selenophorus planipennis","LeConte","species",,"M",,"Lindroth, C. H. 1969. The ground-beetles (Carabidae, excl. Cicindelinae) of Canada and Alaska, parts 1-6. Opuscula E. Entomoligiska Sallskapet.","Kipling Will","Essig Museum of Entomology",,"No known compromise","N",,
"69fa7d4c-f4a2-4529-be56-222c65fa4016","MOAB_008.basePlot.bet","D13","MOAB",,"2015-06-11","2015-06-25","2017-01-15","NEON.BET.D13.500012","SELPLA","Animalia","Arthropoda","Insecta","Coleoptera","Carabidae","Harpalinae","Harpalini","Selenophorus","Selenophorus","planipennis",,"Selenophorus planipennis","LeConte","species",,"F",,"Lindroth, C. H. 1969. The ground-beetles (Carabidae, excl. Cicindelinae) of Canada and Alaska, parts 1-6. Opuscula E. Entomoligiska Sallskapet.","Kipling Will","Essig Museum of Entomology",,"No known compromise","N",,
