uid,namedLocation,domainID,siteID,plotID,trapID,setDate,collectDate,processingDate,etOHChangeDate,identifiedDate,sampleID,subsampleID,sampleType,taxonID,scientificName,taxonRank,identificationQualifier,scientificNameAuthorship,morphospeciesID,individualCount,identificationReferences,identifiedBy,recordedBy,remarks
"b3d563ff-4c8f-4b1b-b9ec-0e48524cb944","JORN_009.basePlot.bet","D14","JORN","JORN_009","E","2016-06-28","2016-07-12","2016-07-13","2016-08-12","2016-07-13","JORN_009.E.20160712","y6i9xP3scmPQRDs/UeSWWuQ3h+sIho/YHgh/5MJGETw=","vert bycatch herp","UTASTA","Uta stansburiana","species","cf. species","Baird and Girard",,1,"Brennan, T. C. and A. T. Holycross. 2006. A Field Guide to Amphibians and Reptiles in Arizona. Arizona Game and Fish Department.","a0DIygQs4rguY6Ey57+V6npgK+c4E00t","jsTjq759p0sW6l4HEM4a2vh3YQ8Sowis",
"b65327a2-853c-4594-bd85-9e00023a4a5e","JORN_004.basePlot.bet","D14","JORN","JORN_004","E","2016-06-28","2016-07-12","2016-07-13","2016-08-10",,"JORN_004.E.20160712","uZCwT0U74cdHMZsfr/PS9qkP3vxyUGZaa9X67CprPEs=","invert bycatch",,,,,,,,,,"1jPgPLJsI1yDGXXXpUXDbv0ukXnnNL8m",
"00c6c349-866f-4687-ad0b-5552f9355761","JORN_005.basePlot.bet","D14","JORN","JORN_005","W","2016-06-28","2016-07-12","2016-07-13","2016-08-11",,"JORN_005.W.20160712","aOplpjduR3Q2BPxM3lidqeltSuCALW1Qx2GGQ6wx09s=","invert bycatch",,,,,,,,,,"1jPgPLJsI1yDGXXXpUXDbv0ukXnnNL8m",
"406c8e68-b222-4706-be3e-491ff3a3315a","JORN_006.basePlot.bet","D14","JORN","JORN_006","W","2016-06-28","2016-07-12","2016-07-13","2016-08-11",,"JORN_006.W.20160712","Z5DETg5NA9CIGa6hAuBEUpzZjgSWB1rs6Lqw2qOy9Ak=","invert bycatch",,,,,,,,,,"1jPgPLJsI1yDGXXXpUXDbv0ukXnnNL8m",
"de7a7e97-2126-45b9-a596-9e2550fbf2bc","JORN_004.basePlot.bet","D14","JORN","JORN_004","W","2016-06-28","2016-07-12","2016-07-13","2016-08-10",,"JORN_004.W.20160712","uZCwT0U74ccUaUReTrrSgvW82Vv0vZuQnXjEjSSL6zY=","invert bycatch",,,,,,,,,,"1jPgPLJsI1yDGXXXpUXDbv0ukXnnNL8m",
"fcaa3a41-c34d-4598-8039-e3efa507dbb6","JORN_009.basePlot.bet","D14","JORN","JORN_009","W","2016-06-28","2016-07-12","2016-07-13","2016-08-12",,"JORN_009.W.20160712","y6i9xP3scmPm546VRwHs7nUZPYPnvvc03XGVuFqf0Uc=","invert bycatch",,,,,,,,,,"jsTjq759p0sW6l4HEM4a2vh3YQ8Sowis",
"ab1a8a37-7249-4ec5-8f7b-af63df8a3490","JORN_010.basePlot.bet","D14","JORN","JORN_010","W","2016-06-28","2016-07-12","2016-07-13","2016-08-12",,"JORN_010.W.20160712","7i+fBpY+jSAqiCFOlRD0mJ6bnb+qDgSC2Y51Geb5Csg=","invert bycatch",,,,,,,,,,"jsTjq759p0sW6l4HEM4a2vh3YQ8Sowis",
"68908462-401d-47c2-92c5-26aa9e97d47a","JORN_001.basePlot.bet","D14","JORN","JORN_001","W","2016-06-28","2016-07-12","2016-07-13","2016-08-09",,"JORN_001.W.20160712","3v6e8eJloSqD/jvVAhvW95QmB8iw8jw6EBpJf8bgTtk=","invert bycatch",,,,,,,,,,"1jPgPLJsI1yDGXXXpUXDbv0ukXnnNL8m",
"57eeca10-5bad-4f95-9133-c2f29e3a69a4","JORN_008.basePlot.bet","D14","JORN","JORN_008","W","2016-06-28","2016-07-12","2016-07-13","2016-08-12",,"JORN_008.W.20160712","eTKs083kZ6HBHPo33pjJ+NWW3kxQMeCoq0dCJ68aS9w=","invert bycatch",,,,,,,,,,"jsTjq759p0sW6l4HEM4a2vh3YQ8Sowis",
"342e2b03-00ea-4a9e-bd0b-2eb9f7400625","JORN_003.basePlot.bet","D14","JORN","JORN_003","W","2016-06-28","2016-07-12","2016-07-13","2016-08-09",,"JORN_003.W.20160712","vMYzv3M3ch1xzM41qq1XZmBZXNu9QjtiGjpckbZs5PU=","invert bycatch",,,,,,,,,,"1jPgPLJsI1yDGXXXpUXDbv0ukXnnNL8m",
"5a6f3049-93a1-4a8f-a42b-0d35b128c89b","JORN_007.basePlot.bet","D14","JORN","JORN_007","W","2016-06-28","2016-07-12","2016-07-13","2016-08-12",,"JORN_007.W.20160712","VAvCuiXwPEQIRjB4XzboosX+GB14b91lQwQ5bWYUwfc=","invert bycatch",,,,,,,,,,"jsTjq759p0sW6l4HEM4a2vh3YQ8Sowis",
"132bf6b8-b923-448d-9929-6e534f973acc","JORN_002.basePlot.bet","D14","JORN","JORN_002","W","2016-06-28","2016-07-12","2016-07-13","2016-08-09",,"JORN_002.W.20160712","2j1n+GhCoGaIhFgFb3OfWbiyX36oGbwLWIKeW2ixKQo=","invert bycatch",,,,,,,,,,"zN0aj0xTw7AIaNa9aVKX3zK98kS5EuZCt81qbW+nFv0=",
"acc3a2ba-a4ab-4943-b805-4abb199f9a0f","JORN_009.basePlot.bet","D14","JORN","JORN_009","E","2016-06-28","2016-07-12","2016-07-13","2016-08-12",,"JORN_009.E.20160712","y6i9xP3scmPQRDs/UeSWWoAVrKt/uP/KEBR8IfvvPkg=","invert bycatch",,,,,,,,,,"jsTjq759p0sW6l4HEM4a2vh3YQ8Sowis",
"f769384b-30d8-457c-8484-3d15f4d289d9","JORN_005.basePlot.bet","D14","JORN","JORN_005","E","2016-06-28","2016-07-12","2016-07-13","2016-08-10",,"JORN_005.E.20160712","aOplpjduR3QxvHoW+XPwU4XbfK0r4AOZdhu3Hix/jjI=","invert bycatch",,,,,,,,,,"1jPgPLJsI1yDGXXXpUXDbv0ukXnnNL8m",
"0e63efe5-92d4-4533-ae8e-da5356bb42ba","JORN_001.basePlot.bet","D14","JORN","JORN_001","E","2016-06-28","2016-07-12","2016-07-13","2016-08-09",,"JORN_001.E.20160712","3v6e8eJloSrHHRsH7ywqHhGhiIyagW8QnToFs0Tw0Jg=","invert bycatch",,,,,,,,,,"1jPgPLJsI1yDGXXXpUXDbv0ukXnnNL8m",
"30e3a00d-931c-4eb6-b770-00e88abc3078","JORN_007.basePlot.bet","D14","JORN","JORN_007","E","2016-06-28","2016-07-12","2016-07-13","2016-08-12",,"JORN_007.E.20160712","VAvCuiXwPEQZzF6o/NgtPmq5uyZIKNDy0Jg17OyJdGs=","invert bycatch",,,,,,,,,,"jsTjq759p0sW6l4HEM4a2vh3YQ8Sowis",
"b0b4a43a-7cb2-44bc-b9b0-914db8bdc4d3","JORN_010.basePlot.bet","D14","JORN","JORN_010","E","2016-06-28","2016-07-12","2016-07-13","2016-08-12",,"JORN_010.E.20160712","7i+fBpY+jSB7fKA72O9mp7sxeXyU/W32tpXYSSOtb6w=","invert bycatch",,,,,,,,,,"jsTjq759p0sW6l4HEM4a2vh3YQ8Sowis",
"97a53aed-0971-44fd-93d7-07ec1d1aaee1","JORN_002.basePlot.bet","D14","JORN","JORN_002","E","2016-06-28","2016-07-12","2016-07-13","2016-08-09",,"JORN_002.E.20160712","2j1n+GhCoGbawFnVynqEGbRIEpPOVpeMmri/mCLVYS4=","invert bycatch",,,,,,,,,,"zN0aj0xTw7AIaNa9aVKX3zK98kS5EuZCt81qbW+nFv0=",
"867bf6cb-f5fe-409a-8636-ecc73b927a14","JORN_003.basePlot.bet","D14","JORN","JORN_003","E","2016-06-28","2016-07-12","2016-07-13","2016-08-12",,"JORN_003.E.20160712","vMYzv3M3ch3e5f2hBb00v0x2Z9tMmcJIJrr5EBl+c2Y=","invert bycatch",,,,,,,,,,"zN0aj0xTw7AIaNa9aVKX3zK98kS5EuZCt81qbW+nFv0=",
"4a98054a-5866-4d6e-9c11-2a7600f236be","JORN_008.basePlot.bet","D14","JORN","JORN_008","E","2016-06-28","2016-07-12","2016-07-13","2016-08-12",,"JORN_008.E.20160712","eTKs083kZ6Fwn9JWKzkhLW90D3QopDjLEi/LEzOjWzs=","invert bycatch",,,,,,,,,,"jsTjq759p0sW6l4HEM4a2vh3YQ8Sowis",
"6d308cdc-36f8-4027-a43a-85c3e8be9489","JORN_010.basePlot.bet","D14","JORN","JORN_010","N","2016-06-28","2016-07-12","2016-07-13","2016-08-12",,"JORN_010.N.20160712","7i+fBpY+jSCboDD4u/gXmYEmV9U46OpaM9hA3Tc/qPM=","invert bycatch",,,,,,,,,,"jsTjq759p0sW6l4HEM4a2vh3YQ8Sowis",
"41985d80-bd1e-4972-844e-a18b7c11d7fc","JORN_002.basePlot.bet","D14","JORN","JORN_002","N","2016-06-28","2016-07-12","2016-07-13","2016-08-09",,"JORN_002.N.20160712","2j1n+GhCoGanaGy8m7+E9P8s061u946i0fZKZ+2YJpM=","invert bycatch",,,,,,,,,,"zN0aj0xTw7AIaNa9aVKX3zK98kS5EuZCt81qbW+nFv0=",
"e69be8e1-f5c3-43b2-b32e-1fba9211e0ec","JORN_003.basePlot.bet","D14","JORN","JORN_003","N","2016-06-28","2016-07-12","2016-07-13","2016-08-12",,"JORN_003.N.20160712","vMYzv3M3ch2W0oKmiEyz9fUsvu99B7pbYIaATbIwAmw=","invert bycatch",,,,,,,,,,"zN0aj0xTw7AIaNa9aVKX3zK98kS5EuZCt81qbW+nFv0=",
"d64f0111-f6a7-47b5-a21f-942ae6f450de","JORN_008.basePlot.bet","D14","JORN","JORN_008","N","2016-06-28","2016-07-12","2016-07-13","2016-08-12",,"JORN_008.N.20160712","eTKs083kZ6G+ivr1TML6EX2AhLwzB6TOsWYfEBEg8NE=","invert bycatch",,,,,,,,,,"jsTjq759p0sW6l4HEM4a2vh3YQ8Sowis",
"3c1b8e83-b728-4c90-a6fd-49261a23519c","JORN_009.basePlot.bet","D14","JORN","JORN_009","N","2016-06-28","2016-07-12","2016-07-13","2016-08-12","2016-07-13","JORN_009.N.20160712","y6i9xP3scmOKxYIMqmrCw9Qk0QNG89xG7nNDmJ7uQNE=","vert bycatch herp","UTASTA","Uta stansburiana","species","cf. species","Baird and Girard",,1,"Brennan, T. C. and A. T. Holycross. 2006. A Field Guide to Amphibians and Reptiles in Arizona. Arizona Game and Fish Department.","a0DIygQs4rguY6Ey57+V6npgK+c4E00t","jsTjq759p0sW6l4HEM4a2vh3YQ8Sowis",
"f6639f13-37de-4ae9-ba97-600a79424b9d","JORN_004.basePlot.bet","D14","JORN","JORN_004","N","2016-06-28","2016-07-12","2016-07-13","2016-08-10",,"JORN_004.N.20160712","uZCwT0U74cfV0+CxJfOCgU9iBBjAo+0tukyWgg7nbd0=","invert bycatch",,,,,,,,,,"1jPgPLJsI1yDGXXXpUXDbv0ukXnnNL8m",
"eaeae554-2739-4eb9-8445-a4ea7cccb2b7","JORN_009.basePlot.bet","D14","JORN","JORN_009","N","2016-06-28","2016-07-12","2016-07-13","2016-08-12",,"JORN_009.N.20160712","y6i9xP3scmOKxYIMqmrCw72KFE6RNkk9rzaslWItfK8=","invert bycatch",,,,,,,,,,"jsTjq759p0sW6l4HEM4a2vh3YQ8Sowis",
"e4b956ea-f3aa-4752-9b33-03e5fd3776c4","JORN_005.basePlot.bet","D14","JORN","JORN_005","N","2016-06-28","2016-07-12","2016-07-13","2016-08-10",,"JORN_005.N.20160712","aOplpjduR3TvjxKYibLJty73MieGkxvcSqrc0rvoZs0=","invert bycatch",,,,,,,,,,"1jPgPLJsI1yDGXXXpUXDbv0ukXnnNL8m",
"9cadaea7-54db-46f2-95d5-3652c0598508","JORN_006.basePlot.bet","D14","JORN","JORN_006","N","2016-06-28","2016-07-12","2016-07-13","2016-08-11",,"JORN_006.N.20160712","Z5DETg5NA9DyS/S3B2coLhkZp+8YbQ+HWfjjGM/RoeQ=","invert bycatch",,,,,,,,,,"1jPgPLJsI1yDGXXXpUXDbv0ukXnnNL8m",
"a01ff1ee-295e-46eb-9f6e-9d8132ce12c6","JORN_001.basePlot.bet","D14","JORN","JORN_001","N","2016-06-28","2016-07-12","2016-07-13","2016-08-09",,"JORN_001.N.20160712","3v6e8eJloSqpXM++CAaDmC8FcTUMY5L3lppme+3a+jM=","invert bycatch",,,,,,,,,,"1jPgPLJsI1yDGXXXpUXDbv0ukXnnNL8m",
"1fb8cc87-5196-46f4-8973-549ce75de287","JORN_007.basePlot.bet","D14","JORN","JORN_007","N","2016-06-28","2016-07-12","2016-07-13","2016-08-12",,"JORN_007.N.20160712","VAvCuiXwPEQrkiTjdyBmwOp0v4ueEfdpot+m0TgQfE4=","invert bycatch",,,,,,,,,,"jsTjq759p0sW6l4HEM4a2vh3YQ8Sowis",
"3d96d4b2-289a-4342-9aa0-d4d3cc88dc80","JORN_004.basePlot.bet","D14","JORN","JORN_004","S","2016-06-28","2016-07-12","2016-07-13","2016-08-10",,"JORN_004.S.20160712","uZCwT0U74cf8DDfIT8ELtMcnJ8/j842JgA7Lc29JxGU=","invert bycatch",,,,,,,,,,"1jPgPLJsI1yDGXXXpUXDbv0ukXnnNL8m",
"e72b22f1-60a9-46ec-a228-a3ed5ace7a43","JORN_001.basePlot.bet","D14","JORN","JORN_001","S","2016-06-28","2016-07-12","2016-07-13","2016-08-09",,"JORN_001.S.20160712","3v6e8eJloSrGFhCEiTSFDEX/S88lxZ310f8t08YidoU=","invert bycatch",,,,,,,,,,"1jPgPLJsI1yDGXXXpUXDbv0ukXnnNL8m",
"72e5f7ea-5ff9-47b9-a378-15b44c229f13","JORN_005.basePlot.bet","D14","JORN","JORN_005","S","2016-06-28","2016-07-12","2016-07-13","2016-08-11",,"JORN_005.S.20160712","aOplpjduR3RdoDX/2RMUxSZXEl/TrI9j6h4CpGc1mSU=","invert bycatch",,,,,,,,,,"1jPgPLJsI1yDGXXXpUXDbv0ukXnnNL8m",
"3a22e0cc-0dd2-4ccd-bea0-6c143187b019","JORN_007.basePlot.bet","D14","JORN","JORN_007","S","2016-06-28","2016-07-12","2016-07-13","2016-08-12",,"JORN_007.S.20160712","VAvCuiXwPERe7Hc1v0xQUVENRvbGh5S6/FcXi2uvO64=","invert bycatch",,,,,,,,,,"jsTjq759p0sW6l4HEM4a2vh3YQ8Sowis",
"3ee857d5-d3e9-4de4-9ea6-e77ce727256b","JORN_010.basePlot.bet","D14","JORN","JORN_010","S","2016-06-28","2016-07-12","2016-07-13","2016-08-12",,"JORN_010.S.20160712","7i+fBpY+jSBkj4BV3w9ZM+E/YKlapiWMop1LVCO+Auw=","invert bycatch",,,,,,,,,,"jsTjq759p0sW6l4HEM4a2vh3YQ8Sowis",
"fa528051-74e3-423d-9294-c7361ab25840","JORN_008.basePlot.bet","D14","JORN","JORN_008","S","2016-06-28","2016-07-12","2016-07-13","2016-08-12",,"JORN_008.S.20160712","eTKs083kZ6HmfwqTG/mRvrxFLr4B1DyeBw0V8UZqzYc=","invert bycatch",,,,,,,,,,"jsTjq759p0sW6l4HEM4a2vh3YQ8Sowis",
"d0204e21-08a3-494a-b22e-1a6d1154951f","JORN_002.basePlot.bet","D14","JORN","JORN_002","S","2016-06-28","2016-07-12","2016-07-13","2016-08-09",,"JORN_002.S.20160712","2j1n+GhCoGaJsZRgxTsMk6yD0R9prp4EoAtHM8v8zYQ=","invert bycatch",,,,,,,,,,"zN0aj0xTw7AIaNa9aVKX3zK98kS5EuZCt81qbW+nFv0=",
"ba473872-0367-4058-a555-2910e56cedb4","JORN_009.basePlot.bet","D14","JORN","JORN_009","S","2016-06-28","2016-07-12","2016-07-13","2016-08-12",,"JORN_009.S.20160712","y6i9xP3scmM/lV5QbHdXzPCVrbMt/On7K2yOzt0+prc=","invert bycatch",,,,,,,,,,"jsTjq759p0sW6l4HEM4a2vh3YQ8Sowis",
"8d213b69-0a98-49ac-a8fd-dbdc2ff1447c","JORN_006.basePlot.bet","D14","JORN","JORN_006","S","2016-06-28","2016-07-12","2016-07-13","2016-08-11",,"JORN_006.S.20160712","Z5DETg5NA9BbMYhob9bXP7ARvVu31WGCONNU0KHmg2g=","invert bycatch",,,,,,,,,,"1jPgPLJsI1yDGXXXpUXDbv0ukXnnNL8m",
